date,route,origin,destination,country,city,departure_date,price,currency
2026-10-06,BKK-CAN,BKK,CAN,China,Guangzhou,2026-10-08,10682,THB
2026-10-06,BKK-CAN,BKK,CAN,China,Guangzhou,2026-10-09,8255,THB
2026-10-06,BKK-CAN,BKK,CAN,China,Guangzhou,2026-10-10,8956,THB
2026-10-06,BKK-CAN,BKK,CAN,China,Guangzhou,2026-10-11,8201,THB
2026-10-06,BKK-CAN,BKK,CAN,China,Guangzhou,2026-10-12,8224,THB
2026-10-06,BKK-CAN,BKK,CAN,China,Guangzhou,2026-10-13,7987,THB
2026-10-06,BKK-CAN,BKK,CAN,China,Guangzhou,2026-10-14,7323,THB
2026-10-06,BKK-CAN,BKK,CAN,China,Guangzhou,2026-10-15,8561,THB
2026-10-06,BKK-CAN,BKK,CAN,China,Guangzhou,2026-10-16,8254,THB
2026-10-06,BKK-CAN,BKK,CAN,China,Guangzhou,2026-10-17,7100,THB
2026-10-06,BKK-CAN,BKK,CAN,China,Guangzhou,2026-10-18,7703,THB
2026-10-06,BKK-CAN,BKK,CAN,China,Guangzhou,2026-10-19,7019,THB
2026-10-06,BKK-CAN,BKK,CAN,China,Guangzhou,2026-10-20,6940,THB
2026-10-06,BKK-CAN,BKK,CAN,China,Guangzhou,2026-10-21,7073,THB
2026-10-06,BKK-CAN,BKK,CAN,China,Guangzhou,2026-10-22,6603,THB
2026-10-06,BKK-CAN,BKK,CAN,China,Guangzhou,2026-10-23,6229,THB
2026-10-06,BKK-CAN,BKK,CAN,China,Guangzhou,2026-10-24,6126,THB
2026-09-20,BKK-CAN,BKK,CAN,China,Guangzhou,2026-10-25,5515,THB
2026-10-06,BKK-CAN,BKK,CAN,China,Guangzhou,2026-10-26,5701,THB
2026-10-06,BKK-CAN,BKK,CAN,China,Guangzhou,2026-10-27,5724,THB
2026-10-06,BKK-CAN,BKK,CAN,China,Guangzhou,2026-10-28,5419,THB
2026-10-06,BKK-CAN,BKK,CAN,China,Guangzhou,2026-10-29,7917,THB
2026-10-06,BKK-CAN,BKK,CAN,China,Guangzhou,2026-10-30,6428,THB
2026-10-06,BKK-CAN,BKK,CAN,China,Guangzhou,2026-10-31,8111,THB
2026-10-06,BKK-CAN,BKK,CAN,China,Guangzhou,2026-11-01,5801,THB
2026-10-06,BKK-CAN,BKK,CAN,China,Guangzhou,2026-11-02,5939,THB
2026-09-30,BKK-CAN,BKK,CAN,China,Guangzhou,2026-11-03,6124,THB
2026-10-06,BKK-CAN,BKK,CAN,China,Guangzhou,2026-11-04,5536,THB
2026-10-06,BKK-CAN,BKK,CAN,China,Guangzhou,2026-11-05,5958,THB
2026-10-04,BKK-CAN,BKK,CAN,China,Guangzhou,2026-11-06,6019,THB
2026-10-06,BKK-CAN,BKK,CAN,China,Guangzhou,2026-11-07,6182,THB
2026-10-06,BKK-CAN,BKK,CAN,China,Guangzhou,2026-11-08,6842,THB
2026-10-01,BKK-CAN,BKK,CAN,China,Guangzhou,2026-11-09,8207,THB
2026-09-14,BKK-CAN,BKK,CAN,China,Guangzhou,2026-11-10,6275,THB
2026-10-04,BKK-CAN,BKK,CAN,China,Guangzhou,2026-11-11,6439,THB
2026-10-04,BKK-CAN,BKK,CAN,China,Guangzhou,2026-11-12,6097,THB
2026-10-06,BKK-CAN,BKK,CAN,China,Guangzhou,2026-11-13,5838,THB
2026-09-28,BKK-CAN,BKK,CAN,China,Guangzhou,2026-11-14,7113,THB
2026-10-06,BKK-CAN,BKK,CAN,China,Guangzhou,2026-11-15,5936,THB
2026-10-06,BKK-CAN,BKK,CAN,China,Guangzhou,2026-11-16,6028,THB
2026-10-04,BKK-CAN,BKK,CAN,China,Guangzhou,2026-11-17,6293,THB
2026-10-06,BKK-CAN,BKK,CAN,China,Guangzhou,2026-11-18,5506,THB
2026-10-06,BKK-CAN,BKK,CAN,China,Guangzhou,2026-11-19,5923,THB
2026-09-10,BKK-CAN,BKK,CAN,China,Guangzhou,2026-11-20,6568,THB
2026-10-06,BKK-CAN,BKK,CAN,China,Guangzhou,2026-11-21,6759,THB
2026-10-05,BKK-CAN,BKK,CAN,China,Guangzhou,2026-11-22,6541,THB
2026-10-06,BKK-CAN,BKK,CAN,China,Guangzhou,2026-11-23,5975,THB
2026-10-06,BKK-CAN,BKK,CAN,China,Guangzhou,2026-11-24,6132,THB
2026-09-24,BKK-CAN,BKK,CAN,China,Guangzhou,2026-11-25,6306,THB
2026-09-24,BKK-CAN,BKK,CAN,China,Guangzhou,2026-11-26,6090,THB
2026-09-24,BKK-CAN,BKK,CAN,China,Guangzhou,2026-11-27,6852,THB
2026-10-06,BKK-CAN,BKK,CAN,China,Guangzhou,2026-11-28,6833,THB
2026-09-13,BKK-CAN,BKK,CAN,China,Guangzhou,2026-11-29,7114,THB
2026-10-06,BKK-CAN,BKK,CAN,China,Guangzhou,2026-11-30,6983,THB
2026-09-29,BKK-CAN,BKK,CAN,China,Guangzhou,2026-12-01,6872,THB
2026-10-06,BKK-CAN,BKK,CAN,China,Guangzhou,2026-12-02,6766,THB
2026-09-12,BKK-CAN,BKK,CAN,China,Guangzhou,2026-12-03,7313,THB
2026-10-06,BKK-CAN,BKK,CAN,China,Guangzhou,2026-12-04,7603,THB
2026-09-30,BKK-CAN,BKK,CAN,China,Guangzhou,2026-12-05,6450,THB
2026-10-05,BKK-CAN,BKK,CAN,China,Guangzhou,2026-12-06,6725,THB
2026-09-30,BKK-CAN,BKK,CAN,China,Guangzhou,2026-12-07,6133,THB
2026-09-30,BKK-CAN,BKK,CAN,China,Guangzhou,2026-12-08,6240,THB
2026-09-30,BKK-CAN,BKK,CAN,China,Guangzhou,2026-12-09,6736,THB
2026-09-30,BKK-CAN,BKK,CAN,China,Guangzhou,2026-12-10,6215,THB
2026-09-20,BKK-CAN,BKK,CAN,China,Guangzhou,2026-12-11,7244,THB
2026-10-06,BKK-CAN,BKK,CAN,China,Guangzhou,2026-12-12,7682,THB
2026-09-30,BKK-CAN,BKK,CAN,China,Guangzhou,2026-12-13,7566,THB
2026-10-06,BKK-CAN,BKK,CAN,China,Guangzhou,2026-12-14,7434,THB
2026-10-03,BKK-CAN,BKK,CAN,China,Guangzhou,2026-12-15,7513,THB
2026-09-26,BKK-CAN,BKK,CAN,China,Guangzhou,2026-12-16,7180,THB
2026-09-29,BKK-CAN,BKK,CAN,China,Guangzhou,2026-12-17,7463,THB
2026-09-03,BKK-CAN,BKK,CAN,China,Guangzhou,2026-12-18,7091,THB
2026-09-16,BKK-CAN,BKK,CAN,China,Guangzhou,2026-12-19,7591,THB
2026-10-03,BKK-CAN,BKK,CAN,China,Guangzhou,2026-12-20,7307,THB
2026-10-04,BKK-CAN,BKK,CAN,China,Guangzhou,2026-12-21,8123,THB
2026-09-30,BKK-CAN,BKK,CAN,China,Guangzhou,2026-12-22,8195,THB
2026-10-05,BKK-CAN,BKK,CAN,China,Guangzhou,2026-12-23,6835,THB
2026-10-06,BKK-CAN,BKK,CAN,China,Guangzhou,2026-12-24,6752,THB
2026-10-06,BKK-CAN,BKK,CAN,China,Guangzhou,2026-12-25,7553,THB
2026-10-06,BKK-CAN,BKK,CAN,China,Guangzhou,2026-12-26,7292,THB
2026-09-26,BKK-CAN,BKK,CAN,China,Guangzhou,2026-12-27,8850,THB
2026-10-06,BKK-CAN,BKK,CAN,China,Guangzhou,2026-12-28,8236,THB
2026-10-06,BKK-CAN,BKK,CAN,China,Guangzhou,2026-12-29,6779,THB
2026-10-05,BKK-CAN,BKK,CAN,China,Guangzhou,2026-12-30,7600,THB
2026-10-06,BKK-CAN,BKK,CAN,China,Guangzhou,2026-12-31,6686,THB
2026-10-05,BKK-CAN,BKK,CAN,China,Guangzhou,2027-01-01,6713,THB
2026-10-05,BKK-CAN,BKK,CAN,China,Guangzhou,2027-01-02,6777,THB
2026-09-23,BKK-CAN,BKK,CAN,China,Guangzhou,2027-01-03,7418,THB
2026-10-06,BKK-CAN,BKK,CAN,China,Guangzhou,2027-01-04,7458,THB
2026-10-06,BKK-CAN,BKK,CAN,China,Guangzhou,2027-01-05,6452,THB
2026-10-06,BKK-CAN,BKK,CAN,China,Guangzhou,2027-01-06,5617,THB
2026-10-06,BKK-CAN,BKK,CAN,China,Guangzhou,2027-01-07,6130,THB
2026-10-01,BKK-CAN,BKK,CAN,China,Guangzhou,2027-01-08,6059,THB
2026-10-06,BKK-CAN,BKK,CAN,China,Guangzhou,2027-01-09,6472,THB
2026-10-06,BKK-CAN,BKK,CAN,China,Guangzhou,2027-01-10,6183,THB
2026-10-06,BKK-CAN,BKK,CAN,China,Guangzhou,2027-01-11,6028,THB
2026-10-06,BKK-CAN,BKK,CAN,China,Guangzhou,2027-01-12,6892,THB
2026-09-26,BKK-CAN,BKK,CAN,China,Guangzhou,2027-01-13,6643,THB
2026-10-06,BKK-CAN,BKK,CAN,China,Guangzhou,2027-01-14,6776,THB
2026-10-06,BKK-CAN,BKK,CAN,China,Guangzhou,2027-01-15,6223,THB
2026-09-02,BKK-CAN,BKK,CAN,China,Guangzhou,2027-01-16,6362,THB
2026-10-06,BKK-CAN,BKK,CAN,China,Guangzhou,2027-01-17,6627,THB
2026-10-06,BKK-CAN,BKK,CAN,China,Guangzhou,2027-01-18,6657,THB
2026-07-31,BKK-CAN,BKK,CAN,China,Guangzhou,2027-01-19,7596,THB
2026-10-05,BKK-CAN,BKK,CAN,China,Guangzhou,2027-01-20,6889,THB
2026-09-03,BKK-CAN,BKK,CAN,China,Guangzhou,2027-01-21,6081,THB
2026-09-03,BKK-CAN,BKK,CAN,China,Guangzhou,2027-01-22,6081,THB
2026-09-03,BKK-CAN,BKK,CAN,China,Guangzhou,2027-01-23,6081,THB
2026-09-24,BKK-CAN,BKK,CAN,China,Guangzhou,2027-01-25,8214,THB
2026-10-06,BKK-CAN,BKK,CAN,China,Guangzhou,2027-01-26,6600,THB
2026-10-06,BKK-CAN,BKK,CAN,China,Guangzhou,2027-01-27,6264,THB
2026-09-29,BKK-CAN,BKK,CAN,China,Guangzhou,2027-01-28,6432,THB
2026-09-19,BKK-CAN,BKK,CAN,China,Guangzhou,2027-01-29,6229,THB
2026-10-06,BKK-CAN,BKK,CAN,China,Guangzhou,2027-01-30,8020,THB
2026-10-06,BKK-CAN,BKK,CAN,China,Guangzhou,2027-01-31,8068,THB
2026-10-06,BKK-CAN,BKK,CAN,China,Guangzhou,2027-02-01,6980,THB
2026-10-06,BKK-CAN,BKK,CAN,China,Guangzhou,2027-02-02,10020,THB
2026-10-06,BKK-CAN,BKK,CAN,China,Guangzhou,2027-02-03,7453,THB
2026-10-06,BKK-CAN,BKK,CAN,China,Guangzhou,2027-02-04,9268,THB
2026-10-06,BKK-CAN,BKK,CAN,China,Guangzhou,2027-02-05,10377,THB
2026-10-06,BKK-CAN,BKK,CAN,China,Guangzhou,2027-02-06,6669,THB
2026-09-18,BKK-CAN,BKK,CAN,China,Guangzhou,2027-02-07,7506,THB
2026-10-01,BKK-CAN,BKK,CAN,China,Guangzhou,2027-02-08,7479,THB
2026-09-28,BKK-CAN,BKK,CAN,China,Guangzhou,2027-02-09,9476,THB
2026-09-29,BKK-CAN,BKK,CAN,China,Guangzhou,2027-02-10,10194,THB
2026-10-06,BKK-CAN,BKK,CAN,China,Guangzhou,2027-02-11,9041,THB
2026-10-06,BKK-CAN,BKK,CAN,China,Guangzhou,2027-02-12,11356,THB
2026-10-06,BKK-CAN,BKK,CAN,China,Guangzhou,2027-02-13,9945,THB
2026-10-06,BKK-CAN,BKK,CAN,China,Guangzhou,2027-02-14,10099,THB
2026-09-26,BKK-CAN,BKK,CAN,China,Guangzhou,2027-02-15,9621,THB
2026-09-22,BKK-CAN,BKK,CAN,China,Guangzhou,2027-02-16,8420,THB
2026-09-07,BKK-CAN,BKK,CAN,China,Guangzhou,2027-02-17,7770,THB
2026-09-27,BKK-CAN,BKK,CAN,China,Guangzhou,2027-02-18,7587,THB
2026-09-05,BKK-CAN,BKK,CAN,China,Guangzhou,2027-02-19,8411,THB
2026-09-27,BKK-CAN,BKK,CAN,China,Guangzhou,2027-02-20,7679,THB
2026-10-05,BKK-CAN,BKK,CAN,China,Guangzhou,2027-02-21,6607,THB
2026-09-24,BKK-CAN,BKK,CAN,China,Guangzhou,2027-02-22,8272,THB
2026-10-06,BKK-CAN,BKK,CAN,China,Guangzhou,2027-02-23,6639,THB
2026-09-12,BKK-CAN,BKK,CAN,China,Guangzhou,2027-02-24,6366,THB
2026-09-12,BKK-CAN,BKK,CAN,China,Guangzhou,2027-02-25,6730,THB
2026-10-06,BKK-CAN,BKK,CAN,China,Guangzhou,2027-02-26,5985,THB
2026-08-11,BKK-CAN,BKK,CAN,China,Guangzhou,2027-02-27,7490,THB
2026-10-06,BKK-CAN,BKK,CAN,China,Guangzhou,2027-02-28,6615,THB
2026-10-06,BKK-CAN,BKK,CAN,China,Guangzhou,2027-03-01,6640,THB
2026-10-04,BKK-CAN,BKK,CAN,China,Guangzhou,2027-03-02,6639,THB
2026-09-01,BKK-CAN,BKK,CAN,China,Guangzhou,2027-03-04,7314,THB
2026-09-27,BKK-CAN,BKK,CAN,China,Guangzhou,2027-03-05,5554,THB
2026-08-29,BKK-CAN,BKK,CAN,China,Guangzhou,2027-03-06,7412,THB
2026-10-04,BKK-CAN,BKK,CAN,China,Guangzhou,2027-03-07,6615,THB
2026-09-17,BKK-CAN,BKK,CAN,China,Guangzhou,2027-03-09,8586,THB
2026-10-06,BKK-CAN,BKK,CAN,China,Guangzhou,2027-03-10,6640,THB
2026-09-30,BKK-CAN,BKK,CAN,China,Guangzhou,2027-03-11,6193,THB
2026-09-23,BKK-CAN,BKK,CAN,China,Guangzhou,2027-03-12,6030,THB
2026-07-20,BKK-CAN,BKK,CAN,China,Guangzhou,2027-03-14,7493,THB
2026-09-23,BKK-CAN,BKK,CAN,China,Guangzhou,2027-03-15,7214,THB
2026-08-16,BKK-CAN,BKK,CAN,China,Guangzhou,2027-03-17,6030,THB
2026-10-04,BKK-CAN,BKK,CAN,China,Guangzhou,2027-03-19,6384,THB
2026-08-16,BKK-CAN,BKK,CAN,China,Guangzhou,2027-03-20,5263,THB
2026-09-18,BKK-CAN,BKK,CAN,China,Guangzhou,2027-03-22,7127,THB
2026-09-16,BKK-CAN,BKK,CAN,China,Guangzhou,2027-03-24,5788,THB
2026-10-01,BKK-CAN,BKK,CAN,China,Guangzhou,2027-03-26,5560,THB
2026-09-03,BKK-CAN,BKK,CAN,China,Guangzhou,2027-04-01,8020,THB
2026-07-20,BKK-CAN,BKK,CAN,China,Guangzhou,2027-04-10,12107,THB
2026-09-26,BKK-CAN,BKK,CAN,China,Guangzhou,2027-04-19,5967,THB
2026-08-15,BKK-CAN,BKK,CAN,China,Guangzhou,2027-05-01,5873,THB
2026-08-30,BKK-CAN,BKK,CAN,China,Guangzhou,2027-05-13,6089,THB
2026-09-20,BKK-CAN,BKK,CAN,China,Guangzhou,2027-06-05,6652,THB
2026-10-06,BKK-CEI,BKK,CEI,Thailand,Chiang Rai,2026-10-08,2964,THB
2026-09-27,BKK-CEI,BKK,CEI,Thailand,Chiang Rai,2026-10-09,3018,THB
2026-10-06,BKK-CEI,BKK,CEI,Thailand,Chiang Rai,2026-10-10,3572,THB
2026-10-01,BKK-CEI,BKK,CEI,Thailand,Chiang Rai,2026-10-11,2794,THB
2026-10-01,BKK-CEI,BKK,CEI,Thailand,Chiang Rai,2026-10-12,2956,THB
2026-09-05,BKK-CEI,BKK,CEI,Thailand,Chiang Rai,2026-10-13,2638,THB
2026-10-06,BKK-CEI,BKK,CEI,Thailand,Chiang Rai,2026-10-14,2855,THB
2026-09-27,BKK-CEI,BKK,CEI,Thailand,Chiang Rai,2026-10-15,2645,THB
2026-09-27,BKK-CEI,BKK,CEI,Thailand,Chiang Rai,2026-10-16,2611,THB
2026-09-19,BKK-CEI,BKK,CEI,Thailand,Chiang Rai,2026-10-17,2607,THB
2026-09-27,BKK-CEI,BKK,CEI,Thailand,Chiang Rai,2026-10-19,2846,THB
2026-09-05,BKK-CEI,BKK,CEI,Thailand,Chiang Rai,2026-10-20,2523,THB
2026-10-05,BKK-CEI,BKK,CEI,Thailand,Chiang Rai,2026-10-21,3300,THB
2026-09-18,BKK-CEI,BKK,CEI,Thailand,Chiang Rai,2026-10-22,4054,THB
2026-08-15,BKK-CEI,BKK,CEI,Thailand,Chiang Rai,2026-10-23,3367,THB
2026-10-06,BKK-CEI,BKK,CEI,Thailand,Chiang Rai,2026-10-24,3167,THB
2026-09-08,BKK-CEI,BKK,CEI,Thailand,Chiang Rai,2026-10-25,2742,THB
2026-09-27,BKK-CEI,BKK,CEI,Thailand,Chiang Rai,2026-10-26,2732,THB
2026-10-06,BKK-CEI,BKK,CEI,Thailand,Chiang Rai,2026-10-27,2624,THB
2026-10-01,BKK-CEI,BKK,CEI,Thailand,Chiang Rai,2026-10-28,2747,THB
2026-09-23,BKK-CEI,BKK,CEI,Thailand,Chiang Rai,2026-10-29,2385,THB
2026-10-06,BKK-CEI,BKK,CEI,Thailand,Chiang Rai,2026-10-30,2248,THB
2026-10-06,BKK-CEI,BKK,CEI,Thailand,Chiang Rai,2026-10-31,2595,THB
2026-07-31,BKK-CEI,BKK,CEI,Thailand,Chiang Rai,2026-11-01,2615,THB
2026-08-12,BKK-CEI,BKK,CEI,Thailand,Chiang Rai,2026-11-04,2682,THB
2026-10-06,BKK-CEI,BKK,CEI,Thailand,Chiang Rai,2026-11-05,2830,THB
2026-09-29,BKK-CEI,BKK,CEI,Thailand,Chiang Rai,2026-11-06,3043,THB
2026-10-06,BKK-CEI,BKK,CEI,Thailand,Chiang Rai,2026-11-07,3516,THB
2026-10-04,BKK-CEI,BKK,CEI,Thailand,Chiang Rai,2026-11-08,3047,THB
2026-10-06,BKK-CEI,BKK,CEI,Thailand,Chiang Rai,2026-11-09,2842,THB
2026-10-06,BKK-CEI,BKK,CEI,Thailand,Chiang Rai,2026-11-10,2811,THB
2026-09-23,BKK-CEI,BKK,CEI,Thailand,Chiang Rai,2026-11-12,2992,THB
2026-09-21,BKK-CEI,BKK,CEI,Thailand,Chiang Rai,2026-11-13,2981,THB
2026-10-06,BKK-CEI,BKK,CEI,Thailand,Chiang Rai,2026-11-14,4173,THB
2026-08-21,BKK-CEI,BKK,CEI,Thailand,Chiang Rai,2026-11-15,2379,THB
2026-10-01,BKK-CEI,BKK,CEI,Thailand,Chiang Rai,2026-11-16,2806,THB
2026-09-20,BKK-CEI,BKK,CEI,Thailand,Chiang Rai,2026-11-17,2915,THB
2026-09-05,BKK-CEI,BKK,CEI,Thailand,Chiang Rai,2026-11-18,2911,THB
2026-09-14,BKK-CEI,BKK,CEI,Thailand,Chiang Rai,2026-11-19,3527,THB
2026-10-06,BKK-CEI,BKK,CEI,Thailand,Chiang Rai,2026-11-20,5502,THB
2026-10-06,BKK-CEI,BKK,CEI,Thailand,Chiang Rai,2026-11-21,4461,THB
2026-10-06,BKK-CEI,BKK,CEI,Thailand,Chiang Rai,2026-11-22,6466,THB
2026-10-06,BKK-CEI,BKK,CEI,Thailand,Chiang Rai,2026-11-23,5862,THB
2026-10-06,BKK-CEI,BKK,CEI,Thailand,Chiang Rai,2026-11-24,4402,THB
2026-10-06,BKK-CEI,BKK,CEI,Thailand,Chiang Rai,2026-11-25,4152,THB
2026-10-06,BKK-CEI,BKK,CEI,Thailand,Chiang Rai,2026-11-26,4383,THB
2026-10-06,BKK-CEI,BKK,CEI,Thailand,Chiang Rai,2026-11-27,4778,THB
2026-06-23,BKK-CEI,BKK,CEI,Thailand,Chiang Rai,2026-11-28,3500,THB
2026-06-12,BKK-CEI,BKK,CEI,Thailand,Chiang Rai,2026-11-29,3423,THB
2026-10-06,BKK-CEI,BKK,CEI,Thailand,Chiang Rai,2026-11-30,3376,THB
2026-10-06,BKK-CEI,BKK,CEI,Thailand,Chiang Rai,2026-12-01,3255,THB
2026-10-06,BKK-CEI,BKK,CEI,Thailand,Chiang Rai,2026-12-02,3339,THB
2026-10-06,BKK-CEI,BKK,CEI,Thailand,Chiang Rai,2026-12-03,3352,THB
2026-10-06,BKK-CEI,BKK,CEI,Thailand,Chiang Rai,2026-12-04,3469,THB
2026-10-06,BKK-CEI,BKK,CEI,Thailand,Chiang Rai,2026-12-05,3588,THB
2026-10-06,BKK-CEI,BKK,CEI,Thailand,Chiang Rai,2026-12-06,3578,THB
2026-10-06,BKK-CEI,BKK,CEI,Thailand,Chiang Rai,2026-12-07,3653,THB
2026-10-06,BKK-CEI,BKK,CEI,Thailand,Chiang Rai,2026-12-08,3387,THB
2026-10-06,BKK-CEI,BKK,CEI,Thailand,Chiang Rai,2026-12-09,3273,THB
2026-10-06,BKK-CEI,BKK,CEI,Thailand,Chiang Rai,2026-12-10,3007,THB
2026-10-06,BKK-CEI,BKK,CEI,Thailand,Chiang Rai,2026-12-11,3556,THB
2026-10-03,BKK-CEI,BKK,CEI,Thailand,Chiang Rai,2026-12-12,3444,THB
2026-07-10,BKK-CEI,BKK,CEI,Thailand,Chiang Rai,2026-12-13,3432,THB
2026-10-04,BKK-CEI,BKK,CEI,Thailand,Chiang Rai,2026-12-14,2878,THB
2026-10-05,BKK-CEI,BKK,CEI,Thailand,Chiang Rai,2026-12-15,2899,THB
2026-10-06,BKK-CEI,BKK,CEI,Thailand,Chiang Rai,2026-12-16,3253,THB
2026-09-28,BKK-CEI,BKK,CEI,Thailand,Chiang Rai,2026-12-17,2556,THB
2026-08-04,BKK-CEI,BKK,CEI,Thailand,Chiang Rai,2026-12-18,3936,THB
2026-09-11,BKK-CEI,BKK,CEI,Thailand,Chiang Rai,2026-12-19,2621,THB
2026-07-13,BKK-CEI,BKK,CEI,Thailand,Chiang Rai,2026-12-21,2958,THB
2026-09-23,BKK-CEI,BKK,CEI,Thailand,Chiang Rai,2026-12-22,2419,THB
2026-09-07,BKK-CEI,BKK,CEI,Thailand,Chiang Rai,2026-12-23,2798,THB
2026-09-23,BKK-CEI,BKK,CEI,Thailand,Chiang Rai,2026-12-24,2759,THB
2026-09-08,BKK-CEI,BKK,CEI,Thailand,Chiang Rai,2026-12-25,3933,THB
2026-08-04,BKK-CEI,BKK,CEI,Thailand,Chiang Rai,2026-12-26,4720,THB
2026-10-01,BKK-CEI,BKK,CEI,Thailand,Chiang Rai,2026-12-27,5272,THB
2026-09-09,BKK-CEI,BKK,CEI,Thailand,Chiang Rai,2026-12-28,3405,THB
2026-10-01,BKK-CEI,BKK,CEI,Thailand,Chiang Rai,2026-12-29,4236,THB
2026-10-01,BKK-CEI,BKK,CEI,Thailand,Chiang Rai,2026-12-30,4782,THB
2026-10-06,BKK-CEI,BKK,CEI,Thailand,Chiang Rai,2026-12-31,5115,THB
2026-10-06,BKK-CEI,BKK,CEI,Thailand,Chiang Rai,2027-01-01,4283,THB
2026-09-04,BKK-CEI,BKK,CEI,Thailand,Chiang Rai,2027-01-02,3248,THB
2026-08-29,BKK-CEI,BKK,CEI,Thailand,Chiang Rai,2027-01-03,3308,THB
2026-08-20,BKK-CEI,BKK,CEI,Thailand,Chiang Rai,2027-01-04,2888,THB
2026-09-29,BKK-CEI,BKK,CEI,Thailand,Chiang Rai,2027-01-05,2727,THB
2026-09-01,BKK-CEI,BKK,CEI,Thailand,Chiang Rai,2027-01-06,2746,THB
2026-09-25,BKK-CEI,BKK,CEI,Thailand,Chiang Rai,2027-01-10,2788,THB
2026-08-29,BKK-CEI,BKK,CEI,Thailand,Chiang Rai,2027-01-11,2642,THB
2026-10-06,BKK-CEI,BKK,CEI,Thailand,Chiang Rai,2027-01-12,2362,THB
2026-08-11,BKK-CEI,BKK,CEI,Thailand,Chiang Rai,2027-01-14,2780,THB
2026-10-06,BKK-CEI,BKK,CEI,Thailand,Chiang Rai,2027-01-15,2790,THB
2026-08-28,BKK-CEI,BKK,CEI,Thailand,Chiang Rai,2027-01-16,2666,THB
2026-10-06,BKK-CEI,BKK,CEI,Thailand,Chiang Rai,2027-01-18,2624,THB
2026-07-31,BKK-CEI,BKK,CEI,Thailand,Chiang Rai,2027-01-20,2450,THB
2026-08-12,BKK-CEI,BKK,CEI,Thailand,Chiang Rai,2027-01-22,2180,THB
2026-08-04,BKK-CEI,BKK,CEI,Thailand,Chiang Rai,2027-01-23,2764,THB
2026-09-27,BKK-CEI,BKK,CEI,Thailand,Chiang Rai,2027-01-25,2420,THB
2026-10-06,BKK-CEI,BKK,CEI,Thailand,Chiang Rai,2027-01-27,2686,THB
2026-10-06,BKK-CEI,BKK,CEI,Thailand,Chiang Rai,2027-01-28,2625,THB
2026-10-06,BKK-CEI,BKK,CEI,Thailand,Chiang Rai,2027-01-29,2668,THB
2026-07-30,BKK-CEI,BKK,CEI,Thailand,Chiang Rai,2027-01-30,2823,THB
2026-10-06,BKK-CEI,BKK,CEI,Thailand,Chiang Rai,2027-02-01,2459,THB
2026-09-14,BKK-CEI,BKK,CEI,Thailand,Chiang Rai,2027-02-02,2437,THB
2026-09-23,BKK-CEI,BKK,CEI,Thailand,Chiang Rai,2027-02-04,2804,THB
2026-09-14,BKK-CEI,BKK,CEI,Thailand,Chiang Rai,2027-02-05,2435,THB
2026-09-14,BKK-CEI,BKK,CEI,Thailand,Chiang Rai,2027-02-07,2816,THB
2026-09-19,BKK-CEI,BKK,CEI,Thailand,Chiang Rai,2027-02-09,2470,THB
2026-08-15,BKK-CEI,BKK,CEI,Thailand,Chiang Rai,2027-02-10,2666,THB
2026-09-14,BKK-CEI,BKK,CEI,Thailand,Chiang Rai,2027-02-12,2613,THB
2026-09-14,BKK-CEI,BKK,CEI,Thailand,Chiang Rai,2027-02-14,2814,THB
2026-09-23,BKK-CEI,BKK,CEI,Thailand,Chiang Rai,2027-02-16,2614,THB
2026-09-14,BKK-CEI,BKK,CEI,Thailand,Chiang Rai,2027-02-18,2814,THB
2026-07-17,BKK-CEI,BKK,CEI,Thailand,Chiang Rai,2027-02-19,3049,THB
2026-09-14,BKK-CEI,BKK,CEI,Thailand,Chiang Rai,2027-02-20,2763,THB
2026-09-14,BKK-CEI,BKK,CEI,Thailand,Chiang Rai,2027-02-22,2968,THB
2026-08-19,BKK-CEI,BKK,CEI,Thailand,Chiang Rai,2027-03-02,2874,THB
2026-10-06,BKK-CEI,BKK,CEI,Thailand,Chiang Rai,2027-03-07,2680,THB
2026-10-06,BKK-CEI,BKK,CEI,Thailand,Chiang Rai,2027-03-15,2362,THB
2026-09-27,BKK-CEI,BKK,CEI,Thailand,Chiang Rai,2027-03-16,2372,THB
2026-10-05,BKK-CEI,BKK,CEI,Thailand,Chiang Rai,2027-03-26,3074,THB
2026-09-20,BKK-CEI,BKK,CEI,Thailand,Chiang Rai,2027-04-13,5572,THB
2026-10-06,BKK-CEI,BKK,CEI,Thailand,Chiang Rai,2027-05-01,5138,THB
2026-10-06,BKK-CEI,BKK,CEI,Thailand,Chiang Rai,2027-06-11,3814,THB
2026-07-24,BKK-CEI,BKK,CEI,Thailand,Chiang Rai,2027-07-01,5274,THB
2026-08-20,BKK-CEI,BKK,CEI,Thailand,Chiang Rai,2027-08-01,4962,THB
2026-10-06,BKK-CNX,BKK,CNX,Thailand,Chiang Mai,2026-10-08,2289,THB
2026-10-06,BKK-CNX,BKK,CNX,Thailand,Chiang Mai,2026-10-09,2575,THB
2026-10-06,BKK-CNX,BKK,CNX,Thailand,Chiang Mai,2026-10-10,3082,THB
2026-10-06,BKK-CNX,BKK,CNX,Thailand,Chiang Mai,2026-10-11,2768,THB
2026-10-06,BKK-CNX,BKK,CNX,Thailand,Chiang Mai,2026-10-12,2774,THB
2026-10-06,BKK-CNX,BKK,CNX,Thailand,Chiang Mai,2026-10-13,2687,THB
2026-10-06,BKK-CNX,BKK,CNX,Thailand,Chiang Mai,2026-10-14,2839,THB
2026-10-06,BKK-CNX,BKK,CNX,Thailand,Chiang Mai,2026-10-15,2889,THB
2026-10-06,BKK-CNX,BKK,CNX,Thailand,Chiang Mai,2026-10-16,2999,THB
2026-10-06,BKK-CNX,BKK,CNX,Thailand,Chiang Mai,2026-10-17,2932,THB
2026-10-06,BKK-CNX,BKK,CNX,Thailand,Chiang Mai,2026-10-18,3336,THB
2026-10-06,BKK-CNX,BKK,CNX,Thailand,Chiang Mai,2026-10-19,2806,THB
2026-10-06,BKK-CNX,BKK,CNX,Thailand,Chiang Mai,2026-10-20,2533,THB
2026-10-05,BKK-CNX,BKK,CNX,Thailand,Chiang Mai,2026-10-21,3754,THB
2026-10-06,BKK-CNX,BKK,CNX,Thailand,Chiang Mai,2026-10-22,3114,THB
2026-10-06,BKK-CNX,BKK,CNX,Thailand,Chiang Mai,2026-10-23,2877,THB
2026-10-06,BKK-CNX,BKK,CNX,Thailand,Chiang Mai,2026-10-24,2823,THB
2026-10-06,BKK-CNX,BKK,CNX,Thailand,Chiang Mai,2026-10-25,2822,THB
2026-10-06,BKK-CNX,BKK,CNX,Thailand,Chiang Mai,2026-10-26,2567,THB
2026-10-06,BKK-CNX,BKK,CNX,Thailand,Chiang Mai,2026-10-27,2740,THB
2026-10-03,BKK-CNX,BKK,CNX,Thailand,Chiang Mai,2026-10-28,3302,THB
2026-10-06,BKK-CNX,BKK,CNX,Thailand,Chiang Mai,2026-10-29,2567,THB
2026-09-05,BKK-CNX,BKK,CNX,Thailand,Chiang Mai,2026-10-30,3407,THB
2026-10-06,BKK-CNX,BKK,CNX,Thailand,Chiang Mai,2026-10-31,2926,THB
2026-10-06,BKK-CNX,BKK,CNX,Thailand,Chiang Mai,2026-11-01,3226,THB
2026-10-06,BKK-CNX,BKK,CNX,Thailand,Chiang Mai,2026-11-02,3159,THB
2026-10-06,BKK-CNX,BKK,CNX,Thailand,Chiang Mai,2026-11-03,3058,THB
2026-10-06,BKK-CNX,BKK,CNX,Thailand,Chiang Mai,2026-11-04,3140,THB
2026-10-06,BKK-CNX,BKK,CNX,Thailand,Chiang Mai,2026-11-05,3420,THB
2026-10-06,BKK-CNX,BKK,CNX,Thailand,Chiang Mai,2026-11-06,3341,THB
2026-10-06,BKK-CNX,BKK,CNX,Thailand,Chiang Mai,2026-11-07,3507,THB
2026-10-06,BKK-CNX,BKK,CNX,Thailand,Chiang Mai,2026-11-08,3428,THB
2026-10-06,BKK-CNX,BKK,CNX,Thailand,Chiang Mai,2026-11-09,2799,THB
2026-10-06,BKK-CNX,BKK,CNX,Thailand,Chiang Mai,2026-11-10,3017,THB
2026-10-06,BKK-CNX,BKK,CNX,Thailand,Chiang Mai,2026-11-11,2991,THB
2026-10-06,BKK-CNX,BKK,CNX,Thailand,Chiang Mai,2026-11-12,3756,THB
2026-09-03,BKK-CNX,BKK,CNX,Thailand,Chiang Mai,2026-11-13,3355,THB
2026-10-06,BKK-CNX,BKK,CNX,Thailand,Chiang Mai,2026-11-14,3797,THB
2026-10-06,BKK-CNX,BKK,CNX,Thailand,Chiang Mai,2026-11-15,3458,THB
2026-10-06,BKK-CNX,BKK,CNX,Thailand,Chiang Mai,2026-11-16,3445,THB
2026-10-06,BKK-CNX,BKK,CNX,Thailand,Chiang Mai,2026-11-17,3057,THB
2026-10-06,BKK-CNX,BKK,CNX,Thailand,Chiang Mai,2026-11-18,3730,THB
2026-10-06,BKK-CNX,BKK,CNX,Thailand,Chiang Mai,2026-11-19,3932,THB
2026-10-06,BKK-CNX,BKK,CNX,Thailand,Chiang Mai,2026-11-20,4738,THB
2026-10-06,BKK-CNX,BKK,CNX,Thailand,Chiang Mai,2026-11-21,4351,THB
2026-10-06,BKK-CNX,BKK,CNX,Thailand,Chiang Mai,2026-11-22,5297,THB
2026-10-06,BKK-CNX,BKK,CNX,Thailand,Chiang Mai,2026-11-23,8514,THB
2026-10-06,BKK-CNX,BKK,CNX,Thailand,Chiang Mai,2026-11-24,7655,THB
2026-10-06,BKK-CNX,BKK,CNX,Thailand,Chiang Mai,2026-11-25,5236,THB
2026-10-06,BKK-CNX,BKK,CNX,Thailand,Chiang Mai,2026-11-26,3046,THB
2026-10-06,BKK-CNX,BKK,CNX,Thailand,Chiang Mai,2026-11-27,3652,THB
2026-10-06,BKK-CNX,BKK,CNX,Thailand,Chiang Mai,2026-11-28,2919,THB
2026-10-05,BKK-CNX,BKK,CNX,Thailand,Chiang Mai,2026-11-29,2734,THB
2026-10-06,BKK-CNX,BKK,CNX,Thailand,Chiang Mai,2026-11-30,2875,THB
2026-10-06,BKK-CNX,BKK,CNX,Thailand,Chiang Mai,2026-12-01,3194,THB
2026-10-06,BKK-CNX,BKK,CNX,Thailand,Chiang Mai,2026-12-02,3073,THB
2026-10-06,BKK-CNX,BKK,CNX,Thailand,Chiang Mai,2026-12-03,3260,THB
2026-10-06,BKK-CNX,BKK,CNX,Thailand,Chiang Mai,2026-12-04,4355,THB
2026-10-06,BKK-CNX,BKK,CNX,Thailand,Chiang Mai,2026-12-05,3325,THB
2026-10-06,BKK-CNX,BKK,CNX,Thailand,Chiang Mai,2026-12-06,3531,THB
2026-10-06,BKK-CNX,BKK,CNX,Thailand,Chiang Mai,2026-12-07,3621,THB
2026-10-06,BKK-CNX,BKK,CNX,Thailand,Chiang Mai,2026-12-08,2904,THB
2026-10-06,BKK-CNX,BKK,CNX,Thailand,Chiang Mai,2026-12-09,3002,THB
2026-10-06,BKK-CNX,BKK,CNX,Thailand,Chiang Mai,2026-12-10,3507,THB
2026-10-06,BKK-CNX,BKK,CNX,Thailand,Chiang Mai,2026-12-11,3428,THB
2026-10-06,BKK-CNX,BKK,CNX,Thailand,Chiang Mai,2026-12-12,2878,THB
2026-10-06,BKK-CNX,BKK,CNX,Thailand,Chiang Mai,2026-12-13,3715,THB
2026-10-06,BKK-CNX,BKK,CNX,Thailand,Chiang Mai,2026-12-14,3251,THB
2026-10-05,BKK-CNX,BKK,CNX,Thailand,Chiang Mai,2026-12-15,2750,THB
2026-10-06,BKK-CNX,BKK,CNX,Thailand,Chiang Mai,2026-12-16,2850,THB
2026-09-30,BKK-CNX,BKK,CNX,Thailand,Chiang Mai,2026-12-17,3301,THB
2026-09-28,BKK-CNX,BKK,CNX,Thailand,Chiang Mai,2026-12-18,3686,THB
2026-10-03,BKK-CNX,BKK,CNX,Thailand,Chiang Mai,2026-12-19,3237,THB
2026-10-06,BKK-CNX,BKK,CNX,Thailand,Chiang Mai,2026-12-20,3141,THB
2026-10-05,BKK-CNX,BKK,CNX,Thailand,Chiang Mai,2026-12-21,2856,THB
2026-10-03,BKK-CNX,BKK,CNX,Thailand,Chiang Mai,2026-12-22,3218,THB
2026-10-06,BKK-CNX,BKK,CNX,Thailand,Chiang Mai,2026-12-23,3208,THB
2026-10-06,BKK-CNX,BKK,CNX,Thailand,Chiang Mai,2026-12-24,3973,THB
2026-10-04,BKK-CNX,BKK,CNX,Thailand,Chiang Mai,2026-12-25,4342,THB
2026-10-06,BKK-CNX,BKK,CNX,Thailand,Chiang Mai,2026-12-26,4356,THB
2026-10-06,BKK-CNX,BKK,CNX,Thailand,Chiang Mai,2026-12-27,3390,THB
2026-10-06,BKK-CNX,BKK,CNX,Thailand,Chiang Mai,2026-12-28,4784,THB
2026-09-22,BKK-CNX,BKK,CNX,Thailand,Chiang Mai,2026-12-29,4283,THB
2026-09-29,BKK-CNX,BKK,CNX,Thailand,Chiang Mai,2026-12-30,5335,THB
2026-10-06,BKK-CNX,BKK,CNX,Thailand,Chiang Mai,2026-12-31,3968,THB
2026-10-06,BKK-CNX,BKK,CNX,Thailand,Chiang Mai,2027-01-01,2919,THB
2026-10-06,BKK-CNX,BKK,CNX,Thailand,Chiang Mai,2027-01-02,3938,THB
2026-10-06,BKK-CNX,BKK,CNX,Thailand,Chiang Mai,2027-01-03,3462,THB
2026-10-06,BKK-CNX,BKK,CNX,Thailand,Chiang Mai,2027-01-04,2705,THB
2026-10-06,BKK-CNX,BKK,CNX,Thailand,Chiang Mai,2027-01-05,2847,THB
2026-09-27,BKK-CNX,BKK,CNX,Thailand,Chiang Mai,2027-01-06,3298,THB
2026-10-06,BKK-CNX,BKK,CNX,Thailand,Chiang Mai,2027-01-07,3944,THB
2026-09-10,BKK-CNX,BKK,CNX,Thailand,Chiang Mai,2027-01-08,4109,THB
2026-10-06,BKK-CNX,BKK,CNX,Thailand,Chiang Mai,2027-01-09,3018,THB
2026-10-06,BKK-CNX,BKK,CNX,Thailand,Chiang Mai,2027-01-10,2867,THB
2026-10-04,BKK-CNX,BKK,CNX,Thailand,Chiang Mai,2027-01-11,2754,THB
2026-09-24,BKK-CNX,BKK,CNX,Thailand,Chiang Mai,2027-01-12,3043,THB
2026-10-06,BKK-CNX,BKK,CNX,Thailand,Chiang Mai,2027-01-13,2859,THB
2026-10-06,BKK-CNX,BKK,CNX,Thailand,Chiang Mai,2027-01-14,3392,THB
2026-10-01,BKK-CNX,BKK,CNX,Thailand,Chiang Mai,2027-01-15,2969,THB
2026-10-06,BKK-CNX,BKK,CNX,Thailand,Chiang Mai,2027-01-16,2460,THB
2026-10-06,BKK-CNX,BKK,CNX,Thailand,Chiang Mai,2027-01-17,3041,THB
2026-10-06,BKK-CNX,BKK,CNX,Thailand,Chiang Mai,2027-01-18,2754,THB
2026-10-06,BKK-CNX,BKK,CNX,Thailand,Chiang Mai,2027-01-19,2483,THB
2026-10-06,BKK-CNX,BKK,CNX,Thailand,Chiang Mai,2027-01-20,2836,THB
2026-10-03,BKK-CNX,BKK,CNX,Thailand,Chiang Mai,2027-01-21,2543,THB
2026-10-04,BKK-CNX,BKK,CNX,Thailand,Chiang Mai,2027-01-22,2755,THB
2026-10-06,BKK-CNX,BKK,CNX,Thailand,Chiang Mai,2027-01-23,2838,THB
2026-09-14,BKK-CNX,BKK,CNX,Thailand,Chiang Mai,2027-01-24,3058,THB
2026-09-23,BKK-CNX,BKK,CNX,Thailand,Chiang Mai,2027-01-25,3100,THB
2026-10-06,BKK-CNX,BKK,CNX,Thailand,Chiang Mai,2027-01-27,3217,THB
2026-10-06,BKK-CNX,BKK,CNX,Thailand,Chiang Mai,2027-01-28,3420,THB
2026-10-06,BKK-CNX,BKK,CNX,Thailand,Chiang Mai,2027-01-29,3340,THB
2026-10-06,BKK-CNX,BKK,CNX,Thailand,Chiang Mai,2027-01-30,2609,THB
2026-10-06,BKK-CNX,BKK,CNX,Thailand,Chiang Mai,2027-01-31,2777,THB
2026-10-06,BKK-CNX,BKK,CNX,Thailand,Chiang Mai,2027-02-01,2748,THB
2026-10-06,BKK-CNX,BKK,CNX,Thailand,Chiang Mai,2027-02-02,3121,THB
2026-10-06,BKK-CNX,BKK,CNX,Thailand,Chiang Mai,2027-02-03,2852,THB
2026-09-26,BKK-CNX,BKK,CNX,Thailand,Chiang Mai,2027-02-04,3336,THB
2026-10-06,BKK-CNX,BKK,CNX,Thailand,Chiang Mai,2027-02-05,3232,THB
2026-10-06,BKK-CNX,BKK,CNX,Thailand,Chiang Mai,2027-02-06,2404,THB
2026-10-05,BKK-CNX,BKK,CNX,Thailand,Chiang Mai,2027-02-07,2637,THB
2026-10-06,BKK-CNX,BKK,CNX,Thailand,Chiang Mai,2027-02-08,3505,THB
2026-10-06,BKK-CNX,BKK,CNX,Thailand,Chiang Mai,2027-02-09,2495,THB
2026-10-05,BKK-CNX,BKK,CNX,Thailand,Chiang Mai,2027-02-10,2635,THB
2026-10-06,BKK-CNX,BKK,CNX,Thailand,Chiang Mai,2027-02-11,2682,THB
2026-08-24,BKK-CNX,BKK,CNX,Thailand,Chiang Mai,2027-02-12,2896,THB
2026-10-06,BKK-CNX,BKK,CNX,Thailand,Chiang Mai,2027-02-13,3100,THB
2026-10-05,BKK-CNX,BKK,CNX,Thailand,Chiang Mai,2027-02-14,2787,THB
2026-10-05,BKK-CNX,BKK,CNX,Thailand,Chiang Mai,2027-02-15,2818,THB
2026-10-06,BKK-CNX,BKK,CNX,Thailand,Chiang Mai,2027-02-16,2671,THB
2026-09-20,BKK-CNX,BKK,CNX,Thailand,Chiang Mai,2027-02-18,3220,THB
2026-08-08,BKK-CNX,BKK,CNX,Thailand,Chiang Mai,2027-02-19,3326,THB
2026-09-14,BKK-CNX,BKK,CNX,Thailand,Chiang Mai,2027-02-20,2966,THB
2026-10-04,BKK-CNX,BKK,CNX,Thailand,Chiang Mai,2027-02-21,3087,THB
2026-10-06,BKK-CNX,BKK,CNX,Thailand,Chiang Mai,2027-02-22,3302,THB
2026-10-06,BKK-CNX,BKK,CNX,Thailand,Chiang Mai,2027-02-23,2977,THB
2026-09-26,BKK-CNX,BKK,CNX,Thailand,Chiang Mai,2027-02-24,3043,THB
2026-10-04,BKK-CNX,BKK,CNX,Thailand,Chiang Mai,2027-02-25,3330,THB
2026-09-15,BKK-CNX,BKK,CNX,Thailand,Chiang Mai,2027-02-27,2866,THB
2026-09-20,BKK-CNX,BKK,CNX,Thailand,Chiang Mai,2027-02-28,2871,THB
2026-10-04,BKK-CNX,BKK,CNX,Thailand,Chiang Mai,2027-03-01,3168,THB
2026-07-24,BKK-CNX,BKK,CNX,Thailand,Chiang Mai,2027-03-06,2763,THB
2026-09-22,BKK-CNX,BKK,CNX,Thailand,Chiang Mai,2027-03-07,3136,THB
2026-08-28,BKK-CNX,BKK,CNX,Thailand,Chiang Mai,2027-03-08,2180,THB
2026-07-24,BKK-CNX,BKK,CNX,Thailand,Chiang Mai,2027-03-09,2886,THB
2026-09-18,BKK-CNX,BKK,CNX,Thailand,Chiang Mai,2027-03-10,2581,THB
2026-09-27,BKK-CNX,BKK,CNX,Thailand,Chiang Mai,2027-03-11,3058,THB
2026-08-18,BKK-CNX,BKK,CNX,Thailand,Chiang Mai,2027-03-12,2155,THB
2026-10-06,BKK-CNX,BKK,CNX,Thailand,Chiang Mai,2027-03-13,2740,THB
2026-10-06,BKK-CNX,BKK,CNX,Thailand,Chiang Mai,2027-03-15,2624,THB
2026-09-27,BKK-CNX,BKK,CNX,Thailand,Chiang Mai,2027-03-16,2875,THB
2026-08-10,BKK-CNX,BKK,CNX,Thailand,Chiang Mai,2027-03-17,2905,THB
2026-08-21,BKK-CNX,BKK,CNX,Thailand,Chiang Mai,2027-03-21,2712,THB
2026-09-10,BKK-CNX,BKK,CNX,Thailand,Chiang Mai,2027-03-22,2953,THB
2026-10-06,BKK-CNX,BKK,CNX,Thailand,Chiang Mai,2027-03-26,2953,THB
2026-10-06,BKK-CNX,BKK,CNX,Thailand,Chiang Mai,2027-03-27,3084,THB
2026-10-01,BKK-CNX,BKK,CNX,Thailand,Chiang Mai,2027-04-01,4084,THB
2026-10-04,BKK-CNX,BKK,CNX,Thailand,Chiang Mai,2027-04-10,5476,THB
2026-10-06,BKK-CNX,BKK,CNX,Thailand,Chiang Mai,2027-04-11,3680,THB
2026-08-25,BKK-CNX,BKK,CNX,Thailand,Chiang Mai,2027-04-12,4026,THB
2026-08-27,BKK-CNX,BKK,CNX,Thailand,Chiang Mai,2027-04-15,4744,THB
2026-10-06,BKK-CNX,BKK,CNX,Thailand,Chiang Mai,2027-04-16,4680,THB
2026-06-19,BKK-CNX,BKK,CNX,Thailand,Chiang Mai,2027-04-23,2905,THB
2026-06-19,BKK-CNX,BKK,CNX,Thailand,Chiang Mai,2027-04-26,2905,THB
2026-10-03,BKK-CNX,BKK,CNX,Thailand,Chiang Mai,2027-04-28,3061,THB
2026-10-06,BKK-CNX,BKK,CNX,Thailand,Chiang Mai,2027-05-01,4635,THB
2026-09-16,BKK-CNX,BKK,CNX,Thailand,Chiang Mai,2027-05-05,2983,THB
2026-06-13,BKK-CNX,BKK,CNX,Thailand,Chiang Mai,2027-05-06,3010,THB
2026-09-23,BKK-CNX,BKK,CNX,Thailand,Chiang Mai,2027-05-18,2988,THB
2026-10-01,BKK-CNX,BKK,CNX,Thailand,Chiang Mai,2027-06-01,3993,THB
2026-08-13,BKK-CNX,BKK,CNX,Thailand,Chiang Mai,2027-06-05,3099,THB
2026-07-31,BKK-CNX,BKK,CNX,Thailand,Chiang Mai,2027-06-08,3203,THB
2026-08-20,BKK-CNX,BKK,CNX,Thailand,Chiang Mai,2027-06-10,2620,THB
2026-09-13,BKK-CNX,BKK,CNX,Thailand,Chiang Mai,2027-07-01,3192,THB
2026-08-26,BKK-CNX,BKK,CNX,Thailand,Chiang Mai,2027-07-03,3525,THB
2026-08-23,BKK-CNX,BKK,CNX,Thailand,Chiang Mai,2027-07-10,2733,THB
2026-08-23,BKK-CNX,BKK,CNX,Thailand,Chiang Mai,2027-07-11,2730,THB
2026-08-23,BKK-CNX,BKK,CNX,Thailand,Chiang Mai,2027-07-12,2733,THB
2026-08-30,BKK-CNX,BKK,CNX,Thailand,Chiang Mai,2027-07-14,3392,THB
2026-09-28,BKK-CNX,BKK,CNX,Thailand,Chiang Mai,2027-07-20,2915,THB
2026-08-21,BKK-CNX,BKK,CNX,Thailand,Chiang Mai,2027-07-21,3106,THB
2026-08-16,BKK-CNX,BKK,CNX,Thailand,Chiang Mai,2027-07-26,2878,THB
2026-09-27,BKK-CNX,BKK,CNX,Thailand,Chiang Mai,2027-08-28,3646,THB
2026-10-06,BKK-CNX,BKK,CNX,Thailand,Chiang Mai,2027-08-29,2543,THB
2026-10-01,BKK-CNX,BKK,CNX,Thailand,Chiang Mai,2027-09-11,3128,THB
2026-10-06,BKK-DAD,BKK,DAD,Vietnam,Da Nang,2026-10-08,4294,THB
2026-10-06,BKK-DAD,BKK,DAD,Vietnam,Da Nang,2026-10-09,4701,THB
2026-10-06,BKK-DAD,BKK,DAD,Vietnam,Da Nang,2026-10-10,6071,THB
2026-10-06,BKK-DAD,BKK,DAD,Vietnam,Da Nang,2026-10-11,5248,THB
2026-10-06,BKK-DAD,BKK,DAD,Vietnam,Da Nang,2026-10-12,4791,THB
2026-10-06,BKK-DAD,BKK,DAD,Vietnam,Da Nang,2026-10-13,4358,THB
2026-10-06,BKK-DAD,BKK,DAD,Vietnam,Da Nang,2026-10-14,4137,THB
2026-10-06,BKK-DAD,BKK,DAD,Vietnam,Da Nang,2026-10-15,4820,THB
2026-10-06,BKK-DAD,BKK,DAD,Vietnam,Da Nang,2026-10-16,4484,THB
2026-10-06,BKK-DAD,BKK,DAD,Vietnam,Da Nang,2026-10-17,4579,THB
2026-10-06,BKK-DAD,BKK,DAD,Vietnam,Da Nang,2026-10-18,4162,THB
2026-10-06,BKK-DAD,BKK,DAD,Vietnam,Da Nang,2026-10-19,4124,THB
2026-10-06,BKK-DAD,BKK,DAD,Vietnam,Da Nang,2026-10-20,4143,THB
2026-10-06,BKK-DAD,BKK,DAD,Vietnam,Da Nang,2026-10-21,4187,THB
2026-10-06,BKK-DAD,BKK,DAD,Vietnam,Da Nang,2026-10-22,5484,THB
2026-10-06,BKK-DAD,BKK,DAD,Vietnam,Da Nang,2026-10-23,5099,THB
2026-10-06,BKK-DAD,BKK,DAD,Vietnam,Da Nang,2026-10-24,4732,THB
2026-10-06,BKK-DAD,BKK,DAD,Vietnam,Da Nang,2026-10-25,4423,THB
2026-10-06,BKK-DAD,BKK,DAD,Vietnam,Da Nang,2026-10-26,4164,THB
2026-10-06,BKK-DAD,BKK,DAD,Vietnam,Da Nang,2026-10-27,4576,THB
2026-10-06,BKK-DAD,BKK,DAD,Vietnam,Da Nang,2026-10-28,4265,THB
2026-10-06,BKK-DAD,BKK,DAD,Vietnam,Da Nang,2026-10-29,4748,THB
2026-10-06,BKK-DAD,BKK,DAD,Vietnam,Da Nang,2026-10-30,3881,THB
2026-10-06,BKK-DAD,BKK,DAD,Vietnam,Da Nang,2026-10-31,3881,THB
2026-10-06,BKK-DAD,BKK,DAD,Vietnam,Da Nang,2026-11-01,5292,THB
2026-10-06,BKK-DAD,BKK,DAD,Vietnam,Da Nang,2026-11-02,4699,THB
2026-10-06,BKK-DAD,BKK,DAD,Vietnam,Da Nang,2026-11-03,5073,THB
2026-10-06,BKK-DAD,BKK,DAD,Vietnam,Da Nang,2026-11-04,5167,THB
2026-10-06,BKK-DAD,BKK,DAD,Vietnam,Da Nang,2026-11-05,5309,THB
2026-10-06,BKK-DAD,BKK,DAD,Vietnam,Da Nang,2026-11-06,5163,THB
2026-10-03,BKK-DAD,BKK,DAD,Vietnam,Da Nang,2026-11-07,4979,THB
2026-10-06,BKK-DAD,BKK,DAD,Vietnam,Da Nang,2026-11-08,5112,THB
2026-10-06,BKK-DAD,BKK,DAD,Vietnam,Da Nang,2026-11-09,4260,THB
2026-09-28,BKK-DAD,BKK,DAD,Vietnam,Da Nang,2026-11-10,5330,THB
2026-10-06,BKK-DAD,BKK,DAD,Vietnam,Da Nang,2026-11-11,4910,THB
2026-10-06,BKK-DAD,BKK,DAD,Vietnam,Da Nang,2026-11-12,5147,THB
2026-10-02,BKK-DAD,BKK,DAD,Vietnam,Da Nang,2026-11-13,4969,THB
2026-09-26,BKK-DAD,BKK,DAD,Vietnam,Da Nang,2026-11-14,4822,THB
2026-10-06,BKK-DAD,BKK,DAD,Vietnam,Da Nang,2026-11-15,5035,THB
2026-10-06,BKK-DAD,BKK,DAD,Vietnam,Da Nang,2026-11-16,5290,THB
2026-10-06,BKK-DAD,BKK,DAD,Vietnam,Da Nang,2026-11-17,5272,THB
2026-10-06,BKK-DAD,BKK,DAD,Vietnam,Da Nang,2026-11-18,5185,THB
2026-10-06,BKK-DAD,BKK,DAD,Vietnam,Da Nang,2026-11-19,5266,THB
2026-10-02,BKK-DAD,BKK,DAD,Vietnam,Da Nang,2026-11-20,4951,THB
2026-10-06,BKK-DAD,BKK,DAD,Vietnam,Da Nang,2026-11-21,5084,THB
2026-10-06,BKK-DAD,BKK,DAD,Vietnam,Da Nang,2026-11-22,4546,THB
2026-10-06,BKK-DAD,BKK,DAD,Vietnam,Da Nang,2026-11-23,4819,THB
2026-09-24,BKK-DAD,BKK,DAD,Vietnam,Da Nang,2026-11-24,5430,THB
2026-10-06,BKK-DAD,BKK,DAD,Vietnam,Da Nang,2026-11-25,5105,THB
2026-09-23,BKK-DAD,BKK,DAD,Vietnam,Da Nang,2026-11-26,5674,THB
2026-10-06,BKK-DAD,BKK,DAD,Vietnam,Da Nang,2026-11-27,5576,THB
2026-10-06,BKK-DAD,BKK,DAD,Vietnam,Da Nang,2026-11-28,5429,THB
2026-10-02,BKK-DAD,BKK,DAD,Vietnam,Da Nang,2026-11-29,6064,THB
2026-10-06,BKK-DAD,BKK,DAD,Vietnam,Da Nang,2026-11-30,4730,THB
2026-10-06,BKK-DAD,BKK,DAD,Vietnam,Da Nang,2026-12-01,5120,THB
2026-10-06,BKK-DAD,BKK,DAD,Vietnam,Da Nang,2026-12-02,5004,THB
2026-10-06,BKK-DAD,BKK,DAD,Vietnam,Da Nang,2026-12-03,5900,THB
2026-10-06,BKK-DAD,BKK,DAD,Vietnam,Da Nang,2026-12-04,5684,THB
2026-10-02,BKK-DAD,BKK,DAD,Vietnam,Da Nang,2026-12-05,6290,THB
2026-10-06,BKK-DAD,BKK,DAD,Vietnam,Da Nang,2026-12-06,5976,THB
2026-10-06,BKK-DAD,BKK,DAD,Vietnam,Da Nang,2026-12-07,5483,THB
2026-10-06,BKK-DAD,BKK,DAD,Vietnam,Da Nang,2026-12-08,5863,THB
2026-10-06,BKK-DAD,BKK,DAD,Vietnam,Da Nang,2026-12-09,5906,THB
2026-10-06,BKK-DAD,BKK,DAD,Vietnam,Da Nang,2026-12-10,5477,THB
2026-10-06,BKK-DAD,BKK,DAD,Vietnam,Da Nang,2026-12-11,5894,THB
2026-10-06,BKK-DAD,BKK,DAD,Vietnam,Da Nang,2026-12-12,6006,THB
2026-10-06,BKK-DAD,BKK,DAD,Vietnam,Da Nang,2026-12-13,5035,THB
2026-09-27,BKK-DAD,BKK,DAD,Vietnam,Da Nang,2026-12-14,5052,THB
2026-10-06,BKK-DAD,BKK,DAD,Vietnam,Da Nang,2026-12-15,6163,THB
2026-10-06,BKK-DAD,BKK,DAD,Vietnam,Da Nang,2026-12-16,5015,THB
2026-10-06,BKK-DAD,BKK,DAD,Vietnam,Da Nang,2026-12-17,6119,THB
2026-10-06,BKK-DAD,BKK,DAD,Vietnam,Da Nang,2026-12-18,5015,THB
2026-10-06,BKK-DAD,BKK,DAD,Vietnam,Da Nang,2026-12-19,6285,THB
2026-10-06,BKK-DAD,BKK,DAD,Vietnam,Da Nang,2026-12-20,5496,THB
2026-10-06,BKK-DAD,BKK,DAD,Vietnam,Da Nang,2026-12-21,6387,THB
2026-10-06,BKK-DAD,BKK,DAD,Vietnam,Da Nang,2026-12-22,6373,THB
2026-10-06,BKK-DAD,BKK,DAD,Vietnam,Da Nang,2026-12-23,6455,THB
2026-10-06,BKK-DAD,BKK,DAD,Vietnam,Da Nang,2026-12-24,6528,THB
2026-10-04,BKK-DAD,BKK,DAD,Vietnam,Da Nang,2026-12-25,6678,THB
2026-10-06,BKK-DAD,BKK,DAD,Vietnam,Da Nang,2026-12-26,6850,THB
2026-10-06,BKK-DAD,BKK,DAD,Vietnam,Da Nang,2026-12-27,5883,THB
2026-10-06,BKK-DAD,BKK,DAD,Vietnam,Da Nang,2026-12-28,5023,THB
2026-10-06,BKK-DAD,BKK,DAD,Vietnam,Da Nang,2026-12-29,5979,THB
2026-10-06,BKK-DAD,BKK,DAD,Vietnam,Da Nang,2026-12-30,6764,THB
2026-09-24,BKK-DAD,BKK,DAD,Vietnam,Da Nang,2026-12-31,6276,THB
2026-09-24,BKK-DAD,BKK,DAD,Vietnam,Da Nang,2027-01-01,5002,THB
2026-10-06,BKK-DAD,BKK,DAD,Vietnam,Da Nang,2027-01-02,5682,THB
2026-10-06,BKK-DAD,BKK,DAD,Vietnam,Da Nang,2027-01-03,5035,THB
2026-10-06,BKK-DAD,BKK,DAD,Vietnam,Da Nang,2027-01-04,4987,THB
2026-10-06,BKK-DAD,BKK,DAD,Vietnam,Da Nang,2027-01-05,4943,THB
2026-10-06,BKK-DAD,BKK,DAD,Vietnam,Da Nang,2027-01-06,5295,THB
2026-10-06,BKK-DAD,BKK,DAD,Vietnam,Da Nang,2027-01-07,4951,THB
2026-10-03,BKK-DAD,BKK,DAD,Vietnam,Da Nang,2027-01-08,5111,THB
2026-10-06,BKK-DAD,BKK,DAD,Vietnam,Da Nang,2027-01-09,5167,THB
2026-10-06,BKK-DAD,BKK,DAD,Vietnam,Da Nang,2027-01-10,5080,THB
2026-10-03,BKK-DAD,BKK,DAD,Vietnam,Da Nang,2027-01-11,4770,THB
2026-10-06,BKK-DAD,BKK,DAD,Vietnam,Da Nang,2027-01-12,5189,THB
2026-09-26,BKK-DAD,BKK,DAD,Vietnam,Da Nang,2027-01-13,4999,THB
2026-10-03,BKK-DAD,BKK,DAD,Vietnam,Da Nang,2027-01-14,4729,THB
2026-10-06,BKK-DAD,BKK,DAD,Vietnam,Da Nang,2027-01-15,5304,THB
2026-10-06,BKK-DAD,BKK,DAD,Vietnam,Da Nang,2027-01-16,5194,THB
2026-10-06,BKK-DAD,BKK,DAD,Vietnam,Da Nang,2027-01-17,5049,THB
2026-10-06,BKK-DAD,BKK,DAD,Vietnam,Da Nang,2027-01-18,6739,THB
2026-09-21,BKK-DAD,BKK,DAD,Vietnam,Da Nang,2027-01-19,5665,THB
2026-10-06,BKK-DAD,BKK,DAD,Vietnam,Da Nang,2027-01-20,5036,THB
2026-10-06,BKK-DAD,BKK,DAD,Vietnam,Da Nang,2027-01-21,5233,THB
2026-10-06,BKK-DAD,BKK,DAD,Vietnam,Da Nang,2027-01-22,5906,THB
2026-10-06,BKK-DAD,BKK,DAD,Vietnam,Da Nang,2027-01-23,5452,THB
2026-10-06,BKK-DAD,BKK,DAD,Vietnam,Da Nang,2027-01-24,5810,THB
2026-10-06,BKK-DAD,BKK,DAD,Vietnam,Da Nang,2027-01-25,5015,THB
2026-10-06,BKK-DAD,BKK,DAD,Vietnam,Da Nang,2027-01-26,5609,THB
2026-10-06,BKK-DAD,BKK,DAD,Vietnam,Da Nang,2027-01-27,5015,THB
2026-10-06,BKK-DAD,BKK,DAD,Vietnam,Da Nang,2027-01-28,5683,THB
2026-10-06,BKK-DAD,BKK,DAD,Vietnam,Da Nang,2027-01-29,5791,THB
2026-10-06,BKK-DAD,BKK,DAD,Vietnam,Da Nang,2027-01-30,5303,THB
2026-10-06,BKK-DAD,BKK,DAD,Vietnam,Da Nang,2027-01-31,4872,THB
2026-10-06,BKK-DAD,BKK,DAD,Vietnam,Da Nang,2027-02-01,4966,THB
2026-10-06,BKK-DAD,BKK,DAD,Vietnam,Da Nang,2027-02-02,5694,THB
2026-10-06,BKK-DAD,BKK,DAD,Vietnam,Da Nang,2027-02-03,4558,THB
2026-10-06,BKK-DAD,BKK,DAD,Vietnam,Da Nang,2027-02-04,5072,THB
2026-10-06,BKK-DAD,BKK,DAD,Vietnam,Da Nang,2027-02-05,6070,THB
2026-10-06,BKK-DAD,BKK,DAD,Vietnam,Da Nang,2027-02-06,5220,THB
2026-10-05,BKK-DAD,BKK,DAD,Vietnam,Da Nang,2027-02-07,5071,THB
2026-10-06,BKK-DAD,BKK,DAD,Vietnam,Da Nang,2027-02-08,5571,THB
2026-10-06,BKK-DAD,BKK,DAD,Vietnam,Da Nang,2027-02-09,6097,THB
2026-10-06,BKK-DAD,BKK,DAD,Vietnam,Da Nang,2027-02-10,5552,THB
2026-10-06,BKK-DAD,BKK,DAD,Vietnam,Da Nang,2027-02-11,6369,THB
2026-10-06,BKK-DAD,BKK,DAD,Vietnam,Da Nang,2027-02-12,6605,THB
2026-10-06,BKK-DAD,BKK,DAD,Vietnam,Da Nang,2027-02-13,5880,THB
2026-10-06,BKK-DAD,BKK,DAD,Vietnam,Da Nang,2027-02-14,5760,THB
2026-10-06,BKK-DAD,BKK,DAD,Vietnam,Da Nang,2027-02-15,5569,THB
2026-10-06,BKK-DAD,BKK,DAD,Vietnam,Da Nang,2027-02-16,4837,THB
2026-10-06,BKK-DAD,BKK,DAD,Vietnam,Da Nang,2027-02-17,5284,THB
2026-10-06,BKK-DAD,BKK,DAD,Vietnam,Da Nang,2027-02-18,5233,THB
2026-10-02,BKK-DAD,BKK,DAD,Vietnam,Da Nang,2027-02-19,6059,THB
2026-10-04,BKK-DAD,BKK,DAD,Vietnam,Da Nang,2027-02-20,5846,THB
2026-09-25,BKK-DAD,BKK,DAD,Vietnam,Da Nang,2027-02-21,5983,THB
2026-10-03,BKK-DAD,BKK,DAD,Vietnam,Da Nang,2027-02-22,4762,THB
2026-10-06,BKK-DAD,BKK,DAD,Vietnam,Da Nang,2027-02-23,4952,THB
2026-10-06,BKK-DAD,BKK,DAD,Vietnam,Da Nang,2027-02-24,4818,THB
2026-10-06,BKK-DAD,BKK,DAD,Vietnam,Da Nang,2027-02-25,5743,THB
2026-09-20,BKK-DAD,BKK,DAD,Vietnam,Da Nang,2027-02-26,5712,THB
2026-10-06,BKK-DAD,BKK,DAD,Vietnam,Da Nang,2027-02-27,4960,THB
2026-10-06,BKK-DAD,BKK,DAD,Vietnam,Da Nang,2027-02-28,5584,THB
2026-10-06,BKK-DAD,BKK,DAD,Vietnam,Da Nang,2027-03-01,4779,THB
2026-10-06,BKK-DAD,BKK,DAD,Vietnam,Da Nang,2027-03-02,4934,THB
2026-09-22,BKK-DAD,BKK,DAD,Vietnam,Da Nang,2027-03-03,5890,THB
2026-10-06,BKK-DAD,BKK,DAD,Vietnam,Da Nang,2027-03-04,5281,THB
2026-10-06,BKK-DAD,BKK,DAD,Vietnam,Da Nang,2027-03-05,5555,THB
2026-10-06,BKK-DAD,BKK,DAD,Vietnam,Da Nang,2027-03-06,5413,THB
2026-10-06,BKK-DAD,BKK,DAD,Vietnam,Da Nang,2027-03-07,4873,THB
2026-10-06,BKK-DAD,BKK,DAD,Vietnam,Da Nang,2027-03-08,4716,THB
2026-10-06,BKK-DAD,BKK,DAD,Vietnam,Da Nang,2027-03-09,5215,THB
2026-10-06,BKK-DAD,BKK,DAD,Vietnam,Da Nang,2027-03-10,4812,THB
2026-10-06,BKK-DAD,BKK,DAD,Vietnam,Da Nang,2027-03-11,6564,THB
2026-10-03,BKK-DAD,BKK,DAD,Vietnam,Da Nang,2027-03-12,4711,THB
2026-10-06,BKK-DAD,BKK,DAD,Vietnam,Da Nang,2027-03-13,5562,THB
2026-10-06,BKK-DAD,BKK,DAD,Vietnam,Da Nang,2027-03-14,4887,THB
2026-10-06,BKK-DAD,BKK,DAD,Vietnam,Da Nang,2027-03-15,4865,THB
2026-08-26,BKK-DAD,BKK,DAD,Vietnam,Da Nang,2027-03-16,5718,THB
2026-08-29,BKK-DAD,BKK,DAD,Vietnam,Da Nang,2027-03-17,4990,THB
2026-07-13,BKK-DAD,BKK,DAD,Vietnam,Da Nang,2027-03-18,5193,THB
2026-10-06,BKK-DAD,BKK,DAD,Vietnam,Da Nang,2027-03-19,5389,THB
2026-10-06,BKK-DAD,BKK,DAD,Vietnam,Da Nang,2027-03-20,5310,THB
2026-09-26,BKK-DAD,BKK,DAD,Vietnam,Da Nang,2027-03-21,4966,THB
2026-10-06,BKK-DAD,BKK,DAD,Vietnam,Da Nang,2027-03-22,4764,THB
2026-10-06,BKK-DAD,BKK,DAD,Vietnam,Da Nang,2027-03-23,5175,THB
2026-10-06,BKK-DAD,BKK,DAD,Vietnam,Da Nang,2027-03-24,5067,THB
2026-09-27,BKK-DAD,BKK,DAD,Vietnam,Da Nang,2027-03-25,4914,THB
2026-09-27,BKK-DAD,BKK,DAD,Vietnam,Da Nang,2027-03-26,4879,THB
2026-10-06,BKK-DAD,BKK,DAD,Vietnam,Da Nang,2027-03-27,4938,THB
2026-10-05,BKK-DAD,BKK,DAD,Vietnam,Da Nang,2027-03-28,6191,THB
2026-10-06,BKK-DAD,BKK,DAD,Vietnam,Da Nang,2027-03-29,5990,THB
2026-09-22,BKK-DAD,BKK,DAD,Vietnam,Da Nang,2027-03-30,5006,THB
2026-10-06,BKK-DAD,BKK,DAD,Vietnam,Da Nang,2027-04-01,6991,THB
2026-10-06,BKK-DAD,BKK,DAD,Vietnam,Da Nang,2027-04-03,6773,THB
2026-10-06,BKK-DAD,BKK,DAD,Vietnam,Da Nang,2027-04-05,6051,THB
2026-09-06,BKK-DAD,BKK,DAD,Vietnam,Da Nang,2027-04-06,6052,THB
2026-10-05,BKK-DAD,BKK,DAD,Vietnam,Da Nang,2027-04-08,6737,THB
2026-10-02,BKK-DAD,BKK,DAD,Vietnam,Da Nang,2027-04-09,6717,THB
2026-10-06,BKK-DAD,BKK,DAD,Vietnam,Da Nang,2027-04-11,7298,THB
2026-10-06,BKK-DAD,BKK,DAD,Vietnam,Da Nang,2027-04-12,7151,THB
2026-08-31,BKK-DAD,BKK,DAD,Vietnam,Da Nang,2027-04-13,6938,THB
2026-10-06,BKK-DAD,BKK,DAD,Vietnam,Da Nang,2027-04-14,5906,THB
2026-10-04,BKK-DAD,BKK,DAD,Vietnam,Da Nang,2027-04-16,5833,THB
2026-09-16,BKK-DAD,BKK,DAD,Vietnam,Da Nang,2027-04-18,5036,THB
2026-10-06,BKK-DAD,BKK,DAD,Vietnam,Da Nang,2027-04-19,5003,THB
2026-09-04,BKK-DAD,BKK,DAD,Vietnam,Da Nang,2027-04-20,5128,THB
2026-09-03,BKK-DAD,BKK,DAD,Vietnam,Da Nang,2027-04-21,4934,THB
2026-07-21,BKK-DAD,BKK,DAD,Vietnam,Da Nang,2027-04-23,5020,THB
2026-09-17,BKK-DAD,BKK,DAD,Vietnam,Da Nang,2027-04-24,6080,THB
2026-10-03,BKK-DAD,BKK,DAD,Vietnam,Da Nang,2027-04-29,4762,THB
2026-07-13,BKK-DAD,BKK,DAD,Vietnam,Da Nang,2027-04-30,4866,THB
2026-10-06,BKK-DAD,BKK,DAD,Vietnam,Da Nang,2027-05-01,6963,THB
2026-09-27,BKK-DAD,BKK,DAD,Vietnam,Da Nang,2027-05-02,4962,THB
2026-09-28,BKK-DAD,BKK,DAD,Vietnam,Da Nang,2027-05-05,5082,THB
2026-09-27,BKK-DAD,BKK,DAD,Vietnam,Da Nang,2027-05-06,4914,THB
2026-10-06,BKK-DAD,BKK,DAD,Vietnam,Da Nang,2027-05-08,4929,THB
2026-10-06,BKK-DAD,BKK,DAD,Vietnam,Da Nang,2027-05-13,4628,THB
2026-10-02,BKK-DAD,BKK,DAD,Vietnam,Da Nang,2027-05-14,4762,THB
2026-10-01,BKK-DAD,BKK,DAD,Vietnam,Da Nang,2027-05-15,4748,THB
2026-07-20,BKK-DAD,BKK,DAD,Vietnam,Da Nang,2027-05-16,5514,THB
2026-09-16,BKK-DAD,BKK,DAD,Vietnam,Da Nang,2027-05-19,5120,THB
2026-09-02,BKK-DAD,BKK,DAD,Vietnam,Da Nang,2027-05-20,6474,THB
2026-09-02,BKK-DAD,BKK,DAD,Vietnam,Da Nang,2027-05-22,5200,THB
2026-09-02,BKK-DAD,BKK,DAD,Vietnam,Da Nang,2027-05-23,5200,THB
2026-06-14,BKK-DAD,BKK,DAD,Vietnam,Da Nang,2027-05-24,6957,THB
2026-10-01,BKK-DAD,BKK,DAD,Vietnam,Da Nang,2027-05-25,4759,THB
2026-06-14,BKK-DAD,BKK,DAD,Vietnam,Da Nang,2027-05-28,5082,THB
2026-09-28,BKK-DAD,BKK,DAD,Vietnam,Da Nang,2027-05-29,4931,THB
2026-10-06,BKK-DAD,BKK,DAD,Vietnam,Da Nang,2027-05-31,5090,THB
2026-10-06,BKK-DAD,BKK,DAD,Vietnam,Da Nang,2027-06-01,5160,THB
2026-08-31,BKK-DAD,BKK,DAD,Vietnam,Da Nang,2027-06-05,5175,THB
2026-09-26,BKK-DAD,BKK,DAD,Vietnam,Da Nang,2027-06-09,4701,THB
2026-10-06,BKK-DAD,BKK,DAD,Vietnam,Da Nang,2027-06-10,5082,THB
2026-09-06,BKK-DAD,BKK,DAD,Vietnam,Da Nang,2027-06-11,5524,THB
2026-10-06,BKK-DAD,BKK,DAD,Vietnam,Da Nang,2027-06-14,5606,THB
2026-10-02,BKK-DAD,BKK,DAD,Vietnam,Da Nang,2027-06-21,6871,THB
2026-07-13,BKK-DAD,BKK,DAD,Vietnam,Da Nang,2027-06-28,10885,THB
2026-09-09,BKK-DAD,BKK,DAD,Vietnam,Da Nang,2027-06-30,4762,THB
2026-09-24,BKK-DAD,BKK,DAD,Vietnam,Da Nang,2027-07-01,5316,THB
2026-10-06,BKK-DAD,BKK,DAD,Vietnam,Da Nang,2027-07-03,4930,THB
2026-08-25,BKK-DAD,BKK,DAD,Vietnam,Da Nang,2027-07-07,5106,THB
2026-09-04,BKK-DAD,BKK,DAD,Vietnam,Da Nang,2027-07-09,5062,THB
2026-08-23,BKK-DAD,BKK,DAD,Vietnam,Da Nang,2027-07-10,5588,THB
2026-08-23,BKK-DAD,BKK,DAD,Vietnam,Da Nang,2027-07-12,5436,THB
2026-09-06,BKK-DAD,BKK,DAD,Vietnam,Da Nang,2027-07-16,6868,THB
2026-10-03,BKK-DAD,BKK,DAD,Vietnam,Da Nang,2027-07-17,5879,THB
2026-10-06,BKK-DAD,BKK,DAD,Vietnam,Da Nang,2027-07-18,5189,THB
2026-10-06,BKK-DAD,BKK,DAD,Vietnam,Da Nang,2027-07-19,4879,THB
2026-09-30,BKK-DAD,BKK,DAD,Vietnam,Da Nang,2027-07-20,4729,THB
2026-09-16,BKK-DAD,BKK,DAD,Vietnam,Da Nang,2027-07-23,5184,THB
2026-09-19,BKK-DAD,BKK,DAD,Vietnam,Da Nang,2027-07-24,5628,THB
2026-09-20,BKK-DAD,BKK,DAD,Vietnam,Da Nang,2027-07-31,5140,THB
2026-10-06,BKK-DAD,BKK,DAD,Vietnam,Da Nang,2027-08-01,4686,THB
2026-10-06,BKK-DAD,BKK,DAD,Vietnam,Da Nang,2027-08-02,5184,THB
2026-10-06,BKK-DAD,BKK,DAD,Vietnam,Da Nang,2027-08-03,5274,THB
2026-09-28,BKK-DAD,BKK,DAD,Vietnam,Da Nang,2027-08-16,5051,THB
2026-09-07,BKK-DAD,BKK,DAD,Vietnam,Da Nang,2027-08-19,6013,THB
2026-09-07,BKK-DAD,BKK,DAD,Vietnam,Da Nang,2027-08-20,6241,THB
2026-09-28,BKK-DAD,BKK,DAD,Vietnam,Da Nang,2027-08-23,5051,THB
2026-09-28,BKK-DAD,BKK,DAD,Vietnam,Da Nang,2027-08-30,6032,THB
2026-10-06,BKK-DAD,BKK,DAD,Vietnam,Da Nang,2027-09-21,5142,THB
2026-10-06,BKK-HAN,BKK,HAN,Vietnam,Hanoi,2026-10-08,5191,THB
2026-10-06,BKK-HAN,BKK,HAN,Vietnam,Hanoi,2026-10-09,5545,THB
2026-10-06,BKK-HAN,BKK,HAN,Vietnam,Hanoi,2026-10-10,5641,THB
2026-10-06,BKK-HAN,BKK,HAN,Vietnam,Hanoi,2026-10-11,5535,THB
2026-10-06,BKK-HAN,BKK,HAN,Vietnam,Hanoi,2026-10-12,5194,THB
2026-10-06,BKK-HAN,BKK,HAN,Vietnam,Hanoi,2026-10-13,5986,THB
2026-09-16,BKK-HAN,BKK,HAN,Vietnam,Hanoi,2026-10-14,5164,THB
2026-10-02,BKK-HAN,BKK,HAN,Vietnam,Hanoi,2026-10-15,5028,THB
2026-10-06,BKK-HAN,BKK,HAN,Vietnam,Hanoi,2026-10-16,5582,THB
2026-10-06,BKK-HAN,BKK,HAN,Vietnam,Hanoi,2026-10-17,5010,THB
2026-10-06,BKK-HAN,BKK,HAN,Vietnam,Hanoi,2026-10-18,4774,THB
2026-10-06,BKK-HAN,BKK,HAN,Vietnam,Hanoi,2026-10-19,4843,THB
2026-10-06,BKK-HAN,BKK,HAN,Vietnam,Hanoi,2026-10-20,5101,THB
2026-10-06,BKK-HAN,BKK,HAN,Vietnam,Hanoi,2026-10-21,5165,THB
2026-09-27,BKK-HAN,BKK,HAN,Vietnam,Hanoi,2026-10-22,5623,THB
2026-10-06,BKK-HAN,BKK,HAN,Vietnam,Hanoi,2026-10-23,6086,THB
2026-09-13,BKK-HAN,BKK,HAN,Vietnam,Hanoi,2026-10-24,5180,THB
2026-09-14,BKK-HAN,BKK,HAN,Vietnam,Hanoi,2026-10-25,5282,THB
2026-10-01,BKK-HAN,BKK,HAN,Vietnam,Hanoi,2026-10-26,5049,THB
2026-10-06,BKK-HAN,BKK,HAN,Vietnam,Hanoi,2026-10-27,5213,THB
2026-09-25,BKK-HAN,BKK,HAN,Vietnam,Hanoi,2026-10-28,5414,THB
2026-10-06,BKK-HAN,BKK,HAN,Vietnam,Hanoi,2026-10-29,4998,THB
2026-10-06,BKK-HAN,BKK,HAN,Vietnam,Hanoi,2026-10-30,4747,THB
2026-09-20,BKK-HAN,BKK,HAN,Vietnam,Hanoi,2026-10-31,5226,THB
2026-10-04,BKK-HAN,BKK,HAN,Vietnam,Hanoi,2026-11-01,4810,THB
2026-10-06,BKK-HAN,BKK,HAN,Vietnam,Hanoi,2026-11-02,5124,THB
2026-09-30,BKK-HAN,BKK,HAN,Vietnam,Hanoi,2026-11-03,5127,THB
2026-10-06,BKK-HAN,BKK,HAN,Vietnam,Hanoi,2026-11-04,5128,THB
2026-10-06,BKK-HAN,BKK,HAN,Vietnam,Hanoi,2026-11-05,5017,THB
2026-10-06,BKK-HAN,BKK,HAN,Vietnam,Hanoi,2026-11-06,5252,THB
2026-10-06,BKK-HAN,BKK,HAN,Vietnam,Hanoi,2026-11-07,5164,THB
2026-07-16,BKK-HAN,BKK,HAN,Vietnam,Hanoi,2026-11-08,5341,THB
2026-08-24,BKK-HAN,BKK,HAN,Vietnam,Hanoi,2026-11-09,5407,THB
2026-10-06,BKK-HAN,BKK,HAN,Vietnam,Hanoi,2026-11-10,5220,THB
2026-10-06,BKK-HAN,BKK,HAN,Vietnam,Hanoi,2026-11-11,5036,THB
2026-10-06,BKK-HAN,BKK,HAN,Vietnam,Hanoi,2026-11-12,4945,THB
2026-09-22,BKK-HAN,BKK,HAN,Vietnam,Hanoi,2026-11-13,4685,THB
2026-09-30,BKK-HAN,BKK,HAN,Vietnam,Hanoi,2026-11-14,4992,THB
2026-09-27,BKK-HAN,BKK,HAN,Vietnam,Hanoi,2026-11-15,5175,THB
2026-09-30,BKK-HAN,BKK,HAN,Vietnam,Hanoi,2026-11-16,5149,THB
2026-10-06,BKK-HAN,BKK,HAN,Vietnam,Hanoi,2026-11-17,5229,THB
2026-08-31,BKK-HAN,BKK,HAN,Vietnam,Hanoi,2026-11-18,5319,THB
2026-09-03,BKK-HAN,BKK,HAN,Vietnam,Hanoi,2026-11-19,5261,THB
2026-10-06,BKK-HAN,BKK,HAN,Vietnam,Hanoi,2026-11-20,5616,THB
2026-10-01,BKK-HAN,BKK,HAN,Vietnam,Hanoi,2026-11-21,5060,THB
2026-10-06,BKK-HAN,BKK,HAN,Vietnam,Hanoi,2026-11-22,4950,THB
2026-10-06,BKK-HAN,BKK,HAN,Vietnam,Hanoi,2026-11-23,5296,THB
2026-10-06,BKK-HAN,BKK,HAN,Vietnam,Hanoi,2026-11-24,5220,THB
2026-09-10,BKK-HAN,BKK,HAN,Vietnam,Hanoi,2026-11-25,5356,THB
2026-10-06,BKK-HAN,BKK,HAN,Vietnam,Hanoi,2026-11-26,5395,THB
2026-10-06,BKK-HAN,BKK,HAN,Vietnam,Hanoi,2026-11-27,5231,THB
2026-09-11,BKK-HAN,BKK,HAN,Vietnam,Hanoi,2026-11-28,5579,THB
2026-09-16,BKK-HAN,BKK,HAN,Vietnam,Hanoi,2026-11-29,5852,THB
2026-09-23,BKK-HAN,BKK,HAN,Vietnam,Hanoi,2026-11-30,5532,THB
2026-10-06,BKK-HAN,BKK,HAN,Vietnam,Hanoi,2026-12-01,5156,THB
2026-10-06,BKK-HAN,BKK,HAN,Vietnam,Hanoi,2026-12-02,5490,THB
2026-08-13,BKK-HAN,BKK,HAN,Vietnam,Hanoi,2026-12-03,5551,THB
2026-07-07,BKK-HAN,BKK,HAN,Vietnam,Hanoi,2026-12-04,4886,THB
2026-10-06,BKK-HAN,BKK,HAN,Vietnam,Hanoi,2026-12-05,6192,THB
2026-09-06,BKK-HAN,BKK,HAN,Vietnam,Hanoi,2026-12-06,5770,THB
2026-09-06,BKK-HAN,BKK,HAN,Vietnam,Hanoi,2026-12-07,5971,THB
2026-10-02,BKK-HAN,BKK,HAN,Vietnam,Hanoi,2026-12-08,5468,THB
2026-09-09,BKK-HAN,BKK,HAN,Vietnam,Hanoi,2026-12-09,5491,THB
2026-10-06,BKK-HAN,BKK,HAN,Vietnam,Hanoi,2026-12-10,5660,THB
2026-09-16,BKK-HAN,BKK,HAN,Vietnam,Hanoi,2026-12-11,5706,THB
2026-09-15,BKK-HAN,BKK,HAN,Vietnam,Hanoi,2026-12-14,5678,THB
2026-09-25,BKK-HAN,BKK,HAN,Vietnam,Hanoi,2026-12-15,5736,THB
2026-09-19,BKK-HAN,BKK,HAN,Vietnam,Hanoi,2026-12-16,5411,THB
2026-08-20,BKK-HAN,BKK,HAN,Vietnam,Hanoi,2026-12-17,6291,THB
2026-09-27,BKK-HAN,BKK,HAN,Vietnam,Hanoi,2026-12-18,5526,THB
2026-09-27,BKK-HAN,BKK,HAN,Vietnam,Hanoi,2026-12-19,5120,THB
2026-10-06,BKK-HAN,BKK,HAN,Vietnam,Hanoi,2026-12-20,5690,THB
2026-09-08,BKK-HAN,BKK,HAN,Vietnam,Hanoi,2026-12-21,5684,THB
2026-08-31,BKK-HAN,BKK,HAN,Vietnam,Hanoi,2026-12-22,5617,THB
2026-09-16,BKK-HAN,BKK,HAN,Vietnam,Hanoi,2026-12-23,5513,THB
2026-10-06,BKK-HAN,BKK,HAN,Vietnam,Hanoi,2026-12-24,5639,THB
2026-09-24,BKK-HAN,BKK,HAN,Vietnam,Hanoi,2026-12-25,5648,THB
2026-09-18,BKK-HAN,BKK,HAN,Vietnam,Hanoi,2026-12-26,6033,THB
2026-09-25,BKK-HAN,BKK,HAN,Vietnam,Hanoi,2026-12-27,5943,THB
2026-10-06,BKK-HAN,BKK,HAN,Vietnam,Hanoi,2026-12-28,6197,THB
2026-09-15,BKK-HAN,BKK,HAN,Vietnam,Hanoi,2026-12-29,5619,THB
2026-09-30,BKK-HAN,BKK,HAN,Vietnam,Hanoi,2026-12-30,5904,THB
2026-09-11,BKK-HAN,BKK,HAN,Vietnam,Hanoi,2026-12-31,7090,THB
2026-10-06,BKK-HAN,BKK,HAN,Vietnam,Hanoi,2027-01-01,6723,THB
2026-09-19,BKK-HAN,BKK,HAN,Vietnam,Hanoi,2027-01-02,6097,THB
2026-09-10,BKK-HAN,BKK,HAN,Vietnam,Hanoi,2027-01-03,5721,THB
2026-10-06,BKK-HAN,BKK,HAN,Vietnam,Hanoi,2027-01-04,3615,THB
2026-09-11,BKK-HAN,BKK,HAN,Vietnam,Hanoi,2027-01-05,5535,THB
2026-09-15,BKK-HAN,BKK,HAN,Vietnam,Hanoi,2027-01-06,4770,THB
2026-10-02,BKK-HAN,BKK,HAN,Vietnam,Hanoi,2027-01-07,4640,THB
2026-09-25,BKK-HAN,BKK,HAN,Vietnam,Hanoi,2027-01-08,5021,THB
2026-09-20,BKK-HAN,BKK,HAN,Vietnam,Hanoi,2027-01-09,5272,THB
2026-09-17,BKK-HAN,BKK,HAN,Vietnam,Hanoi,2027-01-10,5291,THB
2026-09-07,BKK-HAN,BKK,HAN,Vietnam,Hanoi,2027-01-11,5480,THB
2026-09-19,BKK-HAN,BKK,HAN,Vietnam,Hanoi,2027-01-12,5288,THB
2026-09-04,BKK-HAN,BKK,HAN,Vietnam,Hanoi,2027-01-13,5415,THB
2026-09-15,BKK-HAN,BKK,HAN,Vietnam,Hanoi,2027-01-14,5286,THB
2026-09-11,BKK-HAN,BKK,HAN,Vietnam,Hanoi,2027-01-15,5495,THB
2026-09-14,BKK-HAN,BKK,HAN,Vietnam,Hanoi,2027-01-16,5119,THB
2026-09-30,BKK-HAN,BKK,HAN,Vietnam,Hanoi,2027-01-17,4988,THB
2026-09-04,BKK-HAN,BKK,HAN,Vietnam,Hanoi,2027-01-18,5415,THB
2026-10-02,BKK-HAN,BKK,HAN,Vietnam,Hanoi,2027-01-19,4754,THB
2026-08-25,BKK-HAN,BKK,HAN,Vietnam,Hanoi,2027-01-20,5477,THB
2026-10-06,BKK-HAN,BKK,HAN,Vietnam,Hanoi,2027-01-21,5440,THB
2026-10-06,BKK-HAN,BKK,HAN,Vietnam,Hanoi,2027-01-22,5152,THB
2026-10-06,BKK-HAN,BKK,HAN,Vietnam,Hanoi,2027-01-23,5341,THB
2026-10-06,BKK-HAN,BKK,HAN,Vietnam,Hanoi,2027-01-24,5344,THB
2026-10-06,BKK-HAN,BKK,HAN,Vietnam,Hanoi,2027-01-25,5327,THB
2026-10-06,BKK-HAN,BKK,HAN,Vietnam,Hanoi,2027-01-26,5342,THB
2026-10-06,BKK-HAN,BKK,HAN,Vietnam,Hanoi,2027-01-27,4975,THB
2026-10-06,BKK-HAN,BKK,HAN,Vietnam,Hanoi,2027-01-28,5415,THB
2026-10-06,BKK-HAN,BKK,HAN,Vietnam,Hanoi,2027-01-29,5323,THB
2026-10-06,BKK-HAN,BKK,HAN,Vietnam,Hanoi,2027-01-30,5751,THB
2026-10-05,BKK-HAN,BKK,HAN,Vietnam,Hanoi,2027-02-01,5493,THB
2026-09-13,BKK-HAN,BKK,HAN,Vietnam,Hanoi,2027-02-02,5368,THB
2026-10-06,BKK-HAN,BKK,HAN,Vietnam,Hanoi,2027-02-03,5613,THB
2026-10-06,BKK-HAN,BKK,HAN,Vietnam,Hanoi,2027-02-04,5585,THB
2026-09-12,BKK-HAN,BKK,HAN,Vietnam,Hanoi,2027-02-05,5553,THB
2026-10-04,BKK-HAN,BKK,HAN,Vietnam,Hanoi,2027-02-06,5288,THB
2026-10-05,BKK-HAN,BKK,HAN,Vietnam,Hanoi,2027-02-07,5326,THB
2026-09-10,BKK-HAN,BKK,HAN,Vietnam,Hanoi,2027-02-08,6506,THB
2026-10-06,BKK-HAN,BKK,HAN,Vietnam,Hanoi,2027-02-09,7591,THB
2026-09-10,BKK-HAN,BKK,HAN,Vietnam,Hanoi,2027-02-10,7292,THB
2026-10-06,BKK-HAN,BKK,HAN,Vietnam,Hanoi,2027-02-11,7319,THB
2026-09-12,BKK-HAN,BKK,HAN,Vietnam,Hanoi,2027-02-12,5950,THB
2026-10-05,BKK-HAN,BKK,HAN,Vietnam,Hanoi,2027-02-13,6203,THB
2026-09-12,BKK-HAN,BKK,HAN,Vietnam,Hanoi,2027-02-14,6194,THB
2026-10-06,BKK-HAN,BKK,HAN,Vietnam,Hanoi,2027-02-15,5500,THB
2026-10-06,BKK-HAN,BKK,HAN,Vietnam,Hanoi,2027-02-16,5745,THB
2026-09-30,BKK-HAN,BKK,HAN,Vietnam,Hanoi,2027-02-17,5166,THB
2026-09-11,BKK-HAN,BKK,HAN,Vietnam,Hanoi,2027-02-18,5427,THB
2026-07-05,BKK-HAN,BKK,HAN,Vietnam,Hanoi,2027-02-19,5596,THB
2026-09-12,BKK-HAN,BKK,HAN,Vietnam,Hanoi,2027-02-21,5653,THB
2026-10-06,BKK-HAN,BKK,HAN,Vietnam,Hanoi,2027-02-23,5147,THB
2026-08-27,BKK-HAN,BKK,HAN,Vietnam,Hanoi,2027-02-24,5488,THB
2026-09-12,BKK-HAN,BKK,HAN,Vietnam,Hanoi,2027-02-25,5559,THB
2026-09-12,BKK-HAN,BKK,HAN,Vietnam,Hanoi,2027-02-26,5559,THB
2026-07-17,BKK-HAN,BKK,HAN,Vietnam,Hanoi,2027-02-27,6072,THB
2026-09-12,BKK-HAN,BKK,HAN,Vietnam,Hanoi,2027-02-28,5556,THB
2026-09-21,BKK-HAN,BKK,HAN,Vietnam,Hanoi,2027-03-01,5571,THB
2026-09-21,BKK-HAN,BKK,HAN,Vietnam,Hanoi,2027-03-02,5571,THB
2026-10-06,BKK-HAN,BKK,HAN,Vietnam,Hanoi,2027-03-03,5158,THB
2026-09-21,BKK-HAN,BKK,HAN,Vietnam,Hanoi,2027-03-04,5571,THB
2026-09-21,BKK-HAN,BKK,HAN,Vietnam,Hanoi,2027-03-05,5714,THB
2026-09-21,BKK-HAN,BKK,HAN,Vietnam,Hanoi,2027-03-06,5714,THB
2026-09-21,BKK-HAN,BKK,HAN,Vietnam,Hanoi,2027-03-07,5714,THB
2026-07-01,BKK-HAN,BKK,HAN,Vietnam,Hanoi,2027-03-11,5782,THB
2026-08-29,BKK-HAN,BKK,HAN,Vietnam,Hanoi,2027-03-15,5638,THB
2026-10-06,BKK-HAN,BKK,HAN,Vietnam,Hanoi,2027-03-26,5669,THB
2026-09-07,BKK-HAN,BKK,HAN,Vietnam,Hanoi,2027-03-27,5683,THB
2026-09-07,BKK-HAN,BKK,HAN,Vietnam,Hanoi,2027-03-29,5425,THB
2026-09-07,BKK-HAN,BKK,HAN,Vietnam,Hanoi,2027-03-31,5425,THB
2026-08-29,BKK-HAN,BKK,HAN,Vietnam,Hanoi,2027-04-02,5705,THB
2026-09-02,BKK-HAN,BKK,HAN,Vietnam,Hanoi,2027-04-04,5727,THB
2026-09-14,BKK-HAN,BKK,HAN,Vietnam,Hanoi,2027-04-05,5483,THB
2026-10-06,BKK-HAN,BKK,HAN,Vietnam,Hanoi,2027-04-08,5491,THB
2026-10-02,BKK-HAN,BKK,HAN,Vietnam,Hanoi,2027-04-09,5583,THB
2026-10-06,BKK-HAN,BKK,HAN,Vietnam,Hanoi,2027-04-12,6300,THB
2026-09-06,BKK-HAN,BKK,HAN,Vietnam,Hanoi,2027-04-16,5358,THB
2026-09-29,BKK-HAN,BKK,HAN,Vietnam,Hanoi,2027-04-17,6367,THB
2026-09-18,BKK-HAN,BKK,HAN,Vietnam,Hanoi,2027-06-14,7235,THB
2026-08-17,BKK-HAN,BKK,HAN,Vietnam,Hanoi,2027-06-17,5977,THB
2026-09-21,BKK-HAN,BKK,HAN,Vietnam,Hanoi,2027-06-23,6369,THB
2026-08-29,BKK-HAN,BKK,HAN,Vietnam,Hanoi,2027-07-12,5970,THB
2026-10-06,BKK-HAN,BKK,HAN,Vietnam,Hanoi,2027-07-13,5493,THB
2026-08-14,BKK-HAN,BKK,HAN,Vietnam,Hanoi,2027-07-14,5454,THB
2026-09-13,BKK-HAN,BKK,HAN,Vietnam,Hanoi,2027-07-25,6069,THB
2026-10-06,BKK-HKT,BKK,HKT,Thailand,Phuket,2026-10-08,2332,THB
2026-10-06,BKK-HKT,BKK,HKT,Thailand,Phuket,2026-10-09,2542,THB
2026-10-06,BKK-HKT,BKK,HKT,Thailand,Phuket,2026-10-10,2294,THB
2026-10-06,BKK-HKT,BKK,HKT,Thailand,Phuket,2026-10-11,2449,THB
2026-10-06,BKK-HKT,BKK,HKT,Thailand,Phuket,2026-10-12,2430,THB
2026-10-06,BKK-HKT,BKK,HKT,Thailand,Phuket,2026-10-13,2500,THB
2026-10-06,BKK-HKT,BKK,HKT,Thailand,Phuket,2026-10-14,2437,THB
2026-10-06,BKK-HKT,BKK,HKT,Thailand,Phuket,2026-10-15,2394,THB
2026-10-06,BKK-HKT,BKK,HKT,Thailand,Phuket,2026-10-16,2386,THB
2026-10-06,BKK-HKT,BKK,HKT,Thailand,Phuket,2026-10-17,2349,THB
2026-10-06,BKK-HKT,BKK,HKT,Thailand,Phuket,2026-10-18,2240,THB
2026-10-06,BKK-HKT,BKK,HKT,Thailand,Phuket,2026-10-19,2146,THB
2026-10-06,BKK-HKT,BKK,HKT,Thailand,Phuket,2026-10-20,2292,THB
2026-10-06,BKK-HKT,BKK,HKT,Thailand,Phuket,2026-10-21,2110,THB
2026-10-06,BKK-HKT,BKK,HKT,Thailand,Phuket,2026-10-22,2310,THB
2026-10-06,BKK-HKT,BKK,HKT,Thailand,Phuket,2026-10-23,2077,THB
2026-10-06,BKK-HKT,BKK,HKT,Thailand,Phuket,2026-10-24,2212,THB
2026-10-06,BKK-HKT,BKK,HKT,Thailand,Phuket,2026-10-25,2083,THB
2026-10-06,BKK-HKT,BKK,HKT,Thailand,Phuket,2026-10-26,2046,THB
2026-10-06,BKK-HKT,BKK,HKT,Thailand,Phuket,2026-10-27,2253,THB
2026-10-06,BKK-HKT,BKK,HKT,Thailand,Phuket,2026-10-28,2243,THB
2026-10-06,BKK-HKT,BKK,HKT,Thailand,Phuket,2026-10-29,2306,THB
2026-10-06,BKK-HKT,BKK,HKT,Thailand,Phuket,2026-10-30,1783,THB
2026-10-06,BKK-HKT,BKK,HKT,Thailand,Phuket,2026-10-31,2068,THB
2026-10-06,BKK-HKT,BKK,HKT,Thailand,Phuket,2026-11-01,2006,THB
2026-10-06,BKK-HKT,BKK,HKT,Thailand,Phuket,2026-11-02,1870,THB
2026-10-06,BKK-HKT,BKK,HKT,Thailand,Phuket,2026-11-03,1850,THB
2026-10-06,BKK-HKT,BKK,HKT,Thailand,Phuket,2026-11-04,1779,THB
2026-10-06,BKK-HKT,BKK,HKT,Thailand,Phuket,2026-11-05,2068,THB
2026-10-06,BKK-HKT,BKK,HKT,Thailand,Phuket,2026-11-06,2052,THB
2026-10-06,BKK-HKT,BKK,HKT,Thailand,Phuket,2026-11-07,2063,THB
2026-10-06,BKK-HKT,BKK,HKT,Thailand,Phuket,2026-11-08,2079,THB
2026-10-06,BKK-HKT,BKK,HKT,Thailand,Phuket,2026-11-09,2013,THB
2026-10-06,BKK-HKT,BKK,HKT,Thailand,Phuket,2026-11-10,1850,THB
2026-10-06,BKK-HKT,BKK,HKT,Thailand,Phuket,2026-11-11,1843,THB
2026-10-06,BKK-HKT,BKK,HKT,Thailand,Phuket,2026-11-12,2472,THB
2026-10-06,BKK-HKT,BKK,HKT,Thailand,Phuket,2026-11-13,1892,THB
2026-10-06,BKK-HKT,BKK,HKT,Thailand,Phuket,2026-11-14,1854,THB
2026-10-06,BKK-HKT,BKK,HKT,Thailand,Phuket,2026-11-15,2161,THB
2026-10-06,BKK-HKT,BKK,HKT,Thailand,Phuket,2026-11-16,2418,THB
2026-10-06,BKK-HKT,BKK,HKT,Thailand,Phuket,2026-11-17,2135,THB
2026-10-06,BKK-HKT,BKK,HKT,Thailand,Phuket,2026-11-18,1897,THB
2026-10-06,BKK-HKT,BKK,HKT,Thailand,Phuket,2026-11-19,2263,THB
2026-10-06,BKK-HKT,BKK,HKT,Thailand,Phuket,2026-11-20,2065,THB
2026-10-06,BKK-HKT,BKK,HKT,Thailand,Phuket,2026-11-21,2570,THB
2026-10-06,BKK-HKT,BKK,HKT,Thailand,Phuket,2026-11-22,1820,THB
2026-10-06,BKK-HKT,BKK,HKT,Thailand,Phuket,2026-11-23,2515,THB
2026-10-06,BKK-HKT,BKK,HKT,Thailand,Phuket,2026-11-24,2206,THB
2026-10-06,BKK-HKT,BKK,HKT,Thailand,Phuket,2026-11-25,1761,THB
2026-10-06,BKK-HKT,BKK,HKT,Thailand,Phuket,2026-11-26,2530,THB
2026-10-06,BKK-HKT,BKK,HKT,Thailand,Phuket,2026-11-27,2188,THB
2026-10-06,BKK-HKT,BKK,HKT,Thailand,Phuket,2026-11-28,1837,THB
2026-10-06,BKK-HKT,BKK,HKT,Thailand,Phuket,2026-11-29,2530,THB
2026-10-06,BKK-HKT,BKK,HKT,Thailand,Phuket,2026-11-30,1782,THB
2026-10-06,BKK-HKT,BKK,HKT,Thailand,Phuket,2026-12-01,2335,THB
2026-10-06,BKK-HKT,BKK,HKT,Thailand,Phuket,2026-12-02,2296,THB
2026-10-06,BKK-HKT,BKK,HKT,Thailand,Phuket,2026-12-03,2236,THB
2026-10-06,BKK-HKT,BKK,HKT,Thailand,Phuket,2026-12-04,2440,THB
2026-10-06,BKK-HKT,BKK,HKT,Thailand,Phuket,2026-12-05,2436,THB
2026-10-06,BKK-HKT,BKK,HKT,Thailand,Phuket,2026-12-06,2561,THB
2026-10-06,BKK-HKT,BKK,HKT,Thailand,Phuket,2026-12-07,2139,THB
2026-10-06,BKK-HKT,BKK,HKT,Thailand,Phuket,2026-12-08,2223,THB
2026-10-06,BKK-HKT,BKK,HKT,Thailand,Phuket,2026-12-09,2204,THB
2026-10-06,BKK-HKT,BKK,HKT,Thailand,Phuket,2026-12-10,2233,THB
2026-10-06,BKK-HKT,BKK,HKT,Thailand,Phuket,2026-12-11,2042,THB
2026-10-06,BKK-HKT,BKK,HKT,Thailand,Phuket,2026-12-12,2557,THB
2026-10-06,BKK-HKT,BKK,HKT,Thailand,Phuket,2026-12-13,2356,THB
2026-10-06,BKK-HKT,BKK,HKT,Thailand,Phuket,2026-12-14,2341,THB
2026-10-06,BKK-HKT,BKK,HKT,Thailand,Phuket,2026-12-15,2467,THB
2026-10-06,BKK-HKT,BKK,HKT,Thailand,Phuket,2026-12-16,2467,THB
2026-10-06,BKK-HKT,BKK,HKT,Thailand,Phuket,2026-12-17,2558,THB
2026-10-06,BKK-HKT,BKK,HKT,Thailand,Phuket,2026-12-18,2521,THB
2026-10-06,BKK-HKT,BKK,HKT,Thailand,Phuket,2026-12-19,2589,THB
2026-10-06,BKK-HKT,BKK,HKT,Thailand,Phuket,2026-12-20,2530,THB
2026-10-06,BKK-HKT,BKK,HKT,Thailand,Phuket,2026-12-21,2600,THB
2026-10-06,BKK-HKT,BKK,HKT,Thailand,Phuket,2026-12-22,2686,THB
2026-10-06,BKK-HKT,BKK,HKT,Thailand,Phuket,2026-12-23,2493,THB
2026-10-06,BKK-HKT,BKK,HKT,Thailand,Phuket,2026-12-24,3016,THB
2026-10-06,BKK-HKT,BKK,HKT,Thailand,Phuket,2026-12-25,2808,THB
2026-10-06,BKK-HKT,BKK,HKT,Thailand,Phuket,2026-12-26,3569,THB
2026-10-06,BKK-HKT,BKK,HKT,Thailand,Phuket,2026-12-27,3261,THB
2026-10-06,BKK-HKT,BKK,HKT,Thailand,Phuket,2026-12-28,3535,THB
2026-10-06,BKK-HKT,BKK,HKT,Thailand,Phuket,2026-12-29,3751,THB
2026-10-06,BKK-HKT,BKK,HKT,Thailand,Phuket,2026-12-30,3541,THB
2026-10-06,BKK-HKT,BKK,HKT,Thailand,Phuket,2026-12-31,2389,THB
2026-10-06,BKK-HKT,BKK,HKT,Thailand,Phuket,2027-01-01,2857,THB
2026-10-06,BKK-HKT,BKK,HKT,Thailand,Phuket,2027-01-02,3241,THB
2026-10-06,BKK-HKT,BKK,HKT,Thailand,Phuket,2027-01-03,3182,THB
2026-10-06,BKK-HKT,BKK,HKT,Thailand,Phuket,2027-01-04,2944,THB
2026-10-06,BKK-HKT,BKK,HKT,Thailand,Phuket,2027-01-05,2265,THB
2026-10-06,BKK-HKT,BKK,HKT,Thailand,Phuket,2027-01-06,1894,THB
2026-10-06,BKK-HKT,BKK,HKT,Thailand,Phuket,2027-01-07,2029,THB
2026-10-06,BKK-HKT,BKK,HKT,Thailand,Phuket,2027-01-08,1784,THB
2026-10-06,BKK-HKT,BKK,HKT,Thailand,Phuket,2027-01-09,2020,THB
2026-10-06,BKK-HKT,BKK,HKT,Thailand,Phuket,2027-01-10,2240,THB
2026-10-06,BKK-HKT,BKK,HKT,Thailand,Phuket,2027-01-11,1895,THB
2026-10-06,BKK-HKT,BKK,HKT,Thailand,Phuket,2027-01-12,2232,THB
2026-10-06,BKK-HKT,BKK,HKT,Thailand,Phuket,2027-01-13,1739,THB
2026-10-06,BKK-HKT,BKK,HKT,Thailand,Phuket,2027-01-14,2211,THB
2026-10-06,BKK-HKT,BKK,HKT,Thailand,Phuket,2027-01-15,2222,THB
2026-10-06,BKK-HKT,BKK,HKT,Thailand,Phuket,2027-01-16,2218,THB
2026-10-06,BKK-HKT,BKK,HKT,Thailand,Phuket,2027-01-17,2082,THB
2026-10-06,BKK-HKT,BKK,HKT,Thailand,Phuket,2027-01-18,1786,THB
2026-10-06,BKK-HKT,BKK,HKT,Thailand,Phuket,2027-01-19,2051,THB
2026-10-06,BKK-HKT,BKK,HKT,Thailand,Phuket,2027-01-20,1662,THB
2026-10-06,BKK-HKT,BKK,HKT,Thailand,Phuket,2027-01-21,2246,THB
2026-10-06,BKK-HKT,BKK,HKT,Thailand,Phuket,2027-01-22,2254,THB
2026-10-06,BKK-HKT,BKK,HKT,Thailand,Phuket,2027-01-23,2041,THB
2026-10-06,BKK-HKT,BKK,HKT,Thailand,Phuket,2027-01-24,2248,THB
2026-10-06,BKK-HKT,BKK,HKT,Thailand,Phuket,2027-01-25,1773,THB
2026-10-06,BKK-HKT,BKK,HKT,Thailand,Phuket,2027-01-26,2152,THB
2026-10-06,BKK-HKT,BKK,HKT,Thailand,Phuket,2027-01-27,1633,THB
2026-10-06,BKK-HKT,BKK,HKT,Thailand,Phuket,2027-01-28,2124,THB
2026-10-06,BKK-HKT,BKK,HKT,Thailand,Phuket,2027-01-29,2176,THB
2026-10-06,BKK-HKT,BKK,HKT,Thailand,Phuket,2027-01-30,2186,THB
2026-10-06,BKK-HKT,BKK,HKT,Thailand,Phuket,2027-01-31,2265,THB
2026-10-06,BKK-HKT,BKK,HKT,Thailand,Phuket,2027-02-01,2245,THB
2026-10-06,BKK-HKT,BKK,HKT,Thailand,Phuket,2027-02-02,2246,THB
2026-10-06,BKK-HKT,BKK,HKT,Thailand,Phuket,2027-02-03,2211,THB
2026-10-06,BKK-HKT,BKK,HKT,Thailand,Phuket,2027-02-04,2211,THB
2026-10-06,BKK-HKT,BKK,HKT,Thailand,Phuket,2027-02-05,2243,THB
2026-10-06,BKK-HKT,BKK,HKT,Thailand,Phuket,2027-02-06,2430,THB
2026-10-06,BKK-HKT,BKK,HKT,Thailand,Phuket,2027-02-07,2249,THB
2026-10-06,BKK-HKT,BKK,HKT,Thailand,Phuket,2027-02-08,1513,THB
2026-10-06,BKK-HKT,BKK,HKT,Thailand,Phuket,2027-02-09,2015,THB
2026-10-06,BKK-HKT,BKK,HKT,Thailand,Phuket,2027-02-10,1746,THB
2026-10-06,BKK-HKT,BKK,HKT,Thailand,Phuket,2027-02-11,2215,THB
2026-10-06,BKK-HKT,BKK,HKT,Thailand,Phuket,2027-02-12,2233,THB
2026-10-06,BKK-HKT,BKK,HKT,Thailand,Phuket,2027-02-13,2148,THB
2026-10-06,BKK-HKT,BKK,HKT,Thailand,Phuket,2027-02-14,2242,THB
2026-10-06,BKK-HKT,BKK,HKT,Thailand,Phuket,2027-02-15,1783,THB
2026-10-06,BKK-HKT,BKK,HKT,Thailand,Phuket,2027-02-16,2251,THB
2026-10-06,BKK-HKT,BKK,HKT,Thailand,Phuket,2027-02-17,1293,THB
2026-10-06,BKK-HKT,BKK,HKT,Thailand,Phuket,2027-02-18,2222,THB
2026-10-06,BKK-HKT,BKK,HKT,Thailand,Phuket,2027-02-19,2352,THB
2026-10-06,BKK-HKT,BKK,HKT,Thailand,Phuket,2027-02-20,2495,THB
2026-10-06,BKK-HKT,BKK,HKT,Thailand,Phuket,2027-02-21,2219,THB
2026-10-06,BKK-HKT,BKK,HKT,Thailand,Phuket,2027-02-22,1320,THB
2026-10-06,BKK-HKT,BKK,HKT,Thailand,Phuket,2027-02-23,2044,THB
2026-10-06,BKK-HKT,BKK,HKT,Thailand,Phuket,2027-02-24,1515,THB
2026-10-06,BKK-HKT,BKK,HKT,Thailand,Phuket,2027-02-25,2212,THB
2026-10-06,BKK-HKT,BKK,HKT,Thailand,Phuket,2027-02-26,2240,THB
2026-10-06,BKK-HKT,BKK,HKT,Thailand,Phuket,2027-02-27,2337,THB
2026-10-06,BKK-HKT,BKK,HKT,Thailand,Phuket,2027-02-28,2258,THB
2026-10-06,BKK-HKT,BKK,HKT,Thailand,Phuket,2027-03-01,1618,THB
2026-10-06,BKK-HKT,BKK,HKT,Thailand,Phuket,2027-03-02,2226,THB
2026-10-06,BKK-HKT,BKK,HKT,Thailand,Phuket,2027-03-03,1325,THB
2026-10-06,BKK-HKT,BKK,HKT,Thailand,Phuket,2027-03-04,2351,THB
2026-10-06,BKK-HKT,BKK,HKT,Thailand,Phuket,2027-03-05,2133,THB
2026-10-06,BKK-HKT,BKK,HKT,Thailand,Phuket,2027-03-06,2237,THB
2026-10-06,BKK-HKT,BKK,HKT,Thailand,Phuket,2027-03-07,2323,THB
2026-10-06,BKK-HKT,BKK,HKT,Thailand,Phuket,2027-03-08,1790,THB
2026-10-06,BKK-HKT,BKK,HKT,Thailand,Phuket,2027-03-09,2265,THB
2026-10-06,BKK-HKT,BKK,HKT,Thailand,Phuket,2027-03-10,1304,THB
2026-10-04,BKK-HKT,BKK,HKT,Thailand,Phuket,2027-03-11,1920,THB
2026-10-06,BKK-HKT,BKK,HKT,Thailand,Phuket,2027-03-12,2193,THB
2026-10-06,BKK-HKT,BKK,HKT,Thailand,Phuket,2027-03-13,2316,THB
2026-10-06,BKK-HKT,BKK,HKT,Thailand,Phuket,2027-03-14,2248,THB
2026-10-06,BKK-HKT,BKK,HKT,Thailand,Phuket,2027-03-15,1444,THB
2026-10-05,BKK-HKT,BKK,HKT,Thailand,Phuket,2027-03-16,2010,THB
2026-10-06,BKK-HKT,BKK,HKT,Thailand,Phuket,2027-03-17,1787,THB
2026-10-05,BKK-HKT,BKK,HKT,Thailand,Phuket,2027-03-18,2010,THB
2026-10-06,BKK-HKT,BKK,HKT,Thailand,Phuket,2027-03-19,2092,THB
2026-10-06,BKK-HKT,BKK,HKT,Thailand,Phuket,2027-03-20,2815,THB
2026-10-06,BKK-HKT,BKK,HKT,Thailand,Phuket,2027-03-21,2710,THB
2026-10-06,BKK-HKT,BKK,HKT,Thailand,Phuket,2027-03-22,1791,THB
2026-10-06,BKK-HKT,BKK,HKT,Thailand,Phuket,2027-03-23,2132,THB
2026-10-06,BKK-HKT,BKK,HKT,Thailand,Phuket,2027-03-24,1844,THB
2026-10-06,BKK-HKT,BKK,HKT,Thailand,Phuket,2027-03-25,2310,THB
2026-10-06,BKK-HKT,BKK,HKT,Thailand,Phuket,2027-03-26,2668,THB
2026-10-06,BKK-HKT,BKK,HKT,Thailand,Phuket,2027-03-27,2957,THB
2026-10-06,BKK-HKT,BKK,HKT,Thailand,Phuket,2027-03-28,3162,THB
2026-10-06,BKK-HKT,BKK,HKT,Thailand,Phuket,2027-03-29,2961,THB
2026-10-06,BKK-HKT,BKK,HKT,Thailand,Phuket,2027-03-30,3129,THB
2026-09-22,BKK-HKT,BKK,HKT,Thailand,Phuket,2027-03-31,3429,THB
2026-10-06,BKK-HKT,BKK,HKT,Thailand,Phuket,2027-04-01,3728,THB
2026-10-06,BKK-HKT,BKK,HKT,Thailand,Phuket,2027-04-02,3909,THB
2026-10-04,BKK-HKT,BKK,HKT,Thailand,Phuket,2027-04-03,4061,THB
2026-09-30,BKK-HKT,BKK,HKT,Thailand,Phuket,2027-04-04,3209,THB
2026-10-06,BKK-HKT,BKK,HKT,Thailand,Phuket,2027-04-05,3447,THB
2026-10-06,BKK-HKT,BKK,HKT,Thailand,Phuket,2027-04-06,4599,THB
2026-09-30,BKK-HKT,BKK,HKT,Thailand,Phuket,2027-04-07,3186,THB
2026-10-06,BKK-HKT,BKK,HKT,Thailand,Phuket,2027-04-08,2719,THB
2026-10-05,BKK-HKT,BKK,HKT,Thailand,Phuket,2027-04-09,4179,THB
2026-10-06,BKK-HKT,BKK,HKT,Thailand,Phuket,2027-04-10,5276,THB
2026-10-06,BKK-HKT,BKK,HKT,Thailand,Phuket,2027-04-11,4049,THB
2026-10-06,BKK-HKT,BKK,HKT,Thailand,Phuket,2027-04-12,4119,THB
2026-10-06,BKK-HKT,BKK,HKT,Thailand,Phuket,2027-04-14,3200,THB
2026-10-06,BKK-HKT,BKK,HKT,Thailand,Phuket,2027-04-15,2989,THB
2026-10-06,BKK-HKT,BKK,HKT,Thailand,Phuket,2027-04-16,3051,THB
2026-10-06,BKK-HKT,BKK,HKT,Thailand,Phuket,2027-04-17,2857,THB
2026-09-13,BKK-HKT,BKK,HKT,Thailand,Phuket,2027-04-18,3011,THB
2026-10-05,BKK-HKT,BKK,HKT,Thailand,Phuket,2027-04-19,3639,THB
2026-10-06,BKK-HKT,BKK,HKT,Thailand,Phuket,2027-04-20,2186,THB
2026-09-13,BKK-HKT,BKK,HKT,Thailand,Phuket,2027-04-21,3231,THB
2026-10-06,BKK-HKT,BKK,HKT,Thailand,Phuket,2027-04-22,2751,THB
2026-09-20,BKK-HKT,BKK,HKT,Thailand,Phuket,2027-04-23,2940,THB
2026-09-15,BKK-HKT,BKK,HKT,Thailand,Phuket,2027-04-24,2892,THB
2026-10-04,BKK-HKT,BKK,HKT,Thailand,Phuket,2027-04-25,3520,THB
2026-10-06,BKK-HKT,BKK,HKT,Thailand,Phuket,2027-04-26,2950,THB
2026-09-23,BKK-HKT,BKK,HKT,Thailand,Phuket,2027-04-28,1982,THB
2026-10-06,BKK-HKT,BKK,HKT,Thailand,Phuket,2027-04-29,3541,THB
2026-10-06,BKK-HKT,BKK,HKT,Thailand,Phuket,2027-04-30,3741,THB
2026-10-06,BKK-HKT,BKK,HKT,Thailand,Phuket,2027-05-01,3223,THB
2026-10-06,BKK-HKT,BKK,HKT,Thailand,Phuket,2027-05-02,4077,THB
2026-10-06,BKK-HKT,BKK,HKT,Thailand,Phuket,2027-05-03,3901,THB
2026-10-06,BKK-HKT,BKK,HKT,Thailand,Phuket,2027-05-04,3601,THB
2026-10-02,BKK-HKT,BKK,HKT,Thailand,Phuket,2027-05-05,2675,THB
2026-10-05,BKK-HKT,BKK,HKT,Thailand,Phuket,2027-05-06,2977,THB
2026-09-12,BKK-HKT,BKK,HKT,Thailand,Phuket,2027-05-07,3213,THB
2026-10-06,BKK-HKT,BKK,HKT,Thailand,Phuket,2027-05-08,2326,THB
2026-10-06,BKK-HKT,BKK,HKT,Thailand,Phuket,2027-05-09,1839,THB
2026-10-06,BKK-HKT,BKK,HKT,Thailand,Phuket,2027-05-10,2823,THB
2026-10-06,BKK-HKT,BKK,HKT,Thailand,Phuket,2027-05-11,2322,THB
2026-10-06,BKK-HKT,BKK,HKT,Thailand,Phuket,2027-05-12,2322,THB
2026-10-06,BKK-HKT,BKK,HKT,Thailand,Phuket,2027-05-13,2322,THB
2026-10-06,BKK-HKT,BKK,HKT,Thailand,Phuket,2027-05-14,2554,THB
2026-10-06,BKK-HKT,BKK,HKT,Thailand,Phuket,2027-05-16,2676,THB
2026-09-14,BKK-HKT,BKK,HKT,Thailand,Phuket,2027-05-17,3156,THB
2026-09-16,BKK-HKT,BKK,HKT,Thailand,Phuket,2027-05-19,3153,THB
2026-09-15,BKK-HKT,BKK,HKT,Thailand,Phuket,2027-05-20,2379,THB
2026-09-15,BKK-HKT,BKK,HKT,Thailand,Phuket,2027-05-21,3003,THB
2026-09-05,BKK-HKT,BKK,HKT,Thailand,Phuket,2027-05-22,2247,THB
2026-10-05,BKK-HKT,BKK,HKT,Thailand,Phuket,2027-05-23,2635,THB
2026-10-06,BKK-HKT,BKK,HKT,Thailand,Phuket,2027-05-27,2197,THB
2026-09-26,BKK-HKT,BKK,HKT,Thailand,Phuket,2027-05-28,2217,THB
2026-10-06,BKK-HKT,BKK,HKT,Thailand,Phuket,2027-05-30,3666,THB
2026-10-06,BKK-HKT,BKK,HKT,Thailand,Phuket,2027-05-31,2527,THB
2026-09-21,BKK-HKT,BKK,HKT,Thailand,Phuket,2027-06-01,2570,THB
2026-10-06,BKK-HKT,BKK,HKT,Thailand,Phuket,2027-06-02,3185,THB
2026-08-02,BKK-HKT,BKK,HKT,Thailand,Phuket,2027-06-03,2472,THB
2026-09-05,BKK-HKT,BKK,HKT,Thailand,Phuket,2027-06-04,1712,THB
2026-10-06,BKK-HKT,BKK,HKT,Thailand,Phuket,2027-06-05,1928,THB
2026-10-02,BKK-HKT,BKK,HKT,Thailand,Phuket,2027-06-06,2657,THB
2026-09-23,BKK-HKT,BKK,HKT,Thailand,Phuket,2027-06-08,2288,THB
2026-09-14,BKK-HKT,BKK,HKT,Thailand,Phuket,2027-06-10,2589,THB
2026-10-06,BKK-HKT,BKK,HKT,Thailand,Phuket,2027-06-11,2692,THB
2026-08-11,BKK-HKT,BKK,HKT,Thailand,Phuket,2027-06-12,1800,THB
2026-08-11,BKK-HKT,BKK,HKT,Thailand,Phuket,2027-06-13,1800,THB
2026-08-11,BKK-HKT,BKK,HKT,Thailand,Phuket,2027-06-14,1894,THB
2026-08-14,BKK-HKT,BKK,HKT,Thailand,Phuket,2027-06-17,1761,THB
2026-09-14,BKK-HKT,BKK,HKT,Thailand,Phuket,2027-06-18,1889,THB
2026-09-15,BKK-HKT,BKK,HKT,Thailand,Phuket,2027-06-19,1979,THB
2026-09-07,BKK-HKT,BKK,HKT,Thailand,Phuket,2027-06-20,2245,THB
2026-09-05,BKK-HKT,BKK,HKT,Thailand,Phuket,2027-06-22,1712,THB
2026-09-26,BKK-HKT,BKK,HKT,Thailand,Phuket,2027-06-28,2222,THB
2026-10-06,BKK-HKT,BKK,HKT,Thailand,Phuket,2027-06-30,1831,THB
2026-09-09,BKK-HKT,BKK,HKT,Thailand,Phuket,2027-07-01,2608,THB
2026-09-01,BKK-HKT,BKK,HKT,Thailand,Phuket,2027-07-02,1807,THB
2026-09-09,BKK-HKT,BKK,HKT,Thailand,Phuket,2027-07-05,1841,THB
2026-09-09,BKK-HKT,BKK,HKT,Thailand,Phuket,2027-07-06,1841,THB
2026-09-09,BKK-HKT,BKK,HKT,Thailand,Phuket,2027-07-07,2437,THB
2026-09-09,BKK-HKT,BKK,HKT,Thailand,Phuket,2027-07-08,2792,THB
2026-09-09,BKK-HKT,BKK,HKT,Thailand,Phuket,2027-07-09,1841,THB
2026-09-09,BKK-HKT,BKK,HKT,Thailand,Phuket,2027-07-10,2444,THB
2026-09-09,BKK-HKT,BKK,HKT,Thailand,Phuket,2027-07-11,1841,THB
2026-08-28,BKK-HKT,BKK,HKT,Thailand,Phuket,2027-07-12,1883,THB
2026-09-21,BKK-HKT,BKK,HKT,Thailand,Phuket,2027-07-14,2670,THB
2026-09-21,BKK-HKT,BKK,HKT,Thailand,Phuket,2027-07-16,3379,THB
2026-09-21,BKK-HKT,BKK,HKT,Thailand,Phuket,2027-07-17,2893,THB
2026-09-15,BKK-HKT,BKK,HKT,Thailand,Phuket,2027-07-24,2814,THB
2026-09-25,BKK-HKT,BKK,HKT,Thailand,Phuket,2027-07-31,1967,THB
2026-09-15,BKK-HKT,BKK,HKT,Thailand,Phuket,2027-08-01,1787,THB
2026-09-16,BKK-HKT,BKK,HKT,Thailand,Phuket,2027-08-02,2063,THB
2026-10-06,BKK-HKT,BKK,HKT,Thailand,Phuket,2027-08-03,1985,THB
2026-10-04,BKK-HKT,BKK,HKT,Thailand,Phuket,2027-08-04,1790,THB
2026-09-30,BKK-HKT,BKK,HKT,Thailand,Phuket,2027-08-05,2760,THB
2026-09-07,BKK-HKT,BKK,HKT,Thailand,Phuket,2027-08-06,1735,THB
2026-09-16,BKK-HKT,BKK,HKT,Thailand,Phuket,2027-08-07,2862,THB
2026-09-15,BKK-HKT,BKK,HKT,Thailand,Phuket,2027-08-12,2960,THB
2026-10-06,BKK-HKT,BKK,HKT,Thailand,Phuket,2027-08-13,1971,THB
2026-09-27,BKK-HKT,BKK,HKT,Thailand,Phuket,2027-08-14,1760,THB
2026-10-06,BKK-HKT,BKK,HKT,Thailand,Phuket,2027-08-15,2160,THB
2026-09-08,BKK-HKT,BKK,HKT,Thailand,Phuket,2027-08-16,1814,THB
2026-09-07,BKK-HKT,BKK,HKT,Thailand,Phuket,2027-08-18,1856,THB
2026-10-06,BKK-HKT,BKK,HKT,Thailand,Phuket,2027-09-03,1827,THB
2026-10-06,BKK-HKT,BKK,HKT,Thailand,Phuket,2027-09-21,2362,THB
2026-10-06,BKK-HKT,BKK,HKT,Thailand,Phuket,2027-09-29,2877,THB
2026-10-06,BKK-HND,BKK,HND,Japan,Tokyo (Haneda),2026-10-08,14548,THB
2026-10-06,BKK-HND,BKK,HND,Japan,Tokyo (Haneda),2026-10-09,14343,THB
2026-10-06,BKK-HND,BKK,HND,Japan,Tokyo (Haneda),2026-10-10,13278,THB
2026-10-06,BKK-HND,BKK,HND,Japan,Tokyo (Haneda),2026-10-11,12347,THB
2026-10-06,BKK-HND,BKK,HND,Japan,Tokyo (Haneda),2026-10-12,14787,THB
2026-10-06,BKK-HND,BKK,HND,Japan,Tokyo (Haneda),2026-10-13,13772,THB
2026-10-06,BKK-HND,BKK,HND,Japan,Tokyo (Haneda),2026-10-14,13769,THB
2026-10-06,BKK-HND,BKK,HND,Japan,Tokyo (Haneda),2026-10-15,14273,THB
2026-10-05,BKK-HND,BKK,HND,Japan,Tokyo (Haneda),2026-10-16,14661,THB
2026-10-06,BKK-HND,BKK,HND,Japan,Tokyo (Haneda),2026-10-17,13592,THB
2026-10-06,BKK-HND,BKK,HND,Japan,Tokyo (Haneda),2026-10-18,15276,THB
2026-10-06,BKK-HND,BKK,HND,Japan,Tokyo (Haneda),2026-10-19,13849,THB
2026-09-26,BKK-HND,BKK,HND,Japan,Tokyo (Haneda),2026-10-20,15177,THB
2026-10-06,BKK-HND,BKK,HND,Japan,Tokyo (Haneda),2026-10-21,15185,THB
2026-10-06,BKK-HND,BKK,HND,Japan,Tokyo (Haneda),2026-10-22,13494,THB
2026-10-06,BKK-HND,BKK,HND,Japan,Tokyo (Haneda),2026-10-23,13645,THB
2026-10-06,BKK-HND,BKK,HND,Japan,Tokyo (Haneda),2026-10-24,14038,THB
2026-10-06,BKK-HND,BKK,HND,Japan,Tokyo (Haneda),2026-10-25,13230,THB
2026-10-06,BKK-HND,BKK,HND,Japan,Tokyo (Haneda),2026-10-26,14408,THB
2026-10-06,BKK-HND,BKK,HND,Japan,Tokyo (Haneda),2026-10-27,13785,THB
2026-10-06,BKK-HND,BKK,HND,Japan,Tokyo (Haneda),2026-10-28,16020,THB
2026-10-06,BKK-HND,BKK,HND,Japan,Tokyo (Haneda),2026-10-29,13360,THB
2026-10-06,BKK-HND,BKK,HND,Japan,Tokyo (Haneda),2026-10-30,16012,THB
2026-10-06,BKK-HND,BKK,HND,Japan,Tokyo (Haneda),2026-10-31,14631,THB
2026-10-06,BKK-HND,BKK,HND,Japan,Tokyo (Haneda),2026-11-01,12885,THB
2026-10-06,BKK-HND,BKK,HND,Japan,Tokyo (Haneda),2026-11-02,15198,THB
2026-10-06,BKK-HND,BKK,HND,Japan,Tokyo (Haneda),2026-11-03,14421,THB
2026-10-06,BKK-HND,BKK,HND,Japan,Tokyo (Haneda),2026-11-04,15357,THB
2026-10-06,BKK-HND,BKK,HND,Japan,Tokyo (Haneda),2026-11-05,12945,THB
2026-10-06,BKK-HND,BKK,HND,Japan,Tokyo (Haneda),2026-11-06,13804,THB
2026-10-06,BKK-HND,BKK,HND,Japan,Tokyo (Haneda),2026-11-07,15221,THB
2026-10-06,BKK-HND,BKK,HND,Japan,Tokyo (Haneda),2026-11-08,15180,THB
2026-10-06,BKK-HND,BKK,HND,Japan,Tokyo (Haneda),2026-11-09,15400,THB
2026-10-06,BKK-HND,BKK,HND,Japan,Tokyo (Haneda),2026-11-10,13963,THB
2026-10-06,BKK-HND,BKK,HND,Japan,Tokyo (Haneda),2026-11-11,14818,THB
2026-10-02,BKK-HND,BKK,HND,Japan,Tokyo (Haneda),2026-11-12,18953,THB
2026-10-03,BKK-HND,BKK,HND,Japan,Tokyo (Haneda),2026-11-13,16953,THB
2026-10-06,BKK-HND,BKK,HND,Japan,Tokyo (Haneda),2026-11-14,14617,THB
2026-10-06,BKK-HND,BKK,HND,Japan,Tokyo (Haneda),2026-11-15,14115,THB
2026-10-06,BKK-HND,BKK,HND,Japan,Tokyo (Haneda),2026-11-16,14508,THB
2026-10-06,BKK-HND,BKK,HND,Japan,Tokyo (Haneda),2026-11-17,13906,THB
2026-10-06,BKK-HND,BKK,HND,Japan,Tokyo (Haneda),2026-11-18,14676,THB
2026-10-06,BKK-HND,BKK,HND,Japan,Tokyo (Haneda),2026-11-19,14878,THB
2026-10-06,BKK-HND,BKK,HND,Japan,Tokyo (Haneda),2026-11-20,15042,THB
2026-10-06,BKK-HND,BKK,HND,Japan,Tokyo (Haneda),2026-11-21,15330,THB
2026-10-03,BKK-HND,BKK,HND,Japan,Tokyo (Haneda),2026-11-22,13622,THB
2026-09-27,BKK-HND,BKK,HND,Japan,Tokyo (Haneda),2026-11-23,16972,THB
2026-10-06,BKK-HND,BKK,HND,Japan,Tokyo (Haneda),2026-11-24,14274,THB
2026-10-06,BKK-HND,BKK,HND,Japan,Tokyo (Haneda),2026-11-25,14630,THB
2026-10-06,BKK-HND,BKK,HND,Japan,Tokyo (Haneda),2026-11-26,15445,THB
2026-10-06,BKK-HND,BKK,HND,Japan,Tokyo (Haneda),2026-11-27,16052,THB
2026-10-06,BKK-HND,BKK,HND,Japan,Tokyo (Haneda),2026-11-28,16643,THB
2026-10-06,BKK-HND,BKK,HND,Japan,Tokyo (Haneda),2026-11-29,15234,THB
2026-10-06,BKK-HND,BKK,HND,Japan,Tokyo (Haneda),2026-11-30,14771,THB
2026-10-06,BKK-HND,BKK,HND,Japan,Tokyo (Haneda),2026-12-01,15002,THB
2026-10-06,BKK-HND,BKK,HND,Japan,Tokyo (Haneda),2026-12-02,14160,THB
2026-10-06,BKK-HND,BKK,HND,Japan,Tokyo (Haneda),2026-12-03,15481,THB
2026-09-29,BKK-HND,BKK,HND,Japan,Tokyo (Haneda),2026-12-04,16073,THB
2026-10-03,BKK-HND,BKK,HND,Japan,Tokyo (Haneda),2026-12-05,16181,THB
2026-09-03,BKK-HND,BKK,HND,Japan,Tokyo (Haneda),2026-12-06,14944,THB
2026-09-25,BKK-HND,BKK,HND,Japan,Tokyo (Haneda),2026-12-07,14943,THB
2026-10-06,BKK-HND,BKK,HND,Japan,Tokyo (Haneda),2026-12-08,16507,THB
2026-10-03,BKK-HND,BKK,HND,Japan,Tokyo (Haneda),2026-12-09,15865,THB
2026-10-06,BKK-HND,BKK,HND,Japan,Tokyo (Haneda),2026-12-10,15057,THB
2026-10-06,BKK-HND,BKK,HND,Japan,Tokyo (Haneda),2026-12-11,15437,THB
2026-10-04,BKK-HND,BKK,HND,Japan,Tokyo (Haneda),2026-12-12,16522,THB
2026-09-20,BKK-HND,BKK,HND,Japan,Tokyo (Haneda),2026-12-13,20167,THB
2026-10-06,BKK-HND,BKK,HND,Japan,Tokyo (Haneda),2026-12-14,15067,THB
2026-10-06,BKK-HND,BKK,HND,Japan,Tokyo (Haneda),2026-12-15,18611,THB
2026-09-26,BKK-HND,BKK,HND,Japan,Tokyo (Haneda),2026-12-16,20214,THB
2026-10-06,BKK-HND,BKK,HND,Japan,Tokyo (Haneda),2026-12-17,15727,THB
2026-09-27,BKK-HND,BKK,HND,Japan,Tokyo (Haneda),2026-12-18,20336,THB
2026-09-06,BKK-HND,BKK,HND,Japan,Tokyo (Haneda),2026-12-19,18717,THB
2026-09-22,BKK-HND,BKK,HND,Japan,Tokyo (Haneda),2026-12-20,19883,THB
2026-09-28,BKK-HND,BKK,HND,Japan,Tokyo (Haneda),2026-12-21,20686,THB
2026-10-06,BKK-HND,BKK,HND,Japan,Tokyo (Haneda),2026-12-22,17712,THB
2026-09-21,BKK-HND,BKK,HND,Japan,Tokyo (Haneda),2026-12-23,25366,THB
2026-10-06,BKK-HND,BKK,HND,Japan,Tokyo (Haneda),2026-12-24,15147,THB
2026-10-06,BKK-HND,BKK,HND,Japan,Tokyo (Haneda),2026-12-25,29933,THB
2026-10-06,BKK-HND,BKK,HND,Japan,Tokyo (Haneda),2026-12-26,20424,THB
2026-10-06,BKK-HND,BKK,HND,Japan,Tokyo (Haneda),2026-12-27,16202,THB
2026-10-06,BKK-HND,BKK,HND,Japan,Tokyo (Haneda),2026-12-28,17755,THB
2026-10-06,BKK-HND,BKK,HND,Japan,Tokyo (Haneda),2026-12-29,18031,THB
2026-10-05,BKK-HND,BKK,HND,Japan,Tokyo (Haneda),2026-12-30,17179,THB
2026-10-06,BKK-HND,BKK,HND,Japan,Tokyo (Haneda),2026-12-31,15512,THB
2026-10-06,BKK-HND,BKK,HND,Japan,Tokyo (Haneda),2027-01-01,20396,THB
2026-10-06,BKK-HND,BKK,HND,Japan,Tokyo (Haneda),2027-01-02,26801,THB
2026-10-06,BKK-HND,BKK,HND,Japan,Tokyo (Haneda),2027-01-03,17172,THB
2026-10-06,BKK-HND,BKK,HND,Japan,Tokyo (Haneda),2027-01-04,16306,THB
2026-10-06,BKK-HND,BKK,HND,Japan,Tokyo (Haneda),2027-01-05,16724,THB
2026-10-06,BKK-HND,BKK,HND,Japan,Tokyo (Haneda),2027-01-06,15117,THB
2026-09-30,BKK-HND,BKK,HND,Japan,Tokyo (Haneda),2027-01-07,16454,THB
2026-10-03,BKK-HND,BKK,HND,Japan,Tokyo (Haneda),2027-01-08,16612,THB
2026-09-22,BKK-HND,BKK,HND,Japan,Tokyo (Haneda),2027-01-09,16268,THB
2026-09-16,BKK-HND,BKK,HND,Japan,Tokyo (Haneda),2027-01-10,15431,THB
2026-09-25,BKK-HND,BKK,HND,Japan,Tokyo (Haneda),2027-01-11,19034,THB
2026-10-06,BKK-HND,BKK,HND,Japan,Tokyo (Haneda),2027-01-12,14222,THB
2026-10-06,BKK-HND,BKK,HND,Japan,Tokyo (Haneda),2027-01-13,16420,THB
2026-09-26,BKK-HND,BKK,HND,Japan,Tokyo (Haneda),2027-01-14,15330,THB
2026-09-26,BKK-HND,BKK,HND,Japan,Tokyo (Haneda),2027-01-15,16919,THB
2026-09-13,BKK-HND,BKK,HND,Japan,Tokyo (Haneda),2027-01-16,15865,THB
2026-09-24,BKK-HND,BKK,HND,Japan,Tokyo (Haneda),2027-01-17,15614,THB
2026-10-06,BKK-HND,BKK,HND,Japan,Tokyo (Haneda),2027-01-18,16731,THB
2026-10-06,BKK-HND,BKK,HND,Japan,Tokyo (Haneda),2027-01-19,14120,THB
2026-10-02,BKK-HND,BKK,HND,Japan,Tokyo (Haneda),2027-01-20,16605,THB
2026-08-09,BKK-HND,BKK,HND,Japan,Tokyo (Haneda),2027-01-21,16868,THB
2026-10-06,BKK-HND,BKK,HND,Japan,Tokyo (Haneda),2027-01-22,17449,THB
2026-10-06,BKK-HND,BKK,HND,Japan,Tokyo (Haneda),2027-01-23,17423,THB
2026-10-06,BKK-HND,BKK,HND,Japan,Tokyo (Haneda),2027-01-24,17084,THB
2026-10-04,BKK-HND,BKK,HND,Japan,Tokyo (Haneda),2027-01-25,16206,THB
2026-10-06,BKK-HND,BKK,HND,Japan,Tokyo (Haneda),2027-01-26,15824,THB
2026-10-04,BKK-HND,BKK,HND,Japan,Tokyo (Haneda),2027-01-27,14753,THB
2026-09-23,BKK-HND,BKK,HND,Japan,Tokyo (Haneda),2027-01-28,16848,THB
2026-09-19,BKK-HND,BKK,HND,Japan,Tokyo (Haneda),2027-01-29,18321,THB
2026-10-06,BKK-HND,BKK,HND,Japan,Tokyo (Haneda),2027-01-30,15279,THB
2026-08-25,BKK-HND,BKK,HND,Japan,Tokyo (Haneda),2027-01-31,17055,THB
2026-10-06,BKK-HND,BKK,HND,Japan,Tokyo (Haneda),2027-02-01,14824,THB
2026-10-03,BKK-HND,BKK,HND,Japan,Tokyo (Haneda),2027-02-02,16596,THB
2026-10-06,BKK-HND,BKK,HND,Japan,Tokyo (Haneda),2027-02-03,17595,THB
2026-09-21,BKK-HND,BKK,HND,Japan,Tokyo (Haneda),2027-02-04,17710,THB
2026-10-06,BKK-HND,BKK,HND,Japan,Tokyo (Haneda),2027-02-05,15588,THB
2026-10-06,BKK-HND,BKK,HND,Japan,Tokyo (Haneda),2027-02-06,18532,THB
2026-09-08,BKK-HND,BKK,HND,Japan,Tokyo (Haneda),2027-02-07,15824,THB
2026-10-04,BKK-HND,BKK,HND,Japan,Tokyo (Haneda),2027-02-08,17333,THB
2026-10-06,BKK-HND,BKK,HND,Japan,Tokyo (Haneda),2027-02-09,18623,THB
2026-10-06,BKK-HND,BKK,HND,Japan,Tokyo (Haneda),2027-02-10,21863,THB
2026-09-20,BKK-HND,BKK,HND,Japan,Tokyo (Haneda),2027-02-11,18744,THB
2026-10-04,BKK-HND,BKK,HND,Japan,Tokyo (Haneda),2027-02-12,19158,THB
2026-10-06,BKK-HND,BKK,HND,Japan,Tokyo (Haneda),2027-02-13,20901,THB
2026-09-18,BKK-HND,BKK,HND,Japan,Tokyo (Haneda),2027-02-14,19313,THB
2026-09-22,BKK-HND,BKK,HND,Japan,Tokyo (Haneda),2027-02-15,18940,THB
2026-10-06,BKK-HND,BKK,HND,Japan,Tokyo (Haneda),2027-02-17,22950,THB
2026-10-06,BKK-HND,BKK,HND,Japan,Tokyo (Haneda),2027-02-18,14719,THB
2026-10-06,BKK-HND,BKK,HND,Japan,Tokyo (Haneda),2027-02-19,16756,THB
2026-09-22,BKK-HND,BKK,HND,Japan,Tokyo (Haneda),2027-02-20,15527,THB
2026-09-17,BKK-HND,BKK,HND,Japan,Tokyo (Haneda),2027-02-21,17031,THB
2026-10-06,BKK-HND,BKK,HND,Japan,Tokyo (Haneda),2027-02-22,16663,THB
2026-10-06,BKK-HND,BKK,HND,Japan,Tokyo (Haneda),2027-02-23,14036,THB
2026-10-06,BKK-HND,BKK,HND,Japan,Tokyo (Haneda),2027-02-24,16159,THB
2026-09-06,BKK-HND,BKK,HND,Japan,Tokyo (Haneda),2027-02-25,14669,THB
2026-10-03,BKK-HND,BKK,HND,Japan,Tokyo (Haneda),2027-02-26,16094,THB
2026-08-05,BKK-HND,BKK,HND,Japan,Tokyo (Haneda),2027-02-27,14795,THB
2026-10-06,BKK-HND,BKK,HND,Japan,Tokyo (Haneda),2027-03-01,14073,THB
2026-10-03,BKK-HND,BKK,HND,Japan,Tokyo (Haneda),2027-03-02,16120,THB
2026-10-01,BKK-HND,BKK,HND,Japan,Tokyo (Haneda),2027-03-03,17864,THB
2026-10-06,BKK-HND,BKK,HND,Japan,Tokyo (Haneda),2027-03-04,13785,THB
2026-09-25,BKK-HND,BKK,HND,Japan,Tokyo (Haneda),2027-03-05,17229,THB
2026-09-17,BKK-HND,BKK,HND,Japan,Tokyo (Haneda),2027-03-06,16592,THB
2026-09-25,BKK-HND,BKK,HND,Japan,Tokyo (Haneda),2027-03-08,16048,THB
2026-09-22,BKK-HND,BKK,HND,Japan,Tokyo (Haneda),2027-03-09,17302,THB
2026-10-06,BKK-HND,BKK,HND,Japan,Tokyo (Haneda),2027-03-10,18294,THB
2026-10-03,BKK-HND,BKK,HND,Japan,Tokyo (Haneda),2027-03-11,16062,THB
2026-09-02,BKK-HND,BKK,HND,Japan,Tokyo (Haneda),2027-03-12,15940,THB
2026-10-06,BKK-HND,BKK,HND,Japan,Tokyo (Haneda),2027-03-13,15880,THB
2026-10-06,BKK-HND,BKK,HND,Japan,Tokyo (Haneda),2027-03-14,16272,THB
2026-10-06,BKK-HND,BKK,HND,Japan,Tokyo (Haneda),2027-03-15,20483,THB
2026-09-18,BKK-HND,BKK,HND,Japan,Tokyo (Haneda),2027-03-16,14903,THB
2026-09-13,BKK-HND,BKK,HND,Japan,Tokyo (Haneda),2027-03-17,15078,THB
2026-09-09,BKK-HND,BKK,HND,Japan,Tokyo (Haneda),2027-03-18,14035,THB
2026-09-20,BKK-HND,BKK,HND,Japan,Tokyo (Haneda),2027-03-19,20084,THB
2026-07-24,BKK-HND,BKK,HND,Japan,Tokyo (Haneda),2027-03-20,16115,THB
2026-10-06,BKK-HND,BKK,HND,Japan,Tokyo (Haneda),2027-03-22,22288,THB
2026-08-29,BKK-HND,BKK,HND,Japan,Tokyo (Haneda),2027-03-23,24085,THB
2026-10-06,BKK-HND,BKK,HND,Japan,Tokyo (Haneda),2027-03-24,21886,THB
2026-10-06,BKK-HND,BKK,HND,Japan,Tokyo (Haneda),2027-03-25,23330,THB
2026-09-10,BKK-HND,BKK,HND,Japan,Tokyo (Haneda),2027-03-26,19250,THB
2026-10-06,BKK-HND,BKK,HND,Japan,Tokyo (Haneda),2027-03-27,23715,THB
2026-09-10,BKK-HND,BKK,HND,Japan,Tokyo (Haneda),2027-03-28,19946,THB
2026-07-14,BKK-HND,BKK,HND,Japan,Tokyo (Haneda),2027-03-30,19523,THB
2026-10-06,BKK-HND,BKK,HND,Japan,Tokyo (Haneda),2027-03-31,22097,THB
2026-10-06,BKK-HND,BKK,HND,Japan,Tokyo (Haneda),2027-04-01,18437,THB
2026-09-27,BKK-HND,BKK,HND,Japan,Tokyo (Haneda),2027-04-02,18312,THB
2026-09-27,BKK-HND,BKK,HND,Japan,Tokyo (Haneda),2027-04-03,18312,THB
2026-09-27,BKK-HND,BKK,HND,Japan,Tokyo (Haneda),2027-04-04,19377,THB
2026-10-06,BKK-HND,BKK,HND,Japan,Tokyo (Haneda),2027-04-05,18939,THB
2026-07-24,BKK-HND,BKK,HND,Japan,Tokyo (Haneda),2027-04-06,18698,THB
2026-08-05,BKK-HND,BKK,HND,Japan,Tokyo (Haneda),2027-04-07,16658,THB
2026-09-28,BKK-HND,BKK,HND,Japan,Tokyo (Haneda),2027-04-08,18450,THB
2026-10-06,BKK-HND,BKK,HND,Japan,Tokyo (Haneda),2027-04-09,18752,THB
2026-08-15,BKK-HND,BKK,HND,Japan,Tokyo (Haneda),2027-04-10,18946,THB
2026-09-30,BKK-HND,BKK,HND,Japan,Tokyo (Haneda),2027-04-12,18296,THB
2026-08-16,BKK-HND,BKK,HND,Japan,Tokyo (Haneda),2027-04-13,17441,THB
2026-10-02,BKK-HND,BKK,HND,Japan,Tokyo (Haneda),2027-04-14,18358,THB
2026-09-24,BKK-HND,BKK,HND,Japan,Tokyo (Haneda),2027-04-15,16925,THB
2026-10-06,BKK-HND,BKK,HND,Japan,Tokyo (Haneda),2027-04-16,18229,THB
2026-09-28,BKK-HND,BKK,HND,Japan,Tokyo (Haneda),2027-04-17,18210,THB
2026-08-05,BKK-HND,BKK,HND,Japan,Tokyo (Haneda),2027-04-18,14808,THB
2026-10-06,BKK-HND,BKK,HND,Japan,Tokyo (Haneda),2027-04-19,17989,THB
2026-10-06,BKK-HND,BKK,HND,Japan,Tokyo (Haneda),2027-04-20,15725,THB
2026-10-06,BKK-HND,BKK,HND,Japan,Tokyo (Haneda),2027-04-21,15725,THB
2026-10-06,BKK-HND,BKK,HND,Japan,Tokyo (Haneda),2027-04-22,18883,THB
2026-10-05,BKK-HND,BKK,HND,Japan,Tokyo (Haneda),2027-04-23,15281,THB
2026-09-29,BKK-HND,BKK,HND,Japan,Tokyo (Haneda),2027-04-24,16299,THB
2026-10-05,BKK-HND,BKK,HND,Japan,Tokyo (Haneda),2027-04-25,16810,THB
2026-08-02,BKK-HND,BKK,HND,Japan,Tokyo (Haneda),2027-04-26,19557,THB
2026-10-06,BKK-HND,BKK,HND,Japan,Tokyo (Haneda),2027-04-27,14799,THB
2026-08-27,BKK-HND,BKK,HND,Japan,Tokyo (Haneda),2027-04-28,14171,THB
2026-09-19,BKK-HND,BKK,HND,Japan,Tokyo (Haneda),2027-04-29,14094,THB
2026-09-27,BKK-HND,BKK,HND,Japan,Tokyo (Haneda),2027-04-30,15944,THB
2026-10-06,BKK-HND,BKK,HND,Japan,Tokyo (Haneda),2027-05-01,17370,THB
2026-09-07,BKK-HND,BKK,HND,Japan,Tokyo (Haneda),2027-05-03,15281,THB
2026-08-27,BKK-HND,BKK,HND,Japan,Tokyo (Haneda),2027-05-09,14171,THB
2026-09-05,BKK-HND,BKK,HND,Japan,Tokyo (Haneda),2027-05-10,13928,THB
2026-06-26,BKK-HND,BKK,HND,Japan,Tokyo (Haneda),2027-05-13,15509,THB
2026-07-02,BKK-HND,BKK,HND,Japan,Tokyo (Haneda),2027-05-17,14589,THB
2026-10-06,BKK-HND,BKK,HND,Japan,Tokyo (Haneda),2027-05-19,15911,THB
2026-10-06,BKK-HND,BKK,HND,Japan,Tokyo (Haneda),2027-05-21,16359,THB
2026-10-06,BKK-HND,BKK,HND,Japan,Tokyo (Haneda),2027-05-24,15053,THB
2026-09-30,BKK-HND,BKK,HND,Japan,Tokyo (Haneda),2027-05-25,14620,THB
2026-10-06,BKK-HND,BKK,HND,Japan,Tokyo (Haneda),2027-05-28,16173,THB
2026-10-06,BKK-HND,BKK,HND,Japan,Tokyo (Haneda),2027-06-01,13412,THB
2026-10-06,BKK-HND,BKK,HND,Japan,Tokyo (Haneda),2027-06-02,13542,THB
2026-09-26,BKK-HND,BKK,HND,Japan,Tokyo (Haneda),2027-06-05,13276,THB
2026-10-01,BKK-HND,BKK,HND,Japan,Tokyo (Haneda),2027-06-07,13467,THB
2026-08-23,BKK-HND,BKK,HND,Japan,Tokyo (Haneda),2027-06-08,11670,THB
2026-08-23,BKK-HND,BKK,HND,Japan,Tokyo (Haneda),2027-06-09,11670,THB
2026-09-14,BKK-HND,BKK,HND,Japan,Tokyo (Haneda),2027-06-10,12985,THB
2026-10-06,BKK-HND,BKK,HND,Japan,Tokyo (Haneda),2027-06-11,13800,THB
2026-08-10,BKK-HND,BKK,HND,Japan,Tokyo (Haneda),2027-06-13,13031,THB
2026-10-06,BKK-HND,BKK,HND,Japan,Tokyo (Haneda),2027-06-14,13013,THB
2026-08-23,BKK-HND,BKK,HND,Japan,Tokyo (Haneda),2027-06-17,11855,THB
2026-07-02,BKK-HND,BKK,HND,Japan,Tokyo (Haneda),2027-06-19,17251,THB
2026-09-17,BKK-HND,BKK,HND,Japan,Tokyo (Haneda),2027-06-20,11882,THB
2026-08-16,BKK-HND,BKK,HND,Japan,Tokyo (Haneda),2027-06-25,13145,THB
2026-10-01,BKK-HND,BKK,HND,Japan,Tokyo (Haneda),2027-06-30,11872,THB
2026-09-21,BKK-HND,BKK,HND,Japan,Tokyo (Haneda),2027-07-02,13416,THB
2026-10-01,BKK-HND,BKK,HND,Japan,Tokyo (Haneda),2027-07-03,11831,THB
2026-10-01,BKK-HND,BKK,HND,Japan,Tokyo (Haneda),2027-07-05,12958,THB
2026-10-04,BKK-HND,BKK,HND,Japan,Tokyo (Haneda),2027-07-07,12591,THB
2026-10-01,BKK-HND,BKK,HND,Japan,Tokyo (Haneda),2027-07-08,13418,THB
2026-10-01,BKK-HND,BKK,HND,Japan,Tokyo (Haneda),2027-07-09,13386,THB
2026-10-01,BKK-HND,BKK,HND,Japan,Tokyo (Haneda),2027-07-10,13386,THB
2026-08-12,BKK-HND,BKK,HND,Japan,Tokyo (Haneda),2027-07-12,13423,THB
2026-09-10,BKK-HND,BKK,HND,Japan,Tokyo (Haneda),2027-07-21,13514,THB
2026-08-02,BKK-HND,BKK,HND,Japan,Tokyo (Haneda),2027-07-23,22613,THB
2026-08-17,BKK-HND,BKK,HND,Japan,Tokyo (Haneda),2027-07-25,23410,THB
2026-10-01,BKK-HND,BKK,HND,Japan,Tokyo (Haneda),2027-07-28,15554,THB
2026-10-01,BKK-HND,BKK,HND,Japan,Tokyo (Haneda),2027-07-30,15959,THB
2026-09-05,BKK-HND,BKK,HND,Japan,Tokyo (Haneda),2027-08-01,18149,THB
2026-10-06,BKK-HND,BKK,HND,Japan,Tokyo (Haneda),2027-08-03,14581,THB
2026-10-01,BKK-HND,BKK,HND,Japan,Tokyo (Haneda),2027-08-05,14647,THB
2026-10-01,BKK-HND,BKK,HND,Japan,Tokyo (Haneda),2027-08-06,14649,THB
2026-10-06,BKK-HND,BKK,HND,Japan,Tokyo (Haneda),2027-08-09,14646,THB
2026-09-12,BKK-HND,BKK,HND,Japan,Tokyo (Haneda),2027-08-12,18345,THB
2026-09-30,BKK-HND,BKK,HND,Japan,Tokyo (Haneda),2027-08-14,16544,THB
2026-09-30,BKK-HND,BKK,HND,Japan,Tokyo (Haneda),2027-08-15,18213,THB
2026-09-18,BKK-HND,BKK,HND,Japan,Tokyo (Haneda),2027-08-21,14442,THB
2026-10-02,BKK-HND,BKK,HND,Japan,Tokyo (Haneda),2027-09-08,18160,THB
2026-10-03,BKK-HND,BKK,HND,Japan,Tokyo (Haneda),2027-09-13,13615,THB
2026-10-02,BKK-HND,BKK,HND,Japan,Tokyo (Haneda),2027-09-17,18140,THB
2026-10-06,BKK-KBV,BKK,KBV,Thailand,Krabi,2026-10-08,2579,THB
2026-10-06,BKK-KBV,BKK,KBV,Thailand,Krabi,2026-10-09,2425,THB
2026-10-06,BKK-KBV,BKK,KBV,Thailand,Krabi,2026-10-10,2678,THB
2026-10-06,BKK-KBV,BKK,KBV,Thailand,Krabi,2026-10-11,2458,THB
2026-10-06,BKK-KBV,BKK,KBV,Thailand,Krabi,2026-10-12,2507,THB
2026-10-06,BKK-KBV,BKK,KBV,Thailand,Krabi,2026-10-13,2428,THB
2026-10-06,BKK-KBV,BKK,KBV,Thailand,Krabi,2026-10-14,2480,THB
2026-10-06,BKK-KBV,BKK,KBV,Thailand,Krabi,2026-10-15,2345,THB
2026-10-06,BKK-KBV,BKK,KBV,Thailand,Krabi,2026-10-16,2336,THB
2026-10-06,BKK-KBV,BKK,KBV,Thailand,Krabi,2026-10-17,2579,THB
2026-10-06,BKK-KBV,BKK,KBV,Thailand,Krabi,2026-10-18,2572,THB
2026-10-06,BKK-KBV,BKK,KBV,Thailand,Krabi,2026-10-19,2506,THB
2026-10-06,BKK-KBV,BKK,KBV,Thailand,Krabi,2026-10-20,2488,THB
2026-10-06,BKK-KBV,BKK,KBV,Thailand,Krabi,2026-10-21,2547,THB
2026-10-06,BKK-KBV,BKK,KBV,Thailand,Krabi,2026-10-22,2599,THB
2026-10-06,BKK-KBV,BKK,KBV,Thailand,Krabi,2026-10-23,2499,THB
2026-10-06,BKK-KBV,BKK,KBV,Thailand,Krabi,2026-10-24,2112,THB
2026-10-06,BKK-KBV,BKK,KBV,Thailand,Krabi,2026-10-25,2523,THB
2026-10-06,BKK-KBV,BKK,KBV,Thailand,Krabi,2026-10-26,2446,THB
2026-10-06,BKK-KBV,BKK,KBV,Thailand,Krabi,2026-10-27,2453,THB
2026-10-06,BKK-KBV,BKK,KBV,Thailand,Krabi,2026-10-28,2478,THB
2026-10-06,BKK-KBV,BKK,KBV,Thailand,Krabi,2026-10-29,2360,THB
2026-10-06,BKK-KBV,BKK,KBV,Thailand,Krabi,2026-10-30,2625,THB
2026-10-06,BKK-KBV,BKK,KBV,Thailand,Krabi,2026-10-31,2416,THB
2026-10-06,BKK-KBV,BKK,KBV,Thailand,Krabi,2026-11-01,2615,THB
2026-10-06,BKK-KBV,BKK,KBV,Thailand,Krabi,2026-11-02,2616,THB
2026-10-06,BKK-KBV,BKK,KBV,Thailand,Krabi,2026-11-03,2601,THB
2026-10-06,BKK-KBV,BKK,KBV,Thailand,Krabi,2026-11-04,2447,THB
2026-10-06,BKK-KBV,BKK,KBV,Thailand,Krabi,2026-11-05,2543,THB
2026-10-06,BKK-KBV,BKK,KBV,Thailand,Krabi,2026-11-06,2702,THB
2026-10-06,BKK-KBV,BKK,KBV,Thailand,Krabi,2026-11-07,3153,THB
2026-10-06,BKK-KBV,BKK,KBV,Thailand,Krabi,2026-11-08,2806,THB
2026-10-06,BKK-KBV,BKK,KBV,Thailand,Krabi,2026-11-09,2582,THB
2026-10-06,BKK-KBV,BKK,KBV,Thailand,Krabi,2026-11-10,2507,THB
2026-10-06,BKK-KBV,BKK,KBV,Thailand,Krabi,2026-11-11,2831,THB
2026-10-06,BKK-KBV,BKK,KBV,Thailand,Krabi,2026-11-12,2918,THB
2026-10-06,BKK-KBV,BKK,KBV,Thailand,Krabi,2026-11-13,2862,THB
2026-10-06,BKK-KBV,BKK,KBV,Thailand,Krabi,2026-11-14,3343,THB
2026-10-06,BKK-KBV,BKK,KBV,Thailand,Krabi,2026-11-15,3252,THB
2026-10-06,BKK-KBV,BKK,KBV,Thailand,Krabi,2026-11-16,3072,THB
2026-10-06,BKK-KBV,BKK,KBV,Thailand,Krabi,2026-11-17,2722,THB
2026-10-06,BKK-KBV,BKK,KBV,Thailand,Krabi,2026-11-18,2801,THB
2026-10-06,BKK-KBV,BKK,KBV,Thailand,Krabi,2026-11-19,2529,THB
2026-10-06,BKK-KBV,BKK,KBV,Thailand,Krabi,2026-11-20,2830,THB
2026-10-06,BKK-KBV,BKK,KBV,Thailand,Krabi,2026-11-21,2619,THB
2026-10-06,BKK-KBV,BKK,KBV,Thailand,Krabi,2026-11-22,2713,THB
2026-10-06,BKK-KBV,BKK,KBV,Thailand,Krabi,2026-11-23,2983,THB
2026-10-06,BKK-KBV,BKK,KBV,Thailand,Krabi,2026-11-24,2883,THB
2026-10-06,BKK-KBV,BKK,KBV,Thailand,Krabi,2026-11-25,2560,THB
2026-10-06,BKK-KBV,BKK,KBV,Thailand,Krabi,2026-11-26,3231,THB
2026-10-06,BKK-KBV,BKK,KBV,Thailand,Krabi,2026-11-27,3218,THB
2026-10-06,BKK-KBV,BKK,KBV,Thailand,Krabi,2026-11-28,3140,THB
2026-10-06,BKK-KBV,BKK,KBV,Thailand,Krabi,2026-11-29,2977,THB
2026-10-06,BKK-KBV,BKK,KBV,Thailand,Krabi,2026-11-30,2905,THB
2026-10-06,BKK-KBV,BKK,KBV,Thailand,Krabi,2026-12-01,2671,THB
2026-10-06,BKK-KBV,BKK,KBV,Thailand,Krabi,2026-12-02,3132,THB
2026-10-06,BKK-KBV,BKK,KBV,Thailand,Krabi,2026-12-03,2931,THB
2026-10-06,BKK-KBV,BKK,KBV,Thailand,Krabi,2026-12-04,3502,THB
2026-10-06,BKK-KBV,BKK,KBV,Thailand,Krabi,2026-12-05,3077,THB
2026-10-06,BKK-KBV,BKK,KBV,Thailand,Krabi,2026-12-06,2869,THB
2026-10-06,BKK-KBV,BKK,KBV,Thailand,Krabi,2026-12-07,2794,THB
2026-10-06,BKK-KBV,BKK,KBV,Thailand,Krabi,2026-12-08,2944,THB
2026-10-06,BKK-KBV,BKK,KBV,Thailand,Krabi,2026-12-09,2773,THB
2026-10-06,BKK-KBV,BKK,KBV,Thailand,Krabi,2026-12-10,2967,THB
2026-10-06,BKK-KBV,BKK,KBV,Thailand,Krabi,2026-12-11,2876,THB
2026-10-06,BKK-KBV,BKK,KBV,Thailand,Krabi,2026-12-12,2757,THB
2026-10-06,BKK-KBV,BKK,KBV,Thailand,Krabi,2026-12-13,2983,THB
2026-10-06,BKK-KBV,BKK,KBV,Thailand,Krabi,2026-12-14,4871,THB
2026-10-06,BKK-KBV,BKK,KBV,Thailand,Krabi,2026-12-15,3305,THB
2026-10-06,BKK-KBV,BKK,KBV,Thailand,Krabi,2026-12-16,2843,THB
2026-10-06,BKK-KBV,BKK,KBV,Thailand,Krabi,2026-12-17,3016,THB
2026-10-06,BKK-KBV,BKK,KBV,Thailand,Krabi,2026-12-18,3021,THB
2026-10-06,BKK-KBV,BKK,KBV,Thailand,Krabi,2026-12-19,2813,THB
2026-10-06,BKK-KBV,BKK,KBV,Thailand,Krabi,2026-12-20,3217,THB
2026-10-06,BKK-KBV,BKK,KBV,Thailand,Krabi,2026-12-21,3922,THB
2026-10-06,BKK-KBV,BKK,KBV,Thailand,Krabi,2026-12-22,3394,THB
2026-10-06,BKK-KBV,BKK,KBV,Thailand,Krabi,2026-12-23,4143,THB
2026-10-06,BKK-KBV,BKK,KBV,Thailand,Krabi,2026-12-24,3134,THB
2026-10-06,BKK-KBV,BKK,KBV,Thailand,Krabi,2026-12-25,3134,THB
2026-10-06,BKK-KBV,BKK,KBV,Thailand,Krabi,2026-12-26,4145,THB
2026-10-06,BKK-KBV,BKK,KBV,Thailand,Krabi,2026-12-27,4100,THB
2026-10-06,BKK-KBV,BKK,KBV,Thailand,Krabi,2026-12-28,4483,THB
2026-10-06,BKK-KBV,BKK,KBV,Thailand,Krabi,2026-12-29,4966,THB
2026-10-06,BKK-KBV,BKK,KBV,Thailand,Krabi,2026-12-30,4209,THB
2026-10-06,BKK-KBV,BKK,KBV,Thailand,Krabi,2026-12-31,2975,THB
2026-10-06,BKK-KBV,BKK,KBV,Thailand,Krabi,2027-01-01,3145,THB
2026-10-06,BKK-KBV,BKK,KBV,Thailand,Krabi,2027-01-02,3169,THB
2026-10-06,BKK-KBV,BKK,KBV,Thailand,Krabi,2027-01-03,3115,THB
2026-10-06,BKK-KBV,BKK,KBV,Thailand,Krabi,2027-01-04,2866,THB
2026-10-06,BKK-KBV,BKK,KBV,Thailand,Krabi,2027-01-05,2356,THB
2026-10-06,BKK-KBV,BKK,KBV,Thailand,Krabi,2027-01-06,2348,THB
2026-10-06,BKK-KBV,BKK,KBV,Thailand,Krabi,2027-01-07,2940,THB
2026-10-06,BKK-KBV,BKK,KBV,Thailand,Krabi,2027-01-08,2447,THB
2026-10-06,BKK-KBV,BKK,KBV,Thailand,Krabi,2027-01-09,2346,THB
2026-10-05,BKK-KBV,BKK,KBV,Thailand,Krabi,2027-01-10,2366,THB
2026-10-06,BKK-KBV,BKK,KBV,Thailand,Krabi,2027-01-11,2324,THB
2026-10-06,BKK-KBV,BKK,KBV,Thailand,Krabi,2027-01-12,2291,THB
2026-10-06,BKK-KBV,BKK,KBV,Thailand,Krabi,2027-01-13,2406,THB
2026-10-06,BKK-KBV,BKK,KBV,Thailand,Krabi,2027-01-14,2740,THB
2026-10-06,BKK-KBV,BKK,KBV,Thailand,Krabi,2027-01-15,2246,THB
2026-10-06,BKK-KBV,BKK,KBV,Thailand,Krabi,2027-01-16,2321,THB
2026-10-06,BKK-KBV,BKK,KBV,Thailand,Krabi,2027-01-17,2381,THB
2026-10-06,BKK-KBV,BKK,KBV,Thailand,Krabi,2027-01-18,2322,THB
2026-10-06,BKK-KBV,BKK,KBV,Thailand,Krabi,2027-01-19,2435,THB
2026-10-06,BKK-KBV,BKK,KBV,Thailand,Krabi,2027-01-20,2320,THB
2026-10-06,BKK-KBV,BKK,KBV,Thailand,Krabi,2027-01-21,2447,THB
2026-10-06,BKK-KBV,BKK,KBV,Thailand,Krabi,2027-01-22,2320,THB
2026-10-06,BKK-KBV,BKK,KBV,Thailand,Krabi,2027-01-23,2839,THB
2026-10-06,BKK-KBV,BKK,KBV,Thailand,Krabi,2027-01-24,2349,THB
2026-10-06,BKK-KBV,BKK,KBV,Thailand,Krabi,2027-01-25,2454,THB
2026-09-22,BKK-KBV,BKK,KBV,Thailand,Krabi,2027-01-26,2819,THB
2026-10-06,BKK-KBV,BKK,KBV,Thailand,Krabi,2027-01-27,2355,THB
2026-10-03,BKK-KBV,BKK,KBV,Thailand,Krabi,2027-01-28,2702,THB
2026-10-06,BKK-KBV,BKK,KBV,Thailand,Krabi,2027-01-29,2358,THB
2026-10-06,BKK-KBV,BKK,KBV,Thailand,Krabi,2027-01-30,2339,THB
2026-10-06,BKK-KBV,BKK,KBV,Thailand,Krabi,2027-01-31,2517,THB
2026-10-06,BKK-KBV,BKK,KBV,Thailand,Krabi,2027-02-01,2348,THB
2026-10-06,BKK-KBV,BKK,KBV,Thailand,Krabi,2027-02-02,2291,THB
2026-10-06,BKK-KBV,BKK,KBV,Thailand,Krabi,2027-02-03,2518,THB
2026-09-27,BKK-KBV,BKK,KBV,Thailand,Krabi,2027-02-04,2783,THB
2026-10-06,BKK-KBV,BKK,KBV,Thailand,Krabi,2027-02-05,2664,THB
2026-10-06,BKK-KBV,BKK,KBV,Thailand,Krabi,2027-02-06,2404,THB
2026-10-06,BKK-KBV,BKK,KBV,Thailand,Krabi,2027-02-07,2513,THB
2026-10-06,BKK-KBV,BKK,KBV,Thailand,Krabi,2027-02-08,2296,THB
2026-10-06,BKK-KBV,BKK,KBV,Thailand,Krabi,2027-02-09,2819,THB
2026-10-06,BKK-KBV,BKK,KBV,Thailand,Krabi,2027-02-10,2745,THB
2026-10-06,BKK-KBV,BKK,KBV,Thailand,Krabi,2027-02-11,2491,THB
2026-10-06,BKK-KBV,BKK,KBV,Thailand,Krabi,2027-02-12,2979,THB
2026-10-06,BKK-KBV,BKK,KBV,Thailand,Krabi,2027-02-13,2765,THB
2026-10-06,BKK-KBV,BKK,KBV,Thailand,Krabi,2027-02-14,2952,THB
2026-10-06,BKK-KBV,BKK,KBV,Thailand,Krabi,2027-02-15,3207,THB
2026-10-06,BKK-KBV,BKK,KBV,Thailand,Krabi,2027-02-16,2281,THB
2026-10-06,BKK-KBV,BKK,KBV,Thailand,Krabi,2027-02-17,2392,THB
2026-10-06,BKK-KBV,BKK,KBV,Thailand,Krabi,2027-02-18,2457,THB
2026-10-06,BKK-KBV,BKK,KBV,Thailand,Krabi,2027-02-19,2723,THB
2026-10-06,BKK-KBV,BKK,KBV,Thailand,Krabi,2027-02-20,2683,THB
2026-10-06,BKK-KBV,BKK,KBV,Thailand,Krabi,2027-02-21,2722,THB
2026-10-06,BKK-KBV,BKK,KBV,Thailand,Krabi,2027-02-22,2924,THB
2026-10-06,BKK-KBV,BKK,KBV,Thailand,Krabi,2027-02-23,2678,THB
2026-10-06,BKK-KBV,BKK,KBV,Thailand,Krabi,2027-02-24,2522,THB
2026-09-21,BKK-KBV,BKK,KBV,Thailand,Krabi,2027-02-25,2853,THB
2026-10-06,BKK-KBV,BKK,KBV,Thailand,Krabi,2027-02-26,2699,THB
2026-10-06,BKK-KBV,BKK,KBV,Thailand,Krabi,2027-02-27,2295,THB
2026-10-06,BKK-KBV,BKK,KBV,Thailand,Krabi,2027-02-28,2355,THB
2026-10-06,BKK-KBV,BKK,KBV,Thailand,Krabi,2027-03-01,2952,THB
2026-10-06,BKK-KBV,BKK,KBV,Thailand,Krabi,2027-03-02,2848,THB
2026-10-06,BKK-KBV,BKK,KBV,Thailand,Krabi,2027-03-03,2778,THB
2026-10-06,BKK-KBV,BKK,KBV,Thailand,Krabi,2027-03-04,2849,THB
2026-10-06,BKK-KBV,BKK,KBV,Thailand,Krabi,2027-03-05,2345,THB
2026-09-21,BKK-KBV,BKK,KBV,Thailand,Krabi,2027-03-06,2539,THB
2026-10-06,BKK-KBV,BKK,KBV,Thailand,Krabi,2027-03-07,1952,THB
2026-10-06,BKK-KBV,BKK,KBV,Thailand,Krabi,2027-03-08,2286,THB
2026-09-24,BKK-KBV,BKK,KBV,Thailand,Krabi,2027-03-09,1975,THB
2026-10-06,BKK-KBV,BKK,KBV,Thailand,Krabi,2027-03-10,2184,THB
2026-10-06,BKK-KBV,BKK,KBV,Thailand,Krabi,2027-03-11,2352,THB
2026-10-06,BKK-KBV,BKK,KBV,Thailand,Krabi,2027-03-12,2530,THB
2026-10-06,BKK-KBV,BKK,KBV,Thailand,Krabi,2027-03-13,2303,THB
2026-10-06,BKK-KBV,BKK,KBV,Thailand,Krabi,2027-03-14,2344,THB
2026-10-04,BKK-KBV,BKK,KBV,Thailand,Krabi,2027-03-15,2329,THB
2026-09-02,BKK-KBV,BKK,KBV,Thailand,Krabi,2027-03-16,2564,THB
2026-08-18,BKK-KBV,BKK,KBV,Thailand,Krabi,2027-03-17,2057,THB
2026-10-03,BKK-KBV,BKK,KBV,Thailand,Krabi,2027-03-18,2571,THB
2026-09-20,BKK-KBV,BKK,KBV,Thailand,Krabi,2027-03-19,2524,THB
2026-06-11,BKK-KBV,BKK,KBV,Thailand,Krabi,2027-03-20,1666,THB
2026-10-02,BKK-KBV,BKK,KBV,Thailand,Krabi,2027-03-21,2256,THB
2026-10-02,BKK-KBV,BKK,KBV,Thailand,Krabi,2027-03-23,3117,THB
2026-09-10,BKK-KBV,BKK,KBV,Thailand,Krabi,2027-03-24,3007,THB
2026-09-22,BKK-KBV,BKK,KBV,Thailand,Krabi,2027-03-25,2753,THB
2026-09-23,BKK-KBV,BKK,KBV,Thailand,Krabi,2027-03-26,2977,THB
2026-08-02,BKK-KBV,BKK,KBV,Thailand,Krabi,2027-03-27,2873,THB
2026-08-02,BKK-KBV,BKK,KBV,Thailand,Krabi,2027-03-28,2962,THB
2026-09-28,BKK-KBV,BKK,KBV,Thailand,Krabi,2027-03-30,3809,THB
2026-09-15,BKK-KBV,BKK,KBV,Thailand,Krabi,2027-03-31,2751,THB
2026-09-15,BKK-KBV,BKK,KBV,Thailand,Krabi,2027-04-01,2751,THB
2026-09-06,BKK-KBV,BKK,KBV,Thailand,Krabi,2027-04-02,4185,THB
2026-09-15,BKK-KBV,BKK,KBV,Thailand,Krabi,2027-04-03,3981,THB
2026-10-06,BKK-KBV,BKK,KBV,Thailand,Krabi,2027-04-04,3642,THB
2026-08-16,BKK-KBV,BKK,KBV,Thailand,Krabi,2027-04-05,3617,THB
2026-10-06,BKK-KBV,BKK,KBV,Thailand,Krabi,2027-04-06,3635,THB
2026-10-06,BKK-KBV,BKK,KBV,Thailand,Krabi,2027-04-07,4163,THB
2026-10-06,BKK-KBV,BKK,KBV,Thailand,Krabi,2027-04-09,3649,THB
2026-09-25,BKK-KBV,BKK,KBV,Thailand,Krabi,2027-04-10,4330,THB
2026-09-21,BKK-KBV,BKK,KBV,Thailand,Krabi,2027-04-12,3922,THB
2026-09-15,BKK-KBV,BKK,KBV,Thailand,Krabi,2027-04-15,3532,THB
2026-08-31,BKK-KBV,BKK,KBV,Thailand,Krabi,2027-04-17,3083,THB
2026-10-03,BKK-KBV,BKK,KBV,Thailand,Krabi,2027-04-22,1985,THB
2026-09-26,BKK-KBV,BKK,KBV,Thailand,Krabi,2027-04-24,2273,THB
2026-09-04,BKK-KBV,BKK,KBV,Thailand,Krabi,2027-04-25,2919,THB
2026-09-12,BKK-KBV,BKK,KBV,Thailand,Krabi,2027-05-02,3441,THB
2026-10-03,BKK-KBV,BKK,KBV,Thailand,Krabi,2027-05-04,2347,THB
2026-09-17,BKK-KBV,BKK,KBV,Thailand,Krabi,2027-05-10,2414,THB
2026-09-12,BKK-KBV,BKK,KBV,Thailand,Krabi,2027-05-12,2543,THB
2026-10-06,BKK-KBV,BKK,KBV,Thailand,Krabi,2027-05-15,2491,THB
2026-09-11,BKK-KBV,BKK,KBV,Thailand,Krabi,2027-05-18,2544,THB
2026-10-06,BKK-KBV,BKK,KBV,Thailand,Krabi,2027-05-19,2651,THB
2026-07-24,BKK-KBV,BKK,KBV,Thailand,Krabi,2027-05-23,2907,THB
2026-09-16,BKK-KBV,BKK,KBV,Thailand,Krabi,2027-05-24,1989,THB
2026-09-16,BKK-KBV,BKK,KBV,Thailand,Krabi,2027-05-25,1879,THB
2026-09-16,BKK-KBV,BKK,KBV,Thailand,Krabi,2027-05-26,1879,THB
2026-09-16,BKK-KBV,BKK,KBV,Thailand,Krabi,2027-05-27,1989,THB
2026-09-16,BKK-KBV,BKK,KBV,Thailand,Krabi,2027-05-28,1879,THB
2026-09-05,BKK-KBV,BKK,KBV,Thailand,Krabi,2027-06-01,2532,THB
2026-10-06,BKK-KBV,BKK,KBV,Thailand,Krabi,2027-06-11,2652,THB
2026-07-08,BKK-KBV,BKK,KBV,Thailand,Krabi,2027-06-12,2612,THB
2026-08-21,BKK-KBV,BKK,KBV,Thailand,Krabi,2027-06-13,2254,THB
2026-09-28,BKK-KBV,BKK,KBV,Thailand,Krabi,2027-06-25,2760,THB
2026-09-28,BKK-KBV,BKK,KBV,Thailand,Krabi,2027-06-26,2760,THB
2026-09-28,BKK-KBV,BKK,KBV,Thailand,Krabi,2027-06-27,2767,THB
2026-07-22,BKK-KBV,BKK,KBV,Thailand,Krabi,2027-07-01,2424,THB
2026-10-06,BKK-KBV,BKK,KBV,Thailand,Krabi,2027-07-11,2261,THB
2026-09-21,BKK-KBV,BKK,KBV,Thailand,Krabi,2027-07-16,2538,THB
2026-09-21,BKK-KBV,BKK,KBV,Thailand,Krabi,2027-07-17,2523,THB
2026-09-21,BKK-KBV,BKK,KBV,Thailand,Krabi,2027-07-18,2284,THB
2026-10-06,BKK-KBV,BKK,KBV,Thailand,Krabi,2027-08-30,2417,THB
2026-09-29,BKK-KBV,BKK,KBV,Thailand,Krabi,2027-09-01,1199,THB
2026-10-06,BKK-KBV,BKK,KBV,Thailand,Krabi,2027-09-03,2425,THB
2026-10-01,BKK-KBV,BKK,KBV,Thailand,Krabi,2027-09-13,2423,THB
2026-08-31,BKK-KIX,BKK,KIX,Japan,Osaka,2026-10-08,13669,THB
2026-10-06,BKK-KIX,BKK,KIX,Japan,Osaka,2026-10-09,17495,THB
2026-10-06,BKK-KIX,BKK,KIX,Japan,Osaka,2026-10-10,17376,THB
2026-08-15,BKK-KIX,BKK,KIX,Japan,Osaka,2026-10-11,14741,THB
2026-08-31,BKK-KIX,BKK,KIX,Japan,Osaka,2026-10-12,13127,THB
2026-09-27,BKK-KIX,BKK,KIX,Japan,Osaka,2026-10-13,13019,THB
2026-10-06,BKK-KIX,BKK,KIX,Japan,Osaka,2026-10-14,13641,THB
2026-09-24,BKK-KIX,BKK,KIX,Japan,Osaka,2026-10-15,14248,THB
2026-09-20,BKK-KIX,BKK,KIX,Japan,Osaka,2026-10-16,12873,THB
2026-10-06,BKK-KIX,BKK,KIX,Japan,Osaka,2026-10-17,14349,THB
2026-10-06,BKK-KIX,BKK,KIX,Japan,Osaka,2026-10-18,15674,THB
2026-10-06,BKK-KIX,BKK,KIX,Japan,Osaka,2026-10-19,15519,THB
2026-09-06,BKK-KIX,BKK,KIX,Japan,Osaka,2026-10-20,11764,THB
2026-09-21,BKK-KIX,BKK,KIX,Japan,Osaka,2026-10-21,13369,THB
2026-10-02,BKK-KIX,BKK,KIX,Japan,Osaka,2026-10-22,13968,THB
2026-10-02,BKK-KIX,BKK,KIX,Japan,Osaka,2026-10-24,12435,THB
2026-09-23,BKK-KIX,BKK,KIX,Japan,Osaka,2026-10-25,14846,THB
2026-10-06,BKK-KIX,BKK,KIX,Japan,Osaka,2026-10-26,14836,THB
2026-10-06,BKK-KIX,BKK,KIX,Japan,Osaka,2026-10-27,13186,THB
2026-10-06,BKK-KIX,BKK,KIX,Japan,Osaka,2026-10-28,13860,THB
2026-09-29,BKK-KIX,BKK,KIX,Japan,Osaka,2026-10-29,13603,THB
2026-08-27,BKK-KIX,BKK,KIX,Japan,Osaka,2026-10-30,10601,THB
2026-09-28,BKK-KIX,BKK,KIX,Japan,Osaka,2026-10-31,13550,THB
2026-09-19,BKK-KIX,BKK,KIX,Japan,Osaka,2026-11-01,13061,THB
2026-10-04,BKK-KIX,BKK,KIX,Japan,Osaka,2026-11-02,12422,THB
2026-10-02,BKK-KIX,BKK,KIX,Japan,Osaka,2026-11-03,12783,THB
2026-09-27,BKK-KIX,BKK,KIX,Japan,Osaka,2026-11-04,13886,THB
2026-09-27,BKK-KIX,BKK,KIX,Japan,Osaka,2026-11-05,14580,THB
2026-09-27,BKK-KIX,BKK,KIX,Japan,Osaka,2026-11-06,13731,THB
2026-10-06,BKK-KIX,BKK,KIX,Japan,Osaka,2026-11-07,15854,THB
2026-10-06,BKK-KIX,BKK,KIX,Japan,Osaka,2026-11-08,13699,THB
2026-09-18,BKK-KIX,BKK,KIX,Japan,Osaka,2026-11-09,12327,THB
2026-10-06,BKK-KIX,BKK,KIX,Japan,Osaka,2026-11-10,13454,THB
2026-08-18,BKK-KIX,BKK,KIX,Japan,Osaka,2026-11-11,13425,THB
2026-08-30,BKK-KIX,BKK,KIX,Japan,Osaka,2026-11-12,12423,THB
2026-09-16,BKK-KIX,BKK,KIX,Japan,Osaka,2026-11-13,12999,THB
2026-08-18,BKK-KIX,BKK,KIX,Japan,Osaka,2026-11-14,13425,THB
2026-09-16,BKK-KIX,BKK,KIX,Japan,Osaka,2026-11-15,12986,THB
2026-10-06,BKK-KIX,BKK,KIX,Japan,Osaka,2026-11-16,12632,THB
2026-10-06,BKK-KIX,BKK,KIX,Japan,Osaka,2026-11-17,12926,THB
2026-10-01,BKK-KIX,BKK,KIX,Japan,Osaka,2026-11-18,12880,THB
2026-08-10,BKK-KIX,BKK,KIX,Japan,Osaka,2026-11-19,12970,THB
2026-09-09,BKK-KIX,BKK,KIX,Japan,Osaka,2026-11-20,12776,THB
2026-10-06,BKK-KIX,BKK,KIX,Japan,Osaka,2026-11-21,15084,THB
2026-10-02,BKK-KIX,BKK,KIX,Japan,Osaka,2026-11-22,14738,THB
2026-08-27,BKK-KIX,BKK,KIX,Japan,Osaka,2026-11-23,12495,THB
2026-09-16,BKK-KIX,BKK,KIX,Japan,Osaka,2026-11-24,12978,THB
2026-10-06,BKK-KIX,BKK,KIX,Japan,Osaka,2026-11-25,14594,THB
2026-10-06,BKK-KIX,BKK,KIX,Japan,Osaka,2026-11-26,14799,THB
2026-10-06,BKK-KIX,BKK,KIX,Japan,Osaka,2026-11-27,13599,THB
2026-09-02,BKK-KIX,BKK,KIX,Japan,Osaka,2026-11-28,11718,THB
2026-10-06,BKK-KIX,BKK,KIX,Japan,Osaka,2026-12-01,14088,THB
2026-10-03,BKK-KIX,BKK,KIX,Japan,Osaka,2026-12-02,13633,THB
2026-10-06,BKK-KIX,BKK,KIX,Japan,Osaka,2026-12-03,13791,THB
2026-10-02,BKK-KIX,BKK,KIX,Japan,Osaka,2026-12-04,14707,THB
2026-09-27,BKK-KIX,BKK,KIX,Japan,Osaka,2026-12-05,13835,THB
2026-10-06,BKK-KIX,BKK,KIX,Japan,Osaka,2026-12-06,13230,THB
2026-09-16,BKK-KIX,BKK,KIX,Japan,Osaka,2026-12-07,13538,THB
2026-09-16,BKK-KIX,BKK,KIX,Japan,Osaka,2026-12-08,12497,THB
2026-09-27,BKK-KIX,BKK,KIX,Japan,Osaka,2026-12-09,13709,THB
2026-09-27,BKK-KIX,BKK,KIX,Japan,Osaka,2026-12-10,13098,THB
2026-09-25,BKK-KIX,BKK,KIX,Japan,Osaka,2026-12-11,13983,THB
2026-09-23,BKK-KIX,BKK,KIX,Japan,Osaka,2026-12-12,13123,THB
2026-09-16,BKK-KIX,BKK,KIX,Japan,Osaka,2026-12-13,14632,THB
2026-09-16,BKK-KIX,BKK,KIX,Japan,Osaka,2026-12-14,14441,THB
2026-09-28,BKK-KIX,BKK,KIX,Japan,Osaka,2026-12-15,13587,THB
2026-09-13,BKK-KIX,BKK,KIX,Japan,Osaka,2026-12-17,12639,THB
2026-09-20,BKK-KIX,BKK,KIX,Japan,Osaka,2026-12-18,14702,THB
2026-09-02,BKK-KIX,BKK,KIX,Japan,Osaka,2026-12-19,18883,THB
2026-10-06,BKK-KIX,BKK,KIX,Japan,Osaka,2026-12-20,16752,THB
2026-10-06,BKK-KIX,BKK,KIX,Japan,Osaka,2026-12-21,20888,THB
2026-09-23,BKK-KIX,BKK,KIX,Japan,Osaka,2026-12-23,20577,THB
2026-09-30,BKK-KIX,BKK,KIX,Japan,Osaka,2026-12-24,18552,THB
2026-09-30,BKK-KIX,BKK,KIX,Japan,Osaka,2026-12-25,19125,THB
2026-08-27,BKK-KIX,BKK,KIX,Japan,Osaka,2026-12-26,17013,THB
2026-10-06,BKK-KIX,BKK,KIX,Japan,Osaka,2026-12-27,19106,THB
2026-07-13,BKK-KIX,BKK,KIX,Japan,Osaka,2026-12-28,14383,THB
2026-07-17,BKK-KIX,BKK,KIX,Japan,Osaka,2026-12-29,13978,THB
2026-09-30,BKK-KIX,BKK,KIX,Japan,Osaka,2026-12-30,18246,THB
2026-09-30,BKK-KIX,BKK,KIX,Japan,Osaka,2026-12-31,17858,THB
2026-08-26,BKK-KIX,BKK,KIX,Japan,Osaka,2027-01-01,15252,THB
2026-10-06,BKK-KIX,BKK,KIX,Japan,Osaka,2027-01-02,15611,THB
2026-10-06,BKK-KIX,BKK,KIX,Japan,Osaka,2027-01-03,16936,THB
2026-10-05,BKK-KIX,BKK,KIX,Japan,Osaka,2027-01-04,15385,THB
2026-09-29,BKK-KIX,BKK,KIX,Japan,Osaka,2027-01-05,15221,THB
2026-09-29,BKK-KIX,BKK,KIX,Japan,Osaka,2027-01-06,13940,THB
2026-09-29,BKK-KIX,BKK,KIX,Japan,Osaka,2027-01-08,13651,THB
2026-09-19,BKK-KIX,BKK,KIX,Japan,Osaka,2027-01-09,14345,THB
2026-09-29,BKK-KIX,BKK,KIX,Japan,Osaka,2027-01-10,14222,THB
2026-09-29,BKK-KIX,BKK,KIX,Japan,Osaka,2027-01-11,13967,THB
2026-09-29,BKK-KIX,BKK,KIX,Japan,Osaka,2027-01-12,13997,THB
2026-09-29,BKK-KIX,BKK,KIX,Japan,Osaka,2027-01-14,13552,THB
2026-09-22,BKK-KIX,BKK,KIX,Japan,Osaka,2027-01-15,13546,THB
2026-09-29,BKK-KIX,BKK,KIX,Japan,Osaka,2027-01-16,13668,THB
2026-08-26,BKK-KIX,BKK,KIX,Japan,Osaka,2027-01-17,12709,THB
2026-09-29,BKK-KIX,BKK,KIX,Japan,Osaka,2027-01-18,13772,THB
2026-09-20,BKK-KIX,BKK,KIX,Japan,Osaka,2027-01-19,12550,THB
2026-09-16,BKK-KIX,BKK,KIX,Japan,Osaka,2027-01-20,13166,THB
2026-10-06,BKK-KIX,BKK,KIX,Japan,Osaka,2027-01-22,13603,THB
2026-10-05,BKK-KIX,BKK,KIX,Japan,Osaka,2027-01-25,13811,THB
2026-08-03,BKK-KIX,BKK,KIX,Japan,Osaka,2027-01-27,12934,THB
2026-10-06,BKK-KIX,BKK,KIX,Japan,Osaka,2027-01-28,14505,THB
2026-09-20,BKK-KIX,BKK,KIX,Japan,Osaka,2027-01-30,13599,THB
2026-10-06,BKK-KIX,BKK,KIX,Japan,Osaka,2027-02-01,14008,THB
2026-10-03,BKK-KIX,BKK,KIX,Japan,Osaka,2027-02-02,13245,THB
2026-10-03,BKK-KIX,BKK,KIX,Japan,Osaka,2027-02-03,13109,THB
2026-07-24,BKK-KIX,BKK,KIX,Japan,Osaka,2027-02-04,14070,THB
2026-08-19,BKK-KIX,BKK,KIX,Japan,Osaka,2027-02-06,13497,THB
2026-09-24,BKK-KIX,BKK,KIX,Japan,Osaka,2027-02-07,14561,THB
2026-09-15,BKK-KIX,BKK,KIX,Japan,Osaka,2027-02-08,12392,THB
2026-09-23,BKK-KIX,BKK,KIX,Japan,Osaka,2027-02-10,14172,THB
2026-09-20,BKK-KIX,BKK,KIX,Japan,Osaka,2027-02-11,14621,THB
2026-07-05,BKK-KIX,BKK,KIX,Japan,Osaka,2027-02-13,14013,THB
2026-09-10,BKK-KIX,BKK,KIX,Japan,Osaka,2027-02-15,12213,THB
2026-09-20,BKK-KIX,BKK,KIX,Japan,Osaka,2027-02-16,13090,THB
2026-09-10,BKK-KIX,BKK,KIX,Japan,Osaka,2027-02-17,12213,THB
2026-10-03,BKK-KIX,BKK,KIX,Japan,Osaka,2027-02-19,14882,THB
2026-07-17,BKK-KIX,BKK,KIX,Japan,Osaka,2027-02-20,13154,THB
2026-09-27,BKK-KIX,BKK,KIX,Japan,Osaka,2027-02-24,13271,THB
2026-09-10,BKK-KIX,BKK,KIX,Japan,Osaka,2027-02-25,12200,THB
2026-10-03,BKK-KIX,BKK,KIX,Japan,Osaka,2027-02-26,13653,THB
2026-09-01,BKK-KIX,BKK,KIX,Japan,Osaka,2027-02-27,12611,THB
2026-10-06,BKK-KIX,BKK,KIX,Japan,Osaka,2027-02-28,13504,THB
2026-09-04,BKK-KIX,BKK,KIX,Japan,Osaka,2027-03-01,12390,THB
2026-09-04,BKK-KIX,BKK,KIX,Japan,Osaka,2027-03-02,13070,THB
2026-09-03,BKK-KIX,BKK,KIX,Japan,Osaka,2027-03-03,13289,THB
2026-09-17,BKK-KIX,BKK,KIX,Japan,Osaka,2027-03-04,14354,THB
2026-10-05,BKK-KIX,BKK,KIX,Japan,Osaka,2027-03-05,13744,THB
2026-09-07,BKK-KIX,BKK,KIX,Japan,Osaka,2027-03-06,12656,THB
2026-10-06,BKK-KIX,BKK,KIX,Japan,Osaka,2027-03-07,13828,THB
2026-07-17,BKK-KIX,BKK,KIX,Japan,Osaka,2027-03-08,13446,THB
2026-10-06,BKK-KIX,BKK,KIX,Japan,Osaka,2027-03-09,12975,THB
2026-10-06,BKK-KIX,BKK,KIX,Japan,Osaka,2027-03-10,13591,THB
2026-09-03,BKK-KIX,BKK,KIX,Japan,Osaka,2027-03-11,12653,THB
2026-09-27,BKK-KIX,BKK,KIX,Japan,Osaka,2027-03-12,12275,THB
2026-09-10,BKK-KIX,BKK,KIX,Japan,Osaka,2027-03-13,12197,THB
2026-10-06,BKK-KIX,BKK,KIX,Japan,Osaka,2027-03-14,12571,THB
2026-08-30,BKK-KIX,BKK,KIX,Japan,Osaka,2027-03-15,12474,THB
2026-07-05,BKK-KIX,BKK,KIX,Japan,Osaka,2027-03-16,12250,THB
2026-08-13,BKK-KIX,BKK,KIX,Japan,Osaka,2027-03-17,14339,THB
2026-07-04,BKK-KIX,BKK,KIX,Japan,Osaka,2027-03-19,15048,THB
2026-07-04,BKK-KIX,BKK,KIX,Japan,Osaka,2027-03-21,14971,THB
2026-09-20,BKK-KIX,BKK,KIX,Japan,Osaka,2027-03-22,19690,THB
2026-09-10,BKK-KIX,BKK,KIX,Japan,Osaka,2027-03-24,15488,THB
2026-09-10,BKK-KIX,BKK,KIX,Japan,Osaka,2027-03-26,17174,THB
2026-10-06,BKK-KIX,BKK,KIX,Japan,Osaka,2027-03-27,13559,THB
2026-09-17,BKK-KIX,BKK,KIX,Japan,Osaka,2027-04-01,16842,THB
2026-07-24,BKK-KIX,BKK,KIX,Japan,Osaka,2027-04-07,15355,THB
2026-09-28,BKK-KIX,BKK,KIX,Japan,Osaka,2027-04-08,13792,THB
2026-09-23,BKK-KIX,BKK,KIX,Japan,Osaka,2027-04-09,15139,THB
2026-10-06,BKK-KIX,BKK,KIX,Japan,Osaka,2027-04-10,15522,THB
2026-09-26,BKK-KIX,BKK,KIX,Japan,Osaka,2027-04-12,13831,THB
2026-09-10,BKK-KIX,BKK,KIX,Japan,Osaka,2027-04-13,16271,THB
2026-07-24,BKK-KIX,BKK,KIX,Japan,Osaka,2027-04-16,14306,THB
2026-10-02,BKK-KIX,BKK,KIX,Japan,Osaka,2027-04-20,14509,THB
2026-09-28,BKK-KIX,BKK,KIX,Japan,Osaka,2027-04-22,12411,THB
2026-08-15,BKK-KIX,BKK,KIX,Japan,Osaka,2027-05-03,15605,THB
2026-07-04,BKK-KIX,BKK,KIX,Japan,Osaka,2027-05-10,13831,THB
2026-08-15,BKK-KIX,BKK,KIX,Japan,Osaka,2027-05-18,13323,THB
2026-09-17,BKK-KIX,BKK,KIX,Japan,Osaka,2027-05-29,12147,THB
2026-07-10,BKK-KIX,BKK,KIX,Japan,Osaka,2027-06-01,15383,THB
2026-10-05,BKK-KIX,BKK,KIX,Japan,Osaka,2027-06-02,14174,THB
2026-08-02,BKK-KIX,BKK,KIX,Japan,Osaka,2027-06-09,13552,THB
2026-10-06,BKK-KIX,BKK,KIX,Japan,Osaka,2027-06-11,14188,THB
2026-08-23,BKK-KIX,BKK,KIX,Japan,Osaka,2027-07-14,14183,THB
2026-10-01,BKK-KIX,BKK,KIX,Japan,Osaka,2027-07-28,13641,THB
2026-09-30,BKK-KIX,BKK,KIX,Japan,Osaka,2027-08-15,13902,THB
2026-10-06,BKK-NRT,BKK,NRT,Japan,Tokyo (Narita),2026-10-08,15755,THB
2026-10-06,BKK-NRT,BKK,NRT,Japan,Tokyo (Narita),2026-10-09,15793,THB
2026-10-06,BKK-NRT,BKK,NRT,Japan,Tokyo (Narita),2026-10-10,14197,THB
2026-10-06,BKK-NRT,BKK,NRT,Japan,Tokyo (Narita),2026-10-11,16477,THB
2026-10-06,BKK-NRT,BKK,NRT,Japan,Tokyo (Narita),2026-10-12,16544,THB
2026-10-06,BKK-NRT,BKK,NRT,Japan,Tokyo (Narita),2026-10-13,15067,THB
2026-10-06,BKK-NRT,BKK,NRT,Japan,Tokyo (Narita),2026-10-14,13578,THB
2026-10-06,BKK-NRT,BKK,NRT,Japan,Tokyo (Narita),2026-10-15,13037,THB
2026-10-05,BKK-NRT,BKK,NRT,Japan,Tokyo (Narita),2026-10-16,15823,THB
2026-10-06,BKK-NRT,BKK,NRT,Japan,Tokyo (Narita),2026-10-17,15120,THB
2026-10-06,BKK-NRT,BKK,NRT,Japan,Tokyo (Narita),2026-10-18,14019,THB
2026-10-06,BKK-NRT,BKK,NRT,Japan,Tokyo (Narita),2026-10-19,15697,THB
2026-09-26,BKK-NRT,BKK,NRT,Japan,Tokyo (Narita),2026-10-20,15851,THB
2026-10-06,BKK-NRT,BKK,NRT,Japan,Tokyo (Narita),2026-10-21,13971,THB
2026-10-06,BKK-NRT,BKK,NRT,Japan,Tokyo (Narita),2026-10-22,16308,THB
2026-10-06,BKK-NRT,BKK,NRT,Japan,Tokyo (Narita),2026-10-23,13605,THB
2026-10-06,BKK-NRT,BKK,NRT,Japan,Tokyo (Narita),2026-10-24,13283,THB
2026-10-06,BKK-NRT,BKK,NRT,Japan,Tokyo (Narita),2026-10-25,13094,THB
2026-10-06,BKK-NRT,BKK,NRT,Japan,Tokyo (Narita),2026-10-26,14443,THB
2026-10-06,BKK-NRT,BKK,NRT,Japan,Tokyo (Narita),2026-10-27,12917,THB
2026-10-06,BKK-NRT,BKK,NRT,Japan,Tokyo (Narita),2026-10-28,14374,THB
2026-10-06,BKK-NRT,BKK,NRT,Japan,Tokyo (Narita),2026-10-29,12821,THB
2026-10-06,BKK-NRT,BKK,NRT,Japan,Tokyo (Narita),2026-10-30,12817,THB
2026-10-06,BKK-NRT,BKK,NRT,Japan,Tokyo (Narita),2026-10-31,13378,THB
2026-10-06,BKK-NRT,BKK,NRT,Japan,Tokyo (Narita),2026-11-01,14244,THB
2026-10-06,BKK-NRT,BKK,NRT,Japan,Tokyo (Narita),2026-11-02,14809,THB
2026-10-06,BKK-NRT,BKK,NRT,Japan,Tokyo (Narita),2026-11-03,14308,THB
2026-10-06,BKK-NRT,BKK,NRT,Japan,Tokyo (Narita),2026-11-04,15914,THB
2026-10-06,BKK-NRT,BKK,NRT,Japan,Tokyo (Narita),2026-11-05,12597,THB
2026-10-06,BKK-NRT,BKK,NRT,Japan,Tokyo (Narita),2026-11-06,14032,THB
2026-10-06,BKK-NRT,BKK,NRT,Japan,Tokyo (Narita),2026-11-07,14805,THB
2026-10-06,BKK-NRT,BKK,NRT,Japan,Tokyo (Narita),2026-11-08,13418,THB
2026-10-06,BKK-NRT,BKK,NRT,Japan,Tokyo (Narita),2026-11-09,15447,THB
2026-10-06,BKK-NRT,BKK,NRT,Japan,Tokyo (Narita),2026-11-10,13094,THB
2026-10-06,BKK-NRT,BKK,NRT,Japan,Tokyo (Narita),2026-11-11,15602,THB
2026-10-02,BKK-NRT,BKK,NRT,Japan,Tokyo (Narita),2026-11-12,16675,THB
2026-10-03,BKK-NRT,BKK,NRT,Japan,Tokyo (Narita),2026-11-13,14107,THB
2026-10-06,BKK-NRT,BKK,NRT,Japan,Tokyo (Narita),2026-11-14,14544,THB
2026-10-06,BKK-NRT,BKK,NRT,Japan,Tokyo (Narita),2026-11-15,12457,THB
2026-10-06,BKK-NRT,BKK,NRT,Japan,Tokyo (Narita),2026-11-16,13899,THB
2026-10-06,BKK-NRT,BKK,NRT,Japan,Tokyo (Narita),2026-11-17,12107,THB
2026-10-06,BKK-NRT,BKK,NRT,Japan,Tokyo (Narita),2026-11-18,13732,THB
2026-10-06,BKK-NRT,BKK,NRT,Japan,Tokyo (Narita),2026-11-19,13902,THB
2026-10-06,BKK-NRT,BKK,NRT,Japan,Tokyo (Narita),2026-11-20,14188,THB
2026-10-06,BKK-NRT,BKK,NRT,Japan,Tokyo (Narita),2026-11-21,14022,THB
2026-10-03,BKK-NRT,BKK,NRT,Japan,Tokyo (Narita),2026-11-22,12752,THB
2026-09-27,BKK-NRT,BKK,NRT,Japan,Tokyo (Narita),2026-11-23,15636,THB
2026-10-06,BKK-NRT,BKK,NRT,Japan,Tokyo (Narita),2026-11-24,12468,THB
2026-10-06,BKK-NRT,BKK,NRT,Japan,Tokyo (Narita),2026-11-25,14367,THB
2026-10-06,BKK-NRT,BKK,NRT,Japan,Tokyo (Narita),2026-11-26,14094,THB
2026-10-06,BKK-NRT,BKK,NRT,Japan,Tokyo (Narita),2026-11-27,14663,THB
2026-10-06,BKK-NRT,BKK,NRT,Japan,Tokyo (Narita),2026-11-28,15807,THB
2026-10-06,BKK-NRT,BKK,NRT,Japan,Tokyo (Narita),2026-11-29,15103,THB
2026-10-06,BKK-NRT,BKK,NRT,Japan,Tokyo (Narita),2026-11-30,13761,THB
2026-10-06,BKK-NRT,BKK,NRT,Japan,Tokyo (Narita),2026-12-01,13066,THB
2026-10-06,BKK-NRT,BKK,NRT,Japan,Tokyo (Narita),2026-12-02,13563,THB
2026-10-06,BKK-NRT,BKK,NRT,Japan,Tokyo (Narita),2026-12-03,16077,THB
2026-09-29,BKK-NRT,BKK,NRT,Japan,Tokyo (Narita),2026-12-04,14452,THB
2026-10-03,BKK-NRT,BKK,NRT,Japan,Tokyo (Narita),2026-12-05,14748,THB
2026-09-03,BKK-NRT,BKK,NRT,Japan,Tokyo (Narita),2026-12-06,14454,THB
2026-09-25,BKK-NRT,BKK,NRT,Japan,Tokyo (Narita),2026-12-07,14154,THB
2026-10-06,BKK-NRT,BKK,NRT,Japan,Tokyo (Narita),2026-12-08,12989,THB
2026-10-03,BKK-NRT,BKK,NRT,Japan,Tokyo (Narita),2026-12-09,14571,THB
2026-10-06,BKK-NRT,BKK,NRT,Japan,Tokyo (Narita),2026-12-10,13966,THB
2026-10-06,BKK-NRT,BKK,NRT,Japan,Tokyo (Narita),2026-12-11,16253,THB
2026-10-04,BKK-NRT,BKK,NRT,Japan,Tokyo (Narita),2026-12-12,15615,THB
2026-09-20,BKK-NRT,BKK,NRT,Japan,Tokyo (Narita),2026-12-13,15215,THB
2026-10-06,BKK-NRT,BKK,NRT,Japan,Tokyo (Narita),2026-12-14,13563,THB
2026-10-06,BKK-NRT,BKK,NRT,Japan,Tokyo (Narita),2026-12-15,13559,THB
2026-09-26,BKK-NRT,BKK,NRT,Japan,Tokyo (Narita),2026-12-16,14131,THB
2026-10-06,BKK-NRT,BKK,NRT,Japan,Tokyo (Narita),2026-12-17,16861,THB
2026-09-27,BKK-NRT,BKK,NRT,Japan,Tokyo (Narita),2026-12-18,15836,THB
2026-09-06,BKK-NRT,BKK,NRT,Japan,Tokyo (Narita),2026-12-19,18511,THB
2026-09-22,BKK-NRT,BKK,NRT,Japan,Tokyo (Narita),2026-12-20,16907,THB
2026-09-28,BKK-NRT,BKK,NRT,Japan,Tokyo (Narita),2026-12-21,16866,THB
2026-10-06,BKK-NRT,BKK,NRT,Japan,Tokyo (Narita),2026-12-22,17815,THB
2026-09-21,BKK-NRT,BKK,NRT,Japan,Tokyo (Narita),2026-12-23,21766,THB
2026-10-06,BKK-NRT,BKK,NRT,Japan,Tokyo (Narita),2026-12-24,15693,THB
2026-10-06,BKK-NRT,BKK,NRT,Japan,Tokyo (Narita),2026-12-25,23537,THB
2026-10-06,BKK-NRT,BKK,NRT,Japan,Tokyo (Narita),2026-12-26,23800,THB
2026-10-06,BKK-NRT,BKK,NRT,Japan,Tokyo (Narita),2026-12-27,16940,THB
2026-10-06,BKK-NRT,BKK,NRT,Japan,Tokyo (Narita),2026-12-28,18778,THB
2026-10-06,BKK-NRT,BKK,NRT,Japan,Tokyo (Narita),2026-12-29,18174,THB
2026-10-05,BKK-NRT,BKK,NRT,Japan,Tokyo (Narita),2026-12-30,16427,THB
2026-10-06,BKK-NRT,BKK,NRT,Japan,Tokyo (Narita),2026-12-31,16834,THB
2026-10-06,BKK-NRT,BKK,NRT,Japan,Tokyo (Narita),2027-01-01,17685,THB
2026-10-06,BKK-NRT,BKK,NRT,Japan,Tokyo (Narita),2027-01-02,24730,THB
2026-10-06,BKK-NRT,BKK,NRT,Japan,Tokyo (Narita),2027-01-03,20943,THB
2026-10-06,BKK-NRT,BKK,NRT,Japan,Tokyo (Narita),2027-01-04,12691,THB
2026-10-06,BKK-NRT,BKK,NRT,Japan,Tokyo (Narita),2027-01-05,16486,THB
2026-10-06,BKK-NRT,BKK,NRT,Japan,Tokyo (Narita),2027-01-06,15263,THB
2026-09-30,BKK-NRT,BKK,NRT,Japan,Tokyo (Narita),2027-01-07,16088,THB
2026-10-03,BKK-NRT,BKK,NRT,Japan,Tokyo (Narita),2027-01-08,15362,THB
2026-09-22,BKK-NRT,BKK,NRT,Japan,Tokyo (Narita),2027-01-09,15454,THB
2026-09-16,BKK-NRT,BKK,NRT,Japan,Tokyo (Narita),2027-01-10,15193,THB
2026-09-25,BKK-NRT,BKK,NRT,Japan,Tokyo (Narita),2027-01-11,16623,THB
2026-10-06,BKK-NRT,BKK,NRT,Japan,Tokyo (Narita),2027-01-12,14461,THB
2026-10-06,BKK-NRT,BKK,NRT,Japan,Tokyo (Narita),2027-01-13,15104,THB
2026-09-26,BKK-NRT,BKK,NRT,Japan,Tokyo (Narita),2027-01-14,13660,THB
2026-09-26,BKK-NRT,BKK,NRT,Japan,Tokyo (Narita),2027-01-15,15774,THB
2026-09-13,BKK-NRT,BKK,NRT,Japan,Tokyo (Narita),2027-01-16,14335,THB
2026-09-24,BKK-NRT,BKK,NRT,Japan,Tokyo (Narita),2027-01-17,15828,THB
2026-10-06,BKK-NRT,BKK,NRT,Japan,Tokyo (Narita),2027-01-18,15228,THB
2026-10-06,BKK-NRT,BKK,NRT,Japan,Tokyo (Narita),2027-01-19,15629,THB
2026-10-02,BKK-NRT,BKK,NRT,Japan,Tokyo (Narita),2027-01-20,14735,THB
2026-08-09,BKK-NRT,BKK,NRT,Japan,Tokyo (Narita),2027-01-21,15855,THB
2026-10-06,BKK-NRT,BKK,NRT,Japan,Tokyo (Narita),2027-01-22,16679,THB
2026-10-06,BKK-NRT,BKK,NRT,Japan,Tokyo (Narita),2027-01-23,16204,THB
2026-10-06,BKK-NRT,BKK,NRT,Japan,Tokyo (Narita),2027-01-24,16293,THB
2026-10-04,BKK-NRT,BKK,NRT,Japan,Tokyo (Narita),2027-01-25,15835,THB
2026-10-06,BKK-NRT,BKK,NRT,Japan,Tokyo (Narita),2027-01-26,14908,THB
2026-10-04,BKK-NRT,BKK,NRT,Japan,Tokyo (Narita),2027-01-27,15431,THB
2026-09-23,BKK-NRT,BKK,NRT,Japan,Tokyo (Narita),2027-01-28,17170,THB
2026-09-19,BKK-NRT,BKK,NRT,Japan,Tokyo (Narita),2027-01-29,15394,THB
2026-10-06,BKK-NRT,BKK,NRT,Japan,Tokyo (Narita),2027-01-30,12702,THB
2026-08-25,BKK-NRT,BKK,NRT,Japan,Tokyo (Narita),2027-01-31,15224,THB
2026-10-06,BKK-NRT,BKK,NRT,Japan,Tokyo (Narita),2027-02-01,13259,THB
2026-10-03,BKK-NRT,BKK,NRT,Japan,Tokyo (Narita),2027-02-02,16439,THB
2026-10-06,BKK-NRT,BKK,NRT,Japan,Tokyo (Narita),2027-02-03,13269,THB
2026-09-21,BKK-NRT,BKK,NRT,Japan,Tokyo (Narita),2027-02-04,15315,THB
2026-10-06,BKK-NRT,BKK,NRT,Japan,Tokyo (Narita),2027-02-05,15832,THB
2026-10-06,BKK-NRT,BKK,NRT,Japan,Tokyo (Narita),2027-02-06,16064,THB
2026-09-08,BKK-NRT,BKK,NRT,Japan,Tokyo (Narita),2027-02-07,15949,THB
2026-10-04,BKK-NRT,BKK,NRT,Japan,Tokyo (Narita),2027-02-08,13873,THB
2026-10-06,BKK-NRT,BKK,NRT,Japan,Tokyo (Narita),2027-02-09,13539,THB
2026-10-06,BKK-NRT,BKK,NRT,Japan,Tokyo (Narita),2027-02-10,13450,THB
2026-09-20,BKK-NRT,BKK,NRT,Japan,Tokyo (Narita),2027-02-11,15456,THB
2026-10-04,BKK-NRT,BKK,NRT,Japan,Tokyo (Narita),2027-02-12,17263,THB
2026-10-06,BKK-NRT,BKK,NRT,Japan,Tokyo (Narita),2027-02-13,15002,THB
2026-09-18,BKK-NRT,BKK,NRT,Japan,Tokyo (Narita),2027-02-14,16897,THB
2026-09-22,BKK-NRT,BKK,NRT,Japan,Tokyo (Narita),2027-02-15,16722,THB
2026-10-06,BKK-NRT,BKK,NRT,Japan,Tokyo (Narita),2027-02-17,18979,THB
2026-10-06,BKK-NRT,BKK,NRT,Japan,Tokyo (Narita),2027-02-18,15251,THB
2026-10-06,BKK-NRT,BKK,NRT,Japan,Tokyo (Narita),2027-02-19,15654,THB
2026-09-22,BKK-NRT,BKK,NRT,Japan,Tokyo (Narita),2027-02-20,14221,THB
2026-09-17,BKK-NRT,BKK,NRT,Japan,Tokyo (Narita),2027-02-21,16071,THB
2026-10-06,BKK-NRT,BKK,NRT,Japan,Tokyo (Narita),2027-02-22,12705,THB
2026-10-06,BKK-NRT,BKK,NRT,Japan,Tokyo (Narita),2027-02-23,13085,THB
2026-10-06,BKK-NRT,BKK,NRT,Japan,Tokyo (Narita),2027-02-24,15622,THB
2026-09-06,BKK-NRT,BKK,NRT,Japan,Tokyo (Narita),2027-02-25,16025,THB
2026-10-03,BKK-NRT,BKK,NRT,Japan,Tokyo (Narita),2027-02-26,17099,THB
2026-08-05,BKK-NRT,BKK,NRT,Japan,Tokyo (Narita),2027-02-27,14899,THB
2026-10-06,BKK-NRT,BKK,NRT,Japan,Tokyo (Narita),2027-03-01,14067,THB
2026-10-03,BKK-NRT,BKK,NRT,Japan,Tokyo (Narita),2027-03-02,16839,THB
2026-10-01,BKK-NRT,BKK,NRT,Japan,Tokyo (Narita),2027-03-03,15943,THB
2026-10-06,BKK-NRT,BKK,NRT,Japan,Tokyo (Narita),2027-03-04,13780,THB
2026-09-25,BKK-NRT,BKK,NRT,Japan,Tokyo (Narita),2027-03-05,15919,THB
2026-09-17,BKK-NRT,BKK,NRT,Japan,Tokyo (Narita),2027-03-06,15028,THB
2026-09-25,BKK-NRT,BKK,NRT,Japan,Tokyo (Narita),2027-03-08,13323,THB
2026-09-22,BKK-NRT,BKK,NRT,Japan,Tokyo (Narita),2027-03-09,16204,THB
2026-10-06,BKK-NRT,BKK,NRT,Japan,Tokyo (Narita),2027-03-10,15957,THB
2026-10-03,BKK-NRT,BKK,NRT,Japan,Tokyo (Narita),2027-03-11,13889,THB
2026-09-02,BKK-NRT,BKK,NRT,Japan,Tokyo (Narita),2027-03-12,13544,THB
2026-10-06,BKK-NRT,BKK,NRT,Japan,Tokyo (Narita),2027-03-13,16376,THB
2026-10-06,BKK-NRT,BKK,NRT,Japan,Tokyo (Narita),2027-03-14,16904,THB
2026-10-06,BKK-NRT,BKK,NRT,Japan,Tokyo (Narita),2027-03-15,19330,THB
2026-09-18,BKK-NRT,BKK,NRT,Japan,Tokyo (Narita),2027-03-16,13550,THB
2026-09-13,BKK-NRT,BKK,NRT,Japan,Tokyo (Narita),2027-03-17,13498,THB
2026-09-09,BKK-NRT,BKK,NRT,Japan,Tokyo (Narita),2027-03-18,15003,THB
2026-09-20,BKK-NRT,BKK,NRT,Japan,Tokyo (Narita),2027-03-19,16882,THB
2026-07-24,BKK-NRT,BKK,NRT,Japan,Tokyo (Narita),2027-03-20,17405,THB
2026-10-06,BKK-NRT,BKK,NRT,Japan,Tokyo (Narita),2027-03-22,16980,THB
2026-08-29,BKK-NRT,BKK,NRT,Japan,Tokyo (Narita),2027-03-23,19779,THB
2026-10-06,BKK-NRT,BKK,NRT,Japan,Tokyo (Narita),2027-03-24,16637,THB
2026-10-06,BKK-NRT,BKK,NRT,Japan,Tokyo (Narita),2027-03-25,16637,THB
2026-09-10,BKK-NRT,BKK,NRT,Japan,Tokyo (Narita),2027-03-26,16493,THB
2026-10-06,BKK-NRT,BKK,NRT,Japan,Tokyo (Narita),2027-03-27,17824,THB
2026-09-10,BKK-NRT,BKK,NRT,Japan,Tokyo (Narita),2027-03-28,16355,THB
2026-07-14,BKK-NRT,BKK,NRT,Japan,Tokyo (Narita),2027-03-30,19468,THB
2026-10-06,BKK-NRT,BKK,NRT,Japan,Tokyo (Narita),2027-03-31,18759,THB
2026-10-06,BKK-NRT,BKK,NRT,Japan,Tokyo (Narita),2027-04-01,18014,THB
2026-09-27,BKK-NRT,BKK,NRT,Japan,Tokyo (Narita),2027-04-02,18302,THB
2026-09-27,BKK-NRT,BKK,NRT,Japan,Tokyo (Narita),2027-04-03,18628,THB
2026-09-27,BKK-NRT,BKK,NRT,Japan,Tokyo (Narita),2027-04-04,18576,THB
2026-10-06,BKK-NRT,BKK,NRT,Japan,Tokyo (Narita),2027-04-05,16957,THB
2026-07-24,BKK-NRT,BKK,NRT,Japan,Tokyo (Narita),2027-04-06,14638,THB
2026-08-05,BKK-NRT,BKK,NRT,Japan,Tokyo (Narita),2027-04-07,13736,THB
2026-09-28,BKK-NRT,BKK,NRT,Japan,Tokyo (Narita),2027-04-08,18621,THB
2026-10-06,BKK-NRT,BKK,NRT,Japan,Tokyo (Narita),2027-04-09,17160,THB
2026-08-15,BKK-NRT,BKK,NRT,Japan,Tokyo (Narita),2027-04-10,18114,THB
2026-09-30,BKK-NRT,BKK,NRT,Japan,Tokyo (Narita),2027-04-12,16076,THB
2026-08-16,BKK-NRT,BKK,NRT,Japan,Tokyo (Narita),2027-04-13,15350,THB
2026-10-02,BKK-NRT,BKK,NRT,Japan,Tokyo (Narita),2027-04-14,16970,THB
2026-09-24,BKK-NRT,BKK,NRT,Japan,Tokyo (Narita),2027-04-15,14772,THB
2026-10-06,BKK-NRT,BKK,NRT,Japan,Tokyo (Narita),2027-04-16,14571,THB
2026-09-28,BKK-NRT,BKK,NRT,Japan,Tokyo (Narita),2027-04-17,17591,THB
2026-08-05,BKK-NRT,BKK,NRT,Japan,Tokyo (Narita),2027-04-18,14038,THB
2026-10-06,BKK-NRT,BKK,NRT,Japan,Tokyo (Narita),2027-04-19,14636,THB
2026-10-06,BKK-NRT,BKK,NRT,Japan,Tokyo (Narita),2027-04-20,15128,THB
2026-10-06,BKK-NRT,BKK,NRT,Japan,Tokyo (Narita),2027-04-21,15655,THB
2026-10-06,BKK-NRT,BKK,NRT,Japan,Tokyo (Narita),2027-04-22,14917,THB
2026-10-05,BKK-NRT,BKK,NRT,Japan,Tokyo (Narita),2027-04-23,13699,THB
2026-09-29,BKK-NRT,BKK,NRT,Japan,Tokyo (Narita),2027-04-24,13742,THB
2026-10-05,BKK-NRT,BKK,NRT,Japan,Tokyo (Narita),2027-04-25,12510,THB
2026-08-02,BKK-NRT,BKK,NRT,Japan,Tokyo (Narita),2027-04-26,17249,THB
2026-10-06,BKK-NRT,BKK,NRT,Japan,Tokyo (Narita),2027-04-27,12464,THB
2026-08-27,BKK-NRT,BKK,NRT,Japan,Tokyo (Narita),2027-04-28,14119,THB
2026-09-19,BKK-NRT,BKK,NRT,Japan,Tokyo (Narita),2027-04-29,13453,THB
2026-09-27,BKK-NRT,BKK,NRT,Japan,Tokyo (Narita),2027-04-30,15332,THB
2026-10-06,BKK-NRT,BKK,NRT,Japan,Tokyo (Narita),2027-05-01,15235,THB
2026-09-07,BKK-NRT,BKK,NRT,Japan,Tokyo (Narita),2027-05-03,15254,THB
2026-08-27,BKK-NRT,BKK,NRT,Japan,Tokyo (Narita),2027-05-09,13661,THB
2026-09-05,BKK-NRT,BKK,NRT,Japan,Tokyo (Narita),2027-05-10,13472,THB
2026-06-26,BKK-NRT,BKK,NRT,Japan,Tokyo (Narita),2027-05-13,14581,THB
2026-07-02,BKK-NRT,BKK,NRT,Japan,Tokyo (Narita),2027-05-17,16556,THB
2026-10-06,BKK-NRT,BKK,NRT,Japan,Tokyo (Narita),2027-05-19,13282,THB
2026-10-06,BKK-NRT,BKK,NRT,Japan,Tokyo (Narita),2027-05-21,13119,THB
2026-10-06,BKK-NRT,BKK,NRT,Japan,Tokyo (Narita),2027-05-24,12602,THB
2026-09-30,BKK-NRT,BKK,NRT,Japan,Tokyo (Narita),2027-05-25,13493,THB
2026-10-06,BKK-NRT,BKK,NRT,Japan,Tokyo (Narita),2027-05-28,13431,THB
2026-10-06,BKK-NRT,BKK,NRT,Japan,Tokyo (Narita),2027-06-01,14373,THB
2026-10-06,BKK-NRT,BKK,NRT,Japan,Tokyo (Narita),2027-06-02,14360,THB
2026-09-26,BKK-NRT,BKK,NRT,Japan,Tokyo (Narita),2027-06-05,14194,THB
2026-10-01,BKK-NRT,BKK,NRT,Japan,Tokyo (Narita),2027-06-07,14096,THB
2026-08-23,BKK-NRT,BKK,NRT,Japan,Tokyo (Narita),2027-06-08,12394,THB
2026-08-23,BKK-NRT,BKK,NRT,Japan,Tokyo (Narita),2027-06-09,12394,THB
2026-09-14,BKK-NRT,BKK,NRT,Japan,Tokyo (Narita),2027-06-10,12269,THB
2026-10-06,BKK-NRT,BKK,NRT,Japan,Tokyo (Narita),2027-06-11,13580,THB
2026-08-10,BKK-NRT,BKK,NRT,Japan,Tokyo (Narita),2027-06-13,14359,THB
2026-10-06,BKK-NRT,BKK,NRT,Japan,Tokyo (Narita),2027-06-14,13361,THB
2026-08-23,BKK-NRT,BKK,NRT,Japan,Tokyo (Narita),2027-06-17,12596,THB
2026-07-02,BKK-NRT,BKK,NRT,Japan,Tokyo (Narita),2027-06-19,16061,THB
2026-09-17,BKK-NRT,BKK,NRT,Japan,Tokyo (Narita),2027-06-20,12556,THB
2026-08-16,BKK-NRT,BKK,NRT,Japan,Tokyo (Narita),2027-06-25,13832,THB
2026-10-01,BKK-NRT,BKK,NRT,Japan,Tokyo (Narita),2027-06-30,12852,THB
2026-09-21,BKK-NRT,BKK,NRT,Japan,Tokyo (Narita),2027-07-02,14159,THB
2026-10-01,BKK-NRT,BKK,NRT,Japan,Tokyo (Narita),2027-07-03,13214,THB
2026-10-01,BKK-NRT,BKK,NRT,Japan,Tokyo (Narita),2027-07-05,14282,THB
2026-10-04,BKK-NRT,BKK,NRT,Japan,Tokyo (Narita),2027-07-07,13404,THB
2026-10-01,BKK-NRT,BKK,NRT,Japan,Tokyo (Narita),2027-07-08,14143,THB
2026-10-01,BKK-NRT,BKK,NRT,Japan,Tokyo (Narita),2027-07-09,14298,THB
2026-10-01,BKK-NRT,BKK,NRT,Japan,Tokyo (Narita),2027-07-10,13756,THB
2026-08-12,BKK-NRT,BKK,NRT,Japan,Tokyo (Narita),2027-07-12,13796,THB
2026-09-10,BKK-NRT,BKK,NRT,Japan,Tokyo (Narita),2027-07-21,13664,THB
2026-08-02,BKK-NRT,BKK,NRT,Japan,Tokyo (Narita),2027-07-23,22753,THB
2026-08-17,BKK-NRT,BKK,NRT,Japan,Tokyo (Narita),2027-07-25,19855,THB
2026-10-01,BKK-NRT,BKK,NRT,Japan,Tokyo (Narita),2027-07-28,14237,THB
2026-10-01,BKK-NRT,BKK,NRT,Japan,Tokyo (Narita),2027-07-30,15411,THB
2026-09-05,BKK-NRT,BKK,NRT,Japan,Tokyo (Narita),2027-08-01,18254,THB
2026-10-06,BKK-NRT,BKK,NRT,Japan,Tokyo (Narita),2027-08-03,13143,THB
2026-10-01,BKK-NRT,BKK,NRT,Japan,Tokyo (Narita),2027-08-05,14237,THB
2026-10-01,BKK-NRT,BKK,NRT,Japan,Tokyo (Narita),2027-08-06,13799,THB
2026-10-06,BKK-NRT,BKK,NRT,Japan,Tokyo (Narita),2027-08-09,13436,THB
2026-09-12,BKK-NRT,BKK,NRT,Japan,Tokyo (Narita),2027-08-12,16168,THB
2026-09-30,BKK-NRT,BKK,NRT,Japan,Tokyo (Narita),2027-08-14,15855,THB
2026-09-30,BKK-NRT,BKK,NRT,Japan,Tokyo (Narita),2027-08-15,14215,THB
2026-09-18,BKK-NRT,BKK,NRT,Japan,Tokyo (Narita),2027-08-21,14378,THB
2026-10-02,BKK-NRT,BKK,NRT,Japan,Tokyo (Narita),2027-09-08,13480,THB
2026-10-03,BKK-NRT,BKK,NRT,Japan,Tokyo (Narita),2027-09-13,13530,THB
2026-10-02,BKK-NRT,BKK,NRT,Japan,Tokyo (Narita),2027-09-17,15792,THB
2026-10-06,BKK-PEK,BKK,PEK,China,Beijing,2026-10-08,15299,THB
2026-10-06,BKK-PEK,BKK,PEK,China,Beijing,2026-10-09,12500,THB
2026-10-06,BKK-PEK,BKK,PEK,China,Beijing,2026-10-10,12544,THB
2026-09-29,BKK-PEK,BKK,PEK,China,Beijing,2026-10-11,11058,THB
2026-10-06,BKK-PEK,BKK,PEK,China,Beijing,2026-10-12,11938,THB
2026-10-06,BKK-PEK,BKK,PEK,China,Beijing,2026-10-13,10120,THB
2026-09-13,BKK-PEK,BKK,PEK,China,Beijing,2026-10-14,9435,THB
2026-10-06,BKK-PEK,BKK,PEK,China,Beijing,2026-10-15,10047,THB
2026-10-06,BKK-PEK,BKK,PEK,China,Beijing,2026-10-16,10154,THB
2026-10-06,BKK-PEK,BKK,PEK,China,Beijing,2026-10-17,10999,THB
2026-10-02,BKK-PEK,BKK,PEK,China,Beijing,2026-10-18,10568,THB
2026-10-06,BKK-PEK,BKK,PEK,China,Beijing,2026-10-19,9314,THB
2026-10-06,BKK-PEK,BKK,PEK,China,Beijing,2026-10-20,8414,THB
2026-10-06,BKK-PEK,BKK,PEK,China,Beijing,2026-10-21,8433,THB
2026-10-06,BKK-PEK,BKK,PEK,China,Beijing,2026-10-22,8378,THB
2026-10-06,BKK-PEK,BKK,PEK,China,Beijing,2026-10-23,9571,THB
2026-10-06,BKK-PEK,BKK,PEK,China,Beijing,2026-10-24,9190,THB
2026-09-27,BKK-PEK,BKK,PEK,China,Beijing,2026-10-25,9284,THB
2026-10-06,BKK-PEK,BKK,PEK,China,Beijing,2026-10-26,8837,THB
2026-10-02,BKK-PEK,BKK,PEK,China,Beijing,2026-10-27,9037,THB
2026-10-04,BKK-PEK,BKK,PEK,China,Beijing,2026-10-28,10538,THB
2026-10-02,BKK-PEK,BKK,PEK,China,Beijing,2026-10-29,8826,THB
2026-10-06,BKK-PEK,BKK,PEK,China,Beijing,2026-10-30,8902,THB
2026-10-06,BKK-PEK,BKK,PEK,China,Beijing,2026-10-31,8053,THB
2026-10-04,BKK-PEK,BKK,PEK,China,Beijing,2026-11-01,9021,THB
2026-10-06,BKK-PEK,BKK,PEK,China,Beijing,2026-11-02,9374,THB
2026-10-06,BKK-PEK,BKK,PEK,China,Beijing,2026-11-03,11457,THB
2026-10-06,BKK-PEK,BKK,PEK,China,Beijing,2026-11-04,8553,THB
2026-10-06,BKK-PEK,BKK,PEK,China,Beijing,2026-11-05,8669,THB
2026-10-06,BKK-PEK,BKK,PEK,China,Beijing,2026-11-06,11264,THB
2026-10-06,BKK-PEK,BKK,PEK,China,Beijing,2026-11-07,8953,THB
2026-09-13,BKK-PEK,BKK,PEK,China,Beijing,2026-11-08,9097,THB
2026-10-02,BKK-PEK,BKK,PEK,China,Beijing,2026-11-09,8656,THB
2026-10-02,BKK-PEK,BKK,PEK,China,Beijing,2026-11-10,8656,THB
2026-10-06,BKK-PEK,BKK,PEK,China,Beijing,2026-11-11,10654,THB
2026-10-06,BKK-PEK,BKK,PEK,China,Beijing,2026-11-12,11434,THB
2026-10-06,BKK-PEK,BKK,PEK,China,Beijing,2026-11-13,9583,THB
2026-10-04,BKK-PEK,BKK,PEK,China,Beijing,2026-11-14,8591,THB
2026-10-06,BKK-PEK,BKK,PEK,China,Beijing,2026-11-15,9615,THB
2026-10-06,BKK-PEK,BKK,PEK,China,Beijing,2026-11-16,9266,THB
2026-10-06,BKK-PEK,BKK,PEK,China,Beijing,2026-11-17,8832,THB
2026-10-06,BKK-PEK,BKK,PEK,China,Beijing,2026-11-18,8876,THB
2026-10-06,BKK-PEK,BKK,PEK,China,Beijing,2026-11-19,10649,THB
2026-10-06,BKK-PEK,BKK,PEK,China,Beijing,2026-11-20,9617,THB
2026-09-30,BKK-PEK,BKK,PEK,China,Beijing,2026-11-21,9645,THB
2026-10-06,BKK-PEK,BKK,PEK,China,Beijing,2026-11-22,8968,THB
2026-10-06,BKK-PEK,BKK,PEK,China,Beijing,2026-11-23,9028,THB
2026-10-06,BKK-PEK,BKK,PEK,China,Beijing,2026-11-24,9488,THB
2026-10-04,BKK-PEK,BKK,PEK,China,Beijing,2026-11-25,6815,THB
2026-09-14,BKK-PEK,BKK,PEK,China,Beijing,2026-11-26,9874,THB
2026-09-27,BKK-PEK,BKK,PEK,China,Beijing,2026-11-27,8983,THB
2026-09-02,BKK-PEK,BKK,PEK,China,Beijing,2026-11-28,8901,THB
2026-09-27,BKK-PEK,BKK,PEK,China,Beijing,2026-11-29,9756,THB
2026-09-04,BKK-PEK,BKK,PEK,China,Beijing,2026-11-30,8344,THB
2026-10-06,BKK-PEK,BKK,PEK,China,Beijing,2026-12-01,9416,THB
2026-10-06,BKK-PEK,BKK,PEK,China,Beijing,2026-12-02,9375,THB
2026-09-07,BKK-PEK,BKK,PEK,China,Beijing,2026-12-03,9950,THB
2026-10-06,BKK-PEK,BKK,PEK,China,Beijing,2026-12-04,10272,THB
2026-10-06,BKK-PEK,BKK,PEK,China,Beijing,2026-12-05,8727,THB
2026-10-06,BKK-PEK,BKK,PEK,China,Beijing,2026-12-06,10674,THB
2026-10-06,BKK-PEK,BKK,PEK,China,Beijing,2026-12-07,8856,THB
2026-10-06,BKK-PEK,BKK,PEK,China,Beijing,2026-12-08,8748,THB
2026-10-06,BKK-PEK,BKK,PEK,China,Beijing,2026-12-09,9462,THB
2026-10-06,BKK-PEK,BKK,PEK,China,Beijing,2026-12-10,9029,THB
2026-10-05,BKK-PEK,BKK,PEK,China,Beijing,2026-12-11,11028,THB
2026-09-20,BKK-PEK,BKK,PEK,China,Beijing,2026-12-12,8617,THB
2026-10-06,BKK-PEK,BKK,PEK,China,Beijing,2026-12-13,10773,THB
2026-10-06,BKK-PEK,BKK,PEK,China,Beijing,2026-12-14,9424,THB
2026-09-27,BKK-PEK,BKK,PEK,China,Beijing,2026-12-15,10717,THB
2026-10-06,BKK-PEK,BKK,PEK,China,Beijing,2026-12-16,9003,THB
2026-10-06,BKK-PEK,BKK,PEK,China,Beijing,2026-12-17,12611,THB
2026-09-21,BKK-PEK,BKK,PEK,China,Beijing,2026-12-18,10303,THB
2026-10-06,BKK-PEK,BKK,PEK,China,Beijing,2026-12-19,11437,THB
2026-10-06,BKK-PEK,BKK,PEK,China,Beijing,2026-12-20,10022,THB
2026-10-06,BKK-PEK,BKK,PEK,China,Beijing,2026-12-21,10034,THB
2026-10-06,BKK-PEK,BKK,PEK,China,Beijing,2026-12-22,11787,THB
2026-10-06,BKK-PEK,BKK,PEK,China,Beijing,2026-12-23,11008,THB
2026-10-06,BKK-PEK,BKK,PEK,China,Beijing,2026-12-24,11247,THB
2026-10-06,BKK-PEK,BKK,PEK,China,Beijing,2026-12-25,10992,THB
2026-10-06,BKK-PEK,BKK,PEK,China,Beijing,2026-12-26,10992,THB
2026-10-06,BKK-PEK,BKK,PEK,China,Beijing,2026-12-27,10817,THB
2026-10-06,BKK-PEK,BKK,PEK,China,Beijing,2026-12-28,10374,THB
2026-10-06,BKK-PEK,BKK,PEK,China,Beijing,2026-12-29,11771,THB
2026-10-06,BKK-PEK,BKK,PEK,China,Beijing,2026-12-30,12259,THB
2026-10-06,BKK-PEK,BKK,PEK,China,Beijing,2026-12-31,10769,THB
2026-10-06,BKK-PEK,BKK,PEK,China,Beijing,2027-01-01,12211,THB
2026-10-06,BKK-PEK,BKK,PEK,China,Beijing,2027-01-02,12252,THB
2026-10-06,BKK-PEK,BKK,PEK,China,Beijing,2027-01-03,12214,THB
2026-10-06,BKK-PEK,BKK,PEK,China,Beijing,2027-01-04,11262,THB
2026-10-06,BKK-PEK,BKK,PEK,China,Beijing,2027-01-05,14516,THB
2026-10-06,BKK-PEK,BKK,PEK,China,Beijing,2027-01-06,10944,THB
2026-10-03,BKK-PEK,BKK,PEK,China,Beijing,2027-01-07,10315,THB
2026-10-06,BKK-PEK,BKK,PEK,China,Beijing,2027-01-08,10864,THB
2026-10-06,BKK-PEK,BKK,PEK,China,Beijing,2027-01-09,10978,THB
2026-10-06,BKK-PEK,BKK,PEK,China,Beijing,2027-01-10,10970,THB
2026-10-06,BKK-PEK,BKK,PEK,China,Beijing,2027-01-11,10947,THB
2026-10-05,BKK-PEK,BKK,PEK,China,Beijing,2027-01-12,10872,THB
2026-09-24,BKK-PEK,BKK,PEK,China,Beijing,2027-01-13,10875,THB
2026-10-06,BKK-PEK,BKK,PEK,China,Beijing,2027-01-14,11250,THB
2026-10-06,BKK-PEK,BKK,PEK,China,Beijing,2027-01-15,11192,THB
2026-10-05,BKK-PEK,BKK,PEK,China,Beijing,2027-01-16,11163,THB
2026-08-27,BKK-PEK,BKK,PEK,China,Beijing,2027-01-17,12881,THB
2026-09-21,BKK-PEK,BKK,PEK,China,Beijing,2027-01-18,11030,THB
2026-09-22,BKK-PEK,BKK,PEK,China,Beijing,2027-01-19,10990,THB
2026-10-06,BKK-PEK,BKK,PEK,China,Beijing,2027-01-20,10528,THB
2026-10-06,BKK-PEK,BKK,PEK,China,Beijing,2027-01-21,10944,THB
2026-10-06,BKK-PEK,BKK,PEK,China,Beijing,2027-01-22,10984,THB
2026-10-06,BKK-PEK,BKK,PEK,China,Beijing,2027-01-23,10943,THB
2026-10-06,BKK-PEK,BKK,PEK,China,Beijing,2027-01-24,11332,THB
2026-09-11,BKK-PEK,BKK,PEK,China,Beijing,2027-01-25,10334,THB
2026-10-06,BKK-PEK,BKK,PEK,China,Beijing,2027-01-26,10984,THB
2026-10-06,BKK-PEK,BKK,PEK,China,Beijing,2027-01-27,12270,THB
2026-10-06,BKK-PEK,BKK,PEK,China,Beijing,2027-01-28,12086,THB
2026-09-22,BKK-PEK,BKK,PEK,China,Beijing,2027-01-29,11339,THB
2026-10-06,BKK-PEK,BKK,PEK,China,Beijing,2027-01-30,10996,THB
2026-09-21,BKK-PEK,BKK,PEK,China,Beijing,2027-01-31,11267,THB
2026-10-06,BKK-PEK,BKK,PEK,China,Beijing,2027-02-01,11283,THB
2026-10-06,BKK-PEK,BKK,PEK,China,Beijing,2027-02-02,11775,THB
2026-09-18,BKK-PEK,BKK,PEK,China,Beijing,2027-02-03,10954,THB
2026-10-06,BKK-PEK,BKK,PEK,China,Beijing,2027-02-04,10964,THB
2026-10-06,BKK-PEK,BKK,PEK,China,Beijing,2027-02-05,11004,THB
2026-10-05,BKK-PEK,BKK,PEK,China,Beijing,2027-02-06,11420,THB
2026-10-06,BKK-PEK,BKK,PEK,China,Beijing,2027-02-07,12445,THB
2026-07-30,BKK-PEK,BKK,PEK,China,Beijing,2027-02-08,16329,THB
2026-09-02,BKK-PEK,BKK,PEK,China,Beijing,2027-02-09,15962,THB
2026-09-18,BKK-PEK,BKK,PEK,China,Beijing,2027-02-10,15929,THB
2026-10-06,BKK-PEK,BKK,PEK,China,Beijing,2027-02-11,16067,THB
2026-10-02,BKK-PEK,BKK,PEK,China,Beijing,2027-02-12,15122,THB
2026-10-06,BKK-PEK,BKK,PEK,China,Beijing,2027-02-13,15430,THB
2026-09-23,BKK-PEK,BKK,PEK,China,Beijing,2027-02-14,15542,THB
2026-09-14,BKK-PEK,BKK,PEK,China,Beijing,2027-02-15,10904,THB
2026-09-22,BKK-PEK,BKK,PEK,China,Beijing,2027-02-16,10555,THB
2026-09-16,BKK-PEK,BKK,PEK,China,Beijing,2027-02-17,13568,THB
2026-10-06,BKK-PEK,BKK,PEK,China,Beijing,2027-02-18,11332,THB
2026-10-04,BKK-PEK,BKK,PEK,China,Beijing,2027-02-21,11239,THB
2026-09-21,BKK-PEK,BKK,PEK,China,Beijing,2027-02-22,13021,THB
2026-08-08,BKK-PEK,BKK,PEK,China,Beijing,2027-02-23,12859,THB
2026-10-06,BKK-PEK,BKK,PEK,China,Beijing,2027-02-24,8558,THB
2026-10-06,BKK-PEK,BKK,PEK,China,Beijing,2027-02-25,18119,THB
2026-09-13,BKK-PEK,BKK,PEK,China,Beijing,2027-02-26,13487,THB
2026-09-10,BKK-PEK,BKK,PEK,China,Beijing,2027-02-28,8824,THB
2026-10-06,BKK-PEK,BKK,PEK,China,Beijing,2027-03-01,11500,THB
2026-10-06,BKK-PEK,BKK,PEK,China,Beijing,2027-03-02,8651,THB
2026-08-18,BKK-PEK,BKK,PEK,China,Beijing,2027-03-03,13347,THB
2026-07-17,BKK-PEK,BKK,PEK,China,Beijing,2027-03-04,13117,THB
2026-09-25,BKK-PEK,BKK,PEK,China,Beijing,2027-03-05,8556,THB
2026-09-27,BKK-PEK,BKK,PEK,China,Beijing,2027-03-07,11191,THB
2026-10-06,BKK-PEK,BKK,PEK,China,Beijing,2027-03-09,10517,THB
2026-10-01,BKK-PEK,BKK,PEK,China,Beijing,2027-03-10,10882,THB
2026-10-01,BKK-PEK,BKK,PEK,China,Beijing,2027-03-11,8592,THB
2026-10-06,BKK-PEK,BKK,PEK,China,Beijing,2027-03-12,10542,THB
2026-09-20,BKK-PEK,BKK,PEK,China,Beijing,2027-03-13,12690,THB
2026-10-06,BKK-PEK,BKK,PEK,China,Beijing,2027-03-14,10909,THB
2026-10-02,BKK-PEK,BKK,PEK,China,Beijing,2027-03-15,11175,THB
2026-08-31,BKK-PEK,BKK,PEK,China,Beijing,2027-03-17,11846,THB
2026-08-28,BKK-PEK,BKK,PEK,China,Beijing,2027-03-19,8719,THB
2026-10-06,BKK-PEK,BKK,PEK,China,Beijing,2027-03-21,11001,THB
2026-08-14,BKK-PEK,BKK,PEK,China,Beijing,2027-03-23,11313,THB
2026-10-06,BKK-PEK,BKK,PEK,China,Beijing,2027-03-25,12151,THB
2026-10-06,BKK-PEK,BKK,PEK,China,Beijing,2027-03-31,11911,THB
2026-10-06,BKK-PEK,BKK,PEK,China,Beijing,2027-04-01,12193,THB
2026-07-06,BKK-PEK,BKK,PEK,China,Beijing,2027-04-05,13806,THB
2026-10-06,BKK-PEK,BKK,PEK,China,Beijing,2027-04-10,14586,THB
2026-08-24,BKK-PEK,BKK,PEK,China,Beijing,2027-04-17,10489,THB
2026-08-08,BKK-PEK,BKK,PEK,China,Beijing,2027-04-18,13344,THB
2026-10-06,BKK-PEK,BKK,PEK,China,Beijing,2027-04-19,12757,THB
2026-10-06,BKK-PEK,BKK,PEK,China,Beijing,2027-05-01,11215,THB
2026-10-06,BKK-PEK,BKK,PEK,China,Beijing,2027-05-13,10452,THB
2026-10-02,BKK-PEK,BKK,PEK,China,Beijing,2027-05-17,10359,THB
2026-09-22,BKK-PEK,BKK,PEK,China,Beijing,2027-05-19,11513,THB
2026-10-03,BKK-PEK,BKK,PEK,China,Beijing,2027-05-26,10304,THB
2026-09-25,BKK-PEK,BKK,PEK,China,Beijing,2027-06-01,9794,THB
2026-09-08,BKK-PEK,BKK,PEK,China,Beijing,2027-06-27,11349,THB
2026-10-03,BKK-PEK,BKK,PEK,China,Beijing,2027-07-02,10880,THB
2026-09-06,BKK-PEK,BKK,PEK,China,Beijing,2027-07-03,12125,THB
2026-10-03,BKK-PEK,BKK,PEK,China,Beijing,2027-07-06,10880,THB
2026-10-03,BKK-PEK,BKK,PEK,China,Beijing,2027-07-07,10880,THB
2026-09-25,BKK-PEK,BKK,PEK,China,Beijing,2027-07-14,11238,THB
2026-10-03,BKK-PEK,BKK,PEK,China,Beijing,2027-07-15,10880,THB
2026-10-03,BKK-PEK,BKK,PEK,China,Beijing,2027-07-16,10880,THB
2026-10-03,BKK-PEK,BKK,PEK,China,Beijing,2027-07-20,10880,THB
2026-10-03,BKK-PEK,BKK,PEK,China,Beijing,2027-07-21,10880,THB
2026-10-03,BKK-PEK,BKK,PEK,China,Beijing,2027-07-22,10880,THB
2026-09-10,BKK-PEK,BKK,PEK,China,Beijing,2027-08-05,12671,THB
2026-09-10,BKK-PEK,BKK,PEK,China,Beijing,2027-08-06,12671,THB
2026-10-04,BKK-PEK,BKK,PEK,China,Beijing,2027-08-07,10901,THB
2026-09-10,BKK-PEK,BKK,PEK,China,Beijing,2027-08-08,12671,THB
2026-09-10,BKK-PEK,BKK,PEK,China,Beijing,2027-08-09,12671,THB
2026-09-10,BKK-PEK,BKK,PEK,China,Beijing,2027-08-10,12671,THB
2026-09-10,BKK-PEK,BKK,PEK,China,Beijing,2027-08-11,12671,THB
2026-09-10,BKK-PEK,BKK,PEK,China,Beijing,2027-08-12,12671,THB
2026-09-10,BKK-PEK,BKK,PEK,China,Beijing,2027-08-13,12779,THB
2026-10-06,BKK-PVG,BKK,PVG,China,Shanghai,2026-10-08,12394,THB
2026-10-06,BKK-PVG,BKK,PVG,China,Shanghai,2026-10-09,9792,THB
2026-10-06,BKK-PVG,BKK,PVG,China,Shanghai,2026-10-10,9798,THB
2026-10-06,BKK-PVG,BKK,PVG,China,Shanghai,2026-10-11,8964,THB
2026-10-06,BKK-PVG,BKK,PVG,China,Shanghai,2026-10-12,9572,THB
2026-10-06,BKK-PVG,BKK,PVG,China,Shanghai,2026-10-13,9276,THB
2026-10-06,BKK-PVG,BKK,PVG,China,Shanghai,2026-10-14,9432,THB
2026-09-19,BKK-PVG,BKK,PVG,China,Shanghai,2026-10-15,8140,THB
2026-10-06,BKK-PVG,BKK,PVG,China,Shanghai,2026-10-16,8158,THB
2026-09-24,BKK-PVG,BKK,PVG,China,Shanghai,2026-10-17,7488,THB
2026-10-06,BKK-PVG,BKK,PVG,China,Shanghai,2026-10-18,8556,THB
2026-10-06,BKK-PVG,BKK,PVG,China,Shanghai,2026-10-19,8722,THB
2026-10-06,BKK-PVG,BKK,PVG,China,Shanghai,2026-10-20,6870,THB
2026-10-06,BKK-PVG,BKK,PVG,China,Shanghai,2026-10-21,7314,THB
2026-10-06,BKK-PVG,BKK,PVG,China,Shanghai,2026-10-22,7902,THB
2026-10-06,BKK-PVG,BKK,PVG,China,Shanghai,2026-10-23,6872,THB
2026-10-06,BKK-PVG,BKK,PVG,China,Shanghai,2026-10-24,6325,THB
2026-10-06,BKK-PVG,BKK,PVG,China,Shanghai,2026-10-25,6564,THB
2026-10-06,BKK-PVG,BKK,PVG,China,Shanghai,2026-10-26,6770,THB
2026-10-06,BKK-PVG,BKK,PVG,China,Shanghai,2026-10-27,6586,THB
2026-10-06,BKK-PVG,BKK,PVG,China,Shanghai,2026-10-28,6687,THB
2026-10-06,BKK-PVG,BKK,PVG,China,Shanghai,2026-10-29,6586,THB
2026-10-06,BKK-PVG,BKK,PVG,China,Shanghai,2026-10-30,6586,THB
2026-10-06,BKK-PVG,BKK,PVG,China,Shanghai,2026-10-31,6606,THB
2026-10-06,BKK-PVG,BKK,PVG,China,Shanghai,2026-11-01,6733,THB
2026-10-06,BKK-PVG,BKK,PVG,China,Shanghai,2026-11-02,6792,THB
2026-10-06,BKK-PVG,BKK,PVG,China,Shanghai,2026-11-03,6953,THB
2026-10-02,BKK-PVG,BKK,PVG,China,Shanghai,2026-11-04,6792,THB
2026-10-06,BKK-PVG,BKK,PVG,China,Shanghai,2026-11-05,6930,THB
2026-09-27,BKK-PVG,BKK,PVG,China,Shanghai,2026-11-06,7392,THB
2026-09-18,BKK-PVG,BKK,PVG,China,Shanghai,2026-11-07,7527,THB
2026-10-06,BKK-PVG,BKK,PVG,China,Shanghai,2026-11-08,8664,THB
2026-10-06,BKK-PVG,BKK,PVG,China,Shanghai,2026-11-09,9781,THB
2026-10-02,BKK-PVG,BKK,PVG,China,Shanghai,2026-11-10,7018,THB
2026-10-05,BKK-PVG,BKK,PVG,China,Shanghai,2026-11-11,6699,THB
2026-10-06,BKK-PVG,BKK,PVG,China,Shanghai,2026-11-12,6667,THB
2026-09-01,BKK-PVG,BKK,PVG,China,Shanghai,2026-11-13,7194,THB
2026-09-14,BKK-PVG,BKK,PVG,China,Shanghai,2026-11-14,6829,THB
2026-09-14,BKK-PVG,BKK,PVG,China,Shanghai,2026-11-15,7344,THB
2026-10-06,BKK-PVG,BKK,PVG,China,Shanghai,2026-11-16,6603,THB
2026-10-02,BKK-PVG,BKK,PVG,China,Shanghai,2026-11-17,7449,THB
2026-10-06,BKK-PVG,BKK,PVG,China,Shanghai,2026-11-18,6603,THB
2026-10-06,BKK-PVG,BKK,PVG,China,Shanghai,2026-11-19,6693,THB
2026-10-06,BKK-PVG,BKK,PVG,China,Shanghai,2026-11-20,6667,THB
2026-10-03,BKK-PVG,BKK,PVG,China,Shanghai,2026-11-21,7415,THB
2026-08-18,BKK-PVG,BKK,PVG,China,Shanghai,2026-11-22,7311,THB
2026-10-06,BKK-PVG,BKK,PVG,China,Shanghai,2026-11-23,6457,THB
2026-10-06,BKK-PVG,BKK,PVG,China,Shanghai,2026-11-24,6988,THB
2026-10-06,BKK-PVG,BKK,PVG,China,Shanghai,2026-11-25,6457,THB
2026-10-06,BKK-PVG,BKK,PVG,China,Shanghai,2026-11-26,7673,THB
2026-09-27,BKK-PVG,BKK,PVG,China,Shanghai,2026-11-27,7669,THB
2026-10-03,BKK-PVG,BKK,PVG,China,Shanghai,2026-11-28,8026,THB
2026-10-06,BKK-PVG,BKK,PVG,China,Shanghai,2026-11-29,7192,THB
2026-09-25,BKK-PVG,BKK,PVG,China,Shanghai,2026-11-30,7607,THB
2026-10-06,BKK-PVG,BKK,PVG,China,Shanghai,2026-12-01,7202,THB
2026-10-06,BKK-PVG,BKK,PVG,China,Shanghai,2026-12-02,7313,THB
2026-10-06,BKK-PVG,BKK,PVG,China,Shanghai,2026-12-03,8024,THB
2026-10-06,BKK-PVG,BKK,PVG,China,Shanghai,2026-12-04,9575,THB
2026-10-05,BKK-PVG,BKK,PVG,China,Shanghai,2026-12-05,9404,THB
2026-10-06,BKK-PVG,BKK,PVG,China,Shanghai,2026-12-06,8893,THB
2026-10-06,BKK-PVG,BKK,PVG,China,Shanghai,2026-12-07,9491,THB
2026-10-02,BKK-PVG,BKK,PVG,China,Shanghai,2026-12-08,7086,THB
2026-10-04,BKK-PVG,BKK,PVG,China,Shanghai,2026-12-09,8488,THB
2026-09-23,BKK-PVG,BKK,PVG,China,Shanghai,2026-12-10,7291,THB
2026-10-02,BKK-PVG,BKK,PVG,China,Shanghai,2026-12-11,7643,THB
2026-10-06,BKK-PVG,BKK,PVG,China,Shanghai,2026-12-12,7680,THB
2026-09-25,BKK-PVG,BKK,PVG,China,Shanghai,2026-12-13,7035,THB
2026-10-01,BKK-PVG,BKK,PVG,China,Shanghai,2026-12-14,7469,THB
2026-10-06,BKK-PVG,BKK,PVG,China,Shanghai,2026-12-15,7556,THB
2026-09-29,BKK-PVG,BKK,PVG,China,Shanghai,2026-12-16,7049,THB
2026-10-06,BKK-PVG,BKK,PVG,China,Shanghai,2026-12-17,7493,THB
2026-10-05,BKK-PVG,BKK,PVG,China,Shanghai,2026-12-18,7538,THB
2026-10-05,BKK-PVG,BKK,PVG,China,Shanghai,2026-12-19,7538,THB
2026-10-02,BKK-PVG,BKK,PVG,China,Shanghai,2026-12-20,7460,THB
2026-10-01,BKK-PVG,BKK,PVG,China,Shanghai,2026-12-21,8538,THB
2026-10-06,BKK-PVG,BKK,PVG,China,Shanghai,2026-12-22,8042,THB
2026-10-06,BKK-PVG,BKK,PVG,China,Shanghai,2026-12-23,8226,THB
2026-10-06,BKK-PVG,BKK,PVG,China,Shanghai,2026-12-24,8417,THB
2026-10-06,BKK-PVG,BKK,PVG,China,Shanghai,2026-12-25,9330,THB
2026-10-06,BKK-PVG,BKK,PVG,China,Shanghai,2026-12-26,10438,THB
2026-10-06,BKK-PVG,BKK,PVG,China,Shanghai,2026-12-27,8395,THB
2026-10-05,BKK-PVG,BKK,PVG,China,Shanghai,2026-12-28,9899,THB
2026-10-06,BKK-PVG,BKK,PVG,China,Shanghai,2026-12-29,10192,THB
2026-10-06,BKK-PVG,BKK,PVG,China,Shanghai,2026-12-30,11159,THB
2026-10-06,BKK-PVG,BKK,PVG,China,Shanghai,2026-12-31,9120,THB
2026-10-06,BKK-PVG,BKK,PVG,China,Shanghai,2027-01-01,10023,THB
2026-09-25,BKK-PVG,BKK,PVG,China,Shanghai,2027-01-02,9312,THB
2026-10-06,BKK-PVG,BKK,PVG,China,Shanghai,2027-01-03,9228,THB
2026-10-06,BKK-PVG,BKK,PVG,China,Shanghai,2027-01-04,8494,THB
2026-09-27,BKK-PVG,BKK,PVG,China,Shanghai,2027-01-05,7324,THB
2026-10-05,BKK-PVG,BKK,PVG,China,Shanghai,2027-01-06,7245,THB
2026-10-06,BKK-PVG,BKK,PVG,China,Shanghai,2027-01-07,7385,THB
2026-06-23,BKK-PVG,BKK,PVG,China,Shanghai,2027-01-08,9000,THB
2026-09-26,BKK-PVG,BKK,PVG,China,Shanghai,2027-01-09,7295,THB
2026-08-22,BKK-PVG,BKK,PVG,China,Shanghai,2027-01-10,9885,THB
2026-10-06,BKK-PVG,BKK,PVG,China,Shanghai,2027-01-11,7363,THB
2026-09-14,BKK-PVG,BKK,PVG,China,Shanghai,2027-01-12,8892,THB
2026-10-06,BKK-PVG,BKK,PVG,China,Shanghai,2027-01-13,7575,THB
2026-10-06,BKK-PVG,BKK,PVG,China,Shanghai,2027-01-14,7060,THB
2026-10-04,BKK-PVG,BKK,PVG,China,Shanghai,2027-01-15,7693,THB
2026-09-27,BKK-PVG,BKK,PVG,China,Shanghai,2027-01-16,7437,THB
2026-09-04,BKK-PVG,BKK,PVG,China,Shanghai,2027-01-17,8906,THB
2026-09-19,BKK-PVG,BKK,PVG,China,Shanghai,2027-01-18,7340,THB
2026-10-06,BKK-PVG,BKK,PVG,China,Shanghai,2027-01-19,7560,THB
2026-10-06,BKK-PVG,BKK,PVG,China,Shanghai,2027-01-20,7162,THB
2026-10-02,BKK-PVG,BKK,PVG,China,Shanghai,2027-01-21,7524,THB
2026-08-19,BKK-PVG,BKK,PVG,China,Shanghai,2027-01-22,10011,THB
2026-09-24,BKK-PVG,BKK,PVG,China,Shanghai,2027-01-23,7257,THB
2026-10-06,BKK-PVG,BKK,PVG,China,Shanghai,2027-01-24,9730,THB
2026-09-18,BKK-PVG,BKK,PVG,China,Shanghai,2027-01-25,9321,THB
2026-09-27,BKK-PVG,BKK,PVG,China,Shanghai,2027-01-26,7437,THB
2026-10-06,BKK-PVG,BKK,PVG,China,Shanghai,2027-01-27,9691,THB
2026-08-02,BKK-PVG,BKK,PVG,China,Shanghai,2027-01-28,10750,THB
2026-09-22,BKK-PVG,BKK,PVG,China,Shanghai,2027-01-29,10160,THB
2026-10-03,BKK-PVG,BKK,PVG,China,Shanghai,2027-01-30,10894,THB
2026-09-12,BKK-PVG,BKK,PVG,China,Shanghai,2027-01-31,10294,THB
2026-10-06,BKK-PVG,BKK,PVG,China,Shanghai,2027-02-01,10873,THB
2026-10-05,BKK-PVG,BKK,PVG,China,Shanghai,2027-02-02,10715,THB
2026-09-07,BKK-PVG,BKK,PVG,China,Shanghai,2027-02-03,6634,THB
2026-10-06,BKK-PVG,BKK,PVG,China,Shanghai,2027-02-04,10139,THB
2026-10-05,BKK-PVG,BKK,PVG,China,Shanghai,2027-02-05,6383,THB
2026-10-06,BKK-PVG,BKK,PVG,China,Shanghai,2027-02-06,7363,THB
2026-10-06,BKK-PVG,BKK,PVG,China,Shanghai,2027-02-07,7385,THB
2026-09-13,BKK-PVG,BKK,PVG,China,Shanghai,2027-02-11,12839,THB
2026-07-16,BKK-PVG,BKK,PVG,China,Shanghai,2027-02-12,13563,THB
2026-10-06,BKK-PVG,BKK,PVG,China,Shanghai,2027-02-13,12141,THB
2026-09-18,BKK-PVG,BKK,PVG,China,Shanghai,2027-02-14,12425,THB
2026-09-30,BKK-PVG,BKK,PVG,China,Shanghai,2027-02-15,11497,THB
2026-09-22,BKK-PVG,BKK,PVG,China,Shanghai,2027-02-16,10023,THB
2026-09-27,BKK-PVG,BKK,PVG,China,Shanghai,2027-02-17,9454,THB
2026-08-10,BKK-PVG,BKK,PVG,China,Shanghai,2027-02-18,10174,THB
2026-09-26,BKK-PVG,BKK,PVG,China,Shanghai,2027-02-19,8341,THB
2026-09-24,BKK-PVG,BKK,PVG,China,Shanghai,2027-02-20,7484,THB
2026-08-10,BKK-PVG,BKK,PVG,China,Shanghai,2027-02-21,9932,THB
2026-09-12,BKK-PVG,BKK,PVG,China,Shanghai,2027-02-22,8604,THB
2026-10-06,BKK-PVG,BKK,PVG,China,Shanghai,2027-02-24,7284,THB
2026-10-06,BKK-PVG,BKK,PVG,China,Shanghai,2027-02-25,7649,THB
2026-06-19,BKK-PVG,BKK,PVG,China,Shanghai,2027-02-28,9367,THB
2026-10-06,BKK-PVG,BKK,PVG,China,Shanghai,2027-03-01,7317,THB
2026-09-01,BKK-PVG,BKK,PVG,China,Shanghai,2027-03-05,8536,THB
2026-09-21,BKK-PVG,BKK,PVG,China,Shanghai,2027-03-06,7263,THB
2026-09-23,BKK-PVG,BKK,PVG,China,Shanghai,2027-03-09,7412,THB
2026-09-13,BKK-PVG,BKK,PVG,China,Shanghai,2027-03-11,8383,THB
2026-10-06,BKK-PVG,BKK,PVG,China,Shanghai,2027-03-13,7418,THB
2026-10-06,BKK-PVG,BKK,PVG,China,Shanghai,2027-03-15,7402,THB
2026-07-24,BKK-PVG,BKK,PVG,China,Shanghai,2027-03-16,9553,THB
2026-10-05,BKK-PVG,BKK,PVG,China,Shanghai,2027-03-19,7318,THB
2026-08-11,BKK-PVG,BKK,PVG,China,Shanghai,2027-03-20,9769,THB
2026-07-24,BKK-PVG,BKK,PVG,China,Shanghai,2027-03-21,8811,THB
2026-08-16,BKK-PVG,BKK,PVG,China,Shanghai,2027-03-22,9149,THB
2026-10-05,BKK-PVG,BKK,PVG,China,Shanghai,2027-03-23,7430,THB
2026-10-05,BKK-PVG,BKK,PVG,China,Shanghai,2027-03-24,7430,THB
2026-09-23,BKK-PVG,BKK,PVG,China,Shanghai,2027-03-26,9185,THB
2026-09-18,BKK-PVG,BKK,PVG,China,Shanghai,2027-03-29,7449,THB
2026-10-06,BKK-PVG,BKK,PVG,China,Shanghai,2027-04-01,8661,THB
2026-10-04,BKK-PVG,BKK,PVG,China,Shanghai,2027-04-05,10485,THB
2026-10-06,BKK-PVG,BKK,PVG,China,Shanghai,2027-04-06,10790,THB
2026-09-29,BKK-PVG,BKK,PVG,China,Shanghai,2027-04-07,8879,THB
2026-08-24,BKK-PVG,BKK,PVG,China,Shanghai,2027-04-08,13974,THB
2026-08-05,BKK-PVG,BKK,PVG,China,Shanghai,2027-04-09,11908,THB
2026-09-20,BKK-PVG,BKK,PVG,China,Shanghai,2027-04-10,14577,THB
2026-10-06,BKK-PVG,BKK,PVG,China,Shanghai,2027-04-11,14834,THB
2026-10-06,BKK-PVG,BKK,PVG,China,Shanghai,2027-04-12,13186,THB
2026-07-24,BKK-PVG,BKK,PVG,China,Shanghai,2027-04-16,12680,THB
2026-09-26,BKK-PVG,BKK,PVG,China,Shanghai,2027-04-19,9538,THB
2026-09-17,BKK-PVG,BKK,PVG,China,Shanghai,2027-04-20,9503,THB
2026-09-25,BKK-PVG,BKK,PVG,China,Shanghai,2027-04-24,9687,THB
2026-09-18,BKK-PVG,BKK,PVG,China,Shanghai,2027-05-04,11035,THB
2026-09-13,BKK-PVG,BKK,PVG,China,Shanghai,2027-05-07,9610,THB
2026-10-05,BKK-PVG,BKK,PVG,China,Shanghai,2027-05-08,8866,THB
2026-08-11,BKK-PVG,BKK,PVG,China,Shanghai,2027-05-09,9480,THB
2026-09-18,BKK-PVG,BKK,PVG,China,Shanghai,2027-05-12,8424,THB
2026-10-06,BKK-PVG,BKK,PVG,China,Shanghai,2027-05-13,8601,THB
2026-09-17,BKK-PVG,BKK,PVG,China,Shanghai,2027-05-15,8678,THB
2026-09-09,BKK-PVG,BKK,PVG,China,Shanghai,2027-05-20,9343,THB
2026-10-06,BKK-PVG,BKK,PVG,China,Shanghai,2027-05-21,7800,THB
2026-09-26,BKK-PVG,BKK,PVG,China,Shanghai,2027-05-24,8556,THB
2026-07-30,BKK-PVG,BKK,PVG,China,Shanghai,2027-06-03,9410,THB
2026-08-08,BKK-PVG,BKK,PVG,China,Shanghai,2027-06-06,8471,THB
2026-10-05,BKK-PVG,BKK,PVG,China,Shanghai,2027-06-10,7742,THB
2026-09-17,BKK-PVG,BKK,PVG,China,Shanghai,2027-06-11,9149,THB
2026-09-04,BKK-PVG,BKK,PVG,China,Shanghai,2027-06-17,8675,THB
2026-09-17,BKK-PVG,BKK,PVG,China,Shanghai,2027-06-24,8678,THB
2026-09-21,BKK-PVG,BKK,PVG,China,Shanghai,2027-06-28,8730,THB
2026-08-11,BKK-PVG,BKK,PVG,China,Shanghai,2027-07-01,8990,THB
2026-08-08,BKK-PVG,BKK,PVG,China,Shanghai,2027-07-05,9448,THB
2026-08-04,BKK-PVG,BKK,PVG,China,Shanghai,2027-07-06,9028,THB
2026-10-06,BKK-PVG,BKK,PVG,China,Shanghai,2027-07-12,8719,THB
2026-09-18,BKK-PVG,BKK,PVG,China,Shanghai,2027-07-15,9681,THB
2026-09-18,BKK-PVG,BKK,PVG,China,Shanghai,2027-07-16,9877,THB
2026-09-18,BKK-PVG,BKK,PVG,China,Shanghai,2027-07-18,10532,THB
2026-09-18,BKK-PVG,BKK,PVG,China,Shanghai,2027-07-20,10134,THB
2026-08-04,BKK-PVG,BKK,PVG,China,Shanghai,2027-07-21,10963,THB
2026-08-29,BKK-PVG,BKK,PVG,China,Shanghai,2027-07-24,10150,THB
2026-10-06,BKK-PVG,BKK,PVG,China,Shanghai,2027-07-30,10233,THB
2026-09-12,BKK-PVG,BKK,PVG,China,Shanghai,2027-08-20,9212,THB
2026-09-18,BKK-PVG,BKK,PVG,China,Shanghai,2027-08-28,9429,THB
2026-10-06,BKK-PVG,BKK,PVG,China,Shanghai,2027-09-01,9108,THB
2026-10-06,BKK-SGN,BKK,SGN,Vietnam,Ho Chi Minh City,2026-10-08,5359,THB
2026-10-06,BKK-SGN,BKK,SGN,Vietnam,Ho Chi Minh City,2026-10-09,6173,THB
2026-10-06,BKK-SGN,BKK,SGN,Vietnam,Ho Chi Minh City,2026-10-10,5137,THB
2026-10-06,BKK-SGN,BKK,SGN,Vietnam,Ho Chi Minh City,2026-10-11,5318,THB
2026-10-06,BKK-SGN,BKK,SGN,Vietnam,Ho Chi Minh City,2026-10-12,5318,THB
2026-10-06,BKK-SGN,BKK,SGN,Vietnam,Ho Chi Minh City,2026-10-13,5468,THB
2026-10-06,BKK-SGN,BKK,SGN,Vietnam,Ho Chi Minh City,2026-10-14,5069,THB
2026-10-06,BKK-SGN,BKK,SGN,Vietnam,Ho Chi Minh City,2026-10-15,5107,THB
2026-10-06,BKK-SGN,BKK,SGN,Vietnam,Ho Chi Minh City,2026-10-16,5229,THB
2026-10-04,BKK-SGN,BKK,SGN,Vietnam,Ho Chi Minh City,2026-10-17,5198,THB
2026-10-06,BKK-SGN,BKK,SGN,Vietnam,Ho Chi Minh City,2026-10-18,5625,THB
2026-10-06,BKK-SGN,BKK,SGN,Vietnam,Ho Chi Minh City,2026-10-19,5076,THB
2026-10-06,BKK-SGN,BKK,SGN,Vietnam,Ho Chi Minh City,2026-10-20,4781,THB
2026-10-06,BKK-SGN,BKK,SGN,Vietnam,Ho Chi Minh City,2026-10-21,5017,THB
2026-10-06,BKK-SGN,BKK,SGN,Vietnam,Ho Chi Minh City,2026-10-22,5029,THB
2026-10-06,BKK-SGN,BKK,SGN,Vietnam,Ho Chi Minh City,2026-10-23,5503,THB
2026-10-06,BKK-SGN,BKK,SGN,Vietnam,Ho Chi Minh City,2026-10-24,5305,THB
2026-09-22,BKK-SGN,BKK,SGN,Vietnam,Ho Chi Minh City,2026-10-25,5498,THB
2026-09-27,BKK-SGN,BKK,SGN,Vietnam,Ho Chi Minh City,2026-10-26,4992,THB
2026-10-06,BKK-SGN,BKK,SGN,Vietnam,Ho Chi Minh City,2026-10-27,5511,THB
2026-10-06,BKK-SGN,BKK,SGN,Vietnam,Ho Chi Minh City,2026-10-28,4680,THB
2026-10-03,BKK-SGN,BKK,SGN,Vietnam,Ho Chi Minh City,2026-10-29,5176,THB
2026-10-06,BKK-SGN,BKK,SGN,Vietnam,Ho Chi Minh City,2026-10-30,5167,THB
2026-10-06,BKK-SGN,BKK,SGN,Vietnam,Ho Chi Minh City,2026-10-31,5284,THB
2026-09-27,BKK-SGN,BKK,SGN,Vietnam,Ho Chi Minh City,2026-11-01,4951,THB
2026-10-06,BKK-SGN,BKK,SGN,Vietnam,Ho Chi Minh City,2026-11-02,4979,THB
2026-10-06,BKK-SGN,BKK,SGN,Vietnam,Ho Chi Minh City,2026-11-03,5666,THB
2026-10-06,BKK-SGN,BKK,SGN,Vietnam,Ho Chi Minh City,2026-11-04,5154,THB
2026-10-06,BKK-SGN,BKK,SGN,Vietnam,Ho Chi Minh City,2026-11-05,5151,THB
2026-10-06,BKK-SGN,BKK,SGN,Vietnam,Ho Chi Minh City,2026-11-06,5145,THB
2026-09-15,BKK-SGN,BKK,SGN,Vietnam,Ho Chi Minh City,2026-11-07,5078,THB
2026-09-23,BKK-SGN,BKK,SGN,Vietnam,Ho Chi Minh City,2026-11-08,4919,THB
2026-10-06,BKK-SGN,BKK,SGN,Vietnam,Ho Chi Minh City,2026-11-09,5297,THB
2026-10-06,BKK-SGN,BKK,SGN,Vietnam,Ho Chi Minh City,2026-11-10,5434,THB
2026-10-06,BKK-SGN,BKK,SGN,Vietnam,Ho Chi Minh City,2026-11-11,5434,THB
2026-10-06,BKK-SGN,BKK,SGN,Vietnam,Ho Chi Minh City,2026-11-12,4757,THB
2026-10-06,BKK-SGN,BKK,SGN,Vietnam,Ho Chi Minh City,2026-11-13,5794,THB
2026-09-22,BKK-SGN,BKK,SGN,Vietnam,Ho Chi Minh City,2026-11-14,5688,THB
2026-09-30,BKK-SGN,BKK,SGN,Vietnam,Ho Chi Minh City,2026-11-15,5254,THB
2026-10-06,BKK-SGN,BKK,SGN,Vietnam,Ho Chi Minh City,2026-11-16,5400,THB
2026-10-06,BKK-SGN,BKK,SGN,Vietnam,Ho Chi Minh City,2026-11-17,5272,THB
2026-09-22,BKK-SGN,BKK,SGN,Vietnam,Ho Chi Minh City,2026-11-18,5446,THB
2026-10-06,BKK-SGN,BKK,SGN,Vietnam,Ho Chi Minh City,2026-11-19,5082,THB
2026-10-06,BKK-SGN,BKK,SGN,Vietnam,Ho Chi Minh City,2026-11-20,5162,THB
2026-10-06,BKK-SGN,BKK,SGN,Vietnam,Ho Chi Minh City,2026-11-21,5030,THB
2026-10-06,BKK-SGN,BKK,SGN,Vietnam,Ho Chi Minh City,2026-11-22,5017,THB
2026-10-06,BKK-SGN,BKK,SGN,Vietnam,Ho Chi Minh City,2026-11-23,5606,THB
2026-09-29,BKK-SGN,BKK,SGN,Vietnam,Ho Chi Minh City,2026-11-24,5508,THB
2026-10-06,BKK-SGN,BKK,SGN,Vietnam,Ho Chi Minh City,2026-11-25,5444,THB
2026-10-06,BKK-SGN,BKK,SGN,Vietnam,Ho Chi Minh City,2026-11-26,6009,THB
2026-10-06,BKK-SGN,BKK,SGN,Vietnam,Ho Chi Minh City,2026-11-27,4966,THB
2026-09-27,BKK-SGN,BKK,SGN,Vietnam,Ho Chi Minh City,2026-11-28,5689,THB
2026-09-30,BKK-SGN,BKK,SGN,Vietnam,Ho Chi Minh City,2026-11-29,5314,THB
2026-09-08,BKK-SGN,BKK,SGN,Vietnam,Ho Chi Minh City,2026-11-30,5517,THB
2026-10-06,BKK-SGN,BKK,SGN,Vietnam,Ho Chi Minh City,2026-12-01,5827,THB
2026-10-06,BKK-SGN,BKK,SGN,Vietnam,Ho Chi Minh City,2026-12-02,5314,THB
2026-10-06,BKK-SGN,BKK,SGN,Vietnam,Ho Chi Minh City,2026-12-03,5224,THB
2026-10-06,BKK-SGN,BKK,SGN,Vietnam,Ho Chi Minh City,2026-12-04,5315,THB
2026-10-06,BKK-SGN,BKK,SGN,Vietnam,Ho Chi Minh City,2026-12-05,5564,THB
2026-10-05,BKK-SGN,BKK,SGN,Vietnam,Ho Chi Minh City,2026-12-06,5632,THB
2026-09-12,BKK-SGN,BKK,SGN,Vietnam,Ho Chi Minh City,2026-12-07,6636,THB
2026-09-22,BKK-SGN,BKK,SGN,Vietnam,Ho Chi Minh City,2026-12-08,5806,THB
2026-10-03,BKK-SGN,BKK,SGN,Vietnam,Ho Chi Minh City,2026-12-09,5248,THB
2026-10-06,BKK-SGN,BKK,SGN,Vietnam,Ho Chi Minh City,2026-12-10,5079,THB
2026-10-06,BKK-SGN,BKK,SGN,Vietnam,Ho Chi Minh City,2026-12-11,1207,THB
2026-10-06,BKK-SGN,BKK,SGN,Vietnam,Ho Chi Minh City,2026-12-12,5322,THB
2026-09-28,BKK-SGN,BKK,SGN,Vietnam,Ho Chi Minh City,2026-12-13,5582,THB
2026-10-06,BKK-SGN,BKK,SGN,Vietnam,Ho Chi Minh City,2026-12-14,5440,THB
2026-09-29,BKK-SGN,BKK,SGN,Vietnam,Ho Chi Minh City,2026-12-15,5485,THB
2026-10-06,BKK-SGN,BKK,SGN,Vietnam,Ho Chi Minh City,2026-12-16,5659,THB
2026-10-06,BKK-SGN,BKK,SGN,Vietnam,Ho Chi Minh City,2026-12-17,5287,THB
2026-10-06,BKK-SGN,BKK,SGN,Vietnam,Ho Chi Minh City,2026-12-18,5348,THB
2026-10-06,BKK-SGN,BKK,SGN,Vietnam,Ho Chi Minh City,2026-12-19,5244,THB
2026-10-06,BKK-SGN,BKK,SGN,Vietnam,Ho Chi Minh City,2026-12-20,5314,THB
2026-10-06,BKK-SGN,BKK,SGN,Vietnam,Ho Chi Minh City,2026-12-21,5312,THB
2026-10-06,BKK-SGN,BKK,SGN,Vietnam,Ho Chi Minh City,2026-12-22,5316,THB
2026-10-06,BKK-SGN,BKK,SGN,Vietnam,Ho Chi Minh City,2026-12-23,6159,THB
2026-10-06,BKK-SGN,BKK,SGN,Vietnam,Ho Chi Minh City,2026-12-24,5554,THB
2026-10-06,BKK-SGN,BKK,SGN,Vietnam,Ho Chi Minh City,2026-12-25,5745,THB
2026-10-04,BKK-SGN,BKK,SGN,Vietnam,Ho Chi Minh City,2026-12-26,5545,THB
2026-09-08,BKK-SGN,BKK,SGN,Vietnam,Ho Chi Minh City,2026-12-27,5911,THB
2026-10-06,BKK-SGN,BKK,SGN,Vietnam,Ho Chi Minh City,2026-12-28,6180,THB
2026-10-06,BKK-SGN,BKK,SGN,Vietnam,Ho Chi Minh City,2026-12-29,5380,THB
2026-10-06,BKK-SGN,BKK,SGN,Vietnam,Ho Chi Minh City,2026-12-30,5453,THB
2026-10-06,BKK-SGN,BKK,SGN,Vietnam,Ho Chi Minh City,2026-12-31,6367,THB
2026-09-11,BKK-SGN,BKK,SGN,Vietnam,Ho Chi Minh City,2027-01-01,6043,THB
2026-10-06,BKK-SGN,BKK,SGN,Vietnam,Ho Chi Minh City,2027-01-02,5260,THB
2026-10-06,BKK-SGN,BKK,SGN,Vietnam,Ho Chi Minh City,2027-01-03,5270,THB
2026-09-21,BKK-SGN,BKK,SGN,Vietnam,Ho Chi Minh City,2027-01-04,5984,THB
2026-10-06,BKK-SGN,BKK,SGN,Vietnam,Ho Chi Minh City,2027-01-05,5388,THB
2026-10-03,BKK-SGN,BKK,SGN,Vietnam,Ho Chi Minh City,2027-01-06,4978,THB
2026-10-04,BKK-SGN,BKK,SGN,Vietnam,Ho Chi Minh City,2027-01-07,4969,THB
2026-10-06,BKK-SGN,BKK,SGN,Vietnam,Ho Chi Minh City,2027-01-08,5381,THB
2026-10-06,BKK-SGN,BKK,SGN,Vietnam,Ho Chi Minh City,2027-01-09,5404,THB
2026-10-03,BKK-SGN,BKK,SGN,Vietnam,Ho Chi Minh City,2027-01-10,5493,THB
2026-10-06,BKK-SGN,BKK,SGN,Vietnam,Ho Chi Minh City,2027-01-11,5246,THB
2026-10-06,BKK-SGN,BKK,SGN,Vietnam,Ho Chi Minh City,2027-01-12,5235,THB
2026-10-06,BKK-SGN,BKK,SGN,Vietnam,Ho Chi Minh City,2027-01-13,5039,THB
2026-10-06,BKK-SGN,BKK,SGN,Vietnam,Ho Chi Minh City,2027-01-14,5492,THB
2026-09-24,BKK-SGN,BKK,SGN,Vietnam,Ho Chi Minh City,2027-01-15,5147,THB
2026-10-06,BKK-SGN,BKK,SGN,Vietnam,Ho Chi Minh City,2027-01-16,5124,THB
2026-09-30,BKK-SGN,BKK,SGN,Vietnam,Ho Chi Minh City,2027-01-17,5566,THB
2026-10-06,BKK-SGN,BKK,SGN,Vietnam,Ho Chi Minh City,2027-01-18,5504,THB
2026-10-06,BKK-SGN,BKK,SGN,Vietnam,Ho Chi Minh City,2027-01-19,5258,THB
2026-10-06,BKK-SGN,BKK,SGN,Vietnam,Ho Chi Minh City,2027-01-20,5651,THB
2026-10-06,BKK-SGN,BKK,SGN,Vietnam,Ho Chi Minh City,2027-01-21,5204,THB
2026-09-27,BKK-SGN,BKK,SGN,Vietnam,Ho Chi Minh City,2027-01-22,4886,THB
2026-10-06,BKK-SGN,BKK,SGN,Vietnam,Ho Chi Minh City,2027-01-23,5256,THB
2026-09-27,BKK-SGN,BKK,SGN,Vietnam,Ho Chi Minh City,2027-01-24,5371,THB
2026-10-06,BKK-SGN,BKK,SGN,Vietnam,Ho Chi Minh City,2027-01-25,5479,THB
2026-10-06,BKK-SGN,BKK,SGN,Vietnam,Ho Chi Minh City,2027-01-26,6388,THB
2026-10-06,BKK-SGN,BKK,SGN,Vietnam,Ho Chi Minh City,2027-01-27,5644,THB
2026-10-06,BKK-SGN,BKK,SGN,Vietnam,Ho Chi Minh City,2027-01-28,5159,THB
2026-10-06,BKK-SGN,BKK,SGN,Vietnam,Ho Chi Minh City,2027-01-29,5560,THB
2026-10-06,BKK-SGN,BKK,SGN,Vietnam,Ho Chi Minh City,2027-01-30,6440,THB
2026-09-21,BKK-SGN,BKK,SGN,Vietnam,Ho Chi Minh City,2027-01-31,5617,THB
2026-09-19,BKK-SGN,BKK,SGN,Vietnam,Ho Chi Minh City,2027-02-01,6112,THB
2026-10-06,BKK-SGN,BKK,SGN,Vietnam,Ho Chi Minh City,2027-02-02,5865,THB
2026-09-15,BKK-SGN,BKK,SGN,Vietnam,Ho Chi Minh City,2027-02-03,5862,THB
2026-09-15,BKK-SGN,BKK,SGN,Vietnam,Ho Chi Minh City,2027-02-04,5057,THB
2026-09-25,BKK-SGN,BKK,SGN,Vietnam,Ho Chi Minh City,2027-02-05,6005,THB
2026-10-06,BKK-SGN,BKK,SGN,Vietnam,Ho Chi Minh City,2027-02-06,5220,THB
2026-10-04,BKK-SGN,BKK,SGN,Vietnam,Ho Chi Minh City,2027-02-07,5843,THB
2026-09-20,BKK-SGN,BKK,SGN,Vietnam,Ho Chi Minh City,2027-02-08,6138,THB
2026-10-04,BKK-SGN,BKK,SGN,Vietnam,Ho Chi Minh City,2027-02-09,6607,THB
2026-10-06,BKK-SGN,BKK,SGN,Vietnam,Ho Chi Minh City,2027-02-10,6422,THB
2026-10-03,BKK-SGN,BKK,SGN,Vietnam,Ho Chi Minh City,2027-02-11,6110,THB
2026-09-30,BKK-SGN,BKK,SGN,Vietnam,Ho Chi Minh City,2027-02-12,6856,THB
2026-10-06,BKK-SGN,BKK,SGN,Vietnam,Ho Chi Minh City,2027-02-14,7431,THB
2026-10-06,BKK-SGN,BKK,SGN,Vietnam,Ho Chi Minh City,2027-02-15,5840,THB
2026-09-23,BKK-SGN,BKK,SGN,Vietnam,Ho Chi Minh City,2027-02-16,5448,THB
2026-09-25,BKK-SGN,BKK,SGN,Vietnam,Ho Chi Minh City,2027-02-17,5332,THB
2026-09-04,BKK-SGN,BKK,SGN,Vietnam,Ho Chi Minh City,2027-02-18,5293,THB
2026-09-15,BKK-SGN,BKK,SGN,Vietnam,Ho Chi Minh City,2027-02-19,5985,THB
2026-10-06,BKK-SGN,BKK,SGN,Vietnam,Ho Chi Minh City,2027-02-20,5995,THB
2026-09-27,BKK-SGN,BKK,SGN,Vietnam,Ho Chi Minh City,2027-02-21,5753,THB
2026-09-27,BKK-SGN,BKK,SGN,Vietnam,Ho Chi Minh City,2027-02-22,5047,THB
2026-10-06,BKK-SGN,BKK,SGN,Vietnam,Ho Chi Minh City,2027-02-23,4857,THB
2026-10-03,BKK-SGN,BKK,SGN,Vietnam,Ho Chi Minh City,2027-02-24,4845,THB
2026-09-23,BKK-SGN,BKK,SGN,Vietnam,Ho Chi Minh City,2027-02-25,4691,THB
2026-09-12,BKK-SGN,BKK,SGN,Vietnam,Ho Chi Minh City,2027-02-26,5177,THB
2026-09-21,BKK-SGN,BKK,SGN,Vietnam,Ho Chi Minh City,2027-02-27,5306,THB
2026-10-05,BKK-SGN,BKK,SGN,Vietnam,Ho Chi Minh City,2027-02-28,5933,THB
2026-08-03,BKK-SGN,BKK,SGN,Vietnam,Ho Chi Minh City,2027-03-01,5133,THB
2026-09-03,BKK-SGN,BKK,SGN,Vietnam,Ho Chi Minh City,2027-03-02,5122,THB
2026-10-06,BKK-SGN,BKK,SGN,Vietnam,Ho Chi Minh City,2027-03-03,4883,THB
2026-09-23,BKK-SGN,BKK,SGN,Vietnam,Ho Chi Minh City,2027-03-05,5245,THB
2026-09-25,BKK-SGN,BKK,SGN,Vietnam,Ho Chi Minh City,2027-03-06,5252,THB
2026-10-06,BKK-SGN,BKK,SGN,Vietnam,Ho Chi Minh City,2027-03-08,5020,THB
2026-10-03,BKK-SGN,BKK,SGN,Vietnam,Ho Chi Minh City,2027-03-10,4858,THB
2026-10-03,BKK-SGN,BKK,SGN,Vietnam,Ho Chi Minh City,2027-03-11,4858,THB
2026-10-02,BKK-SGN,BKK,SGN,Vietnam,Ho Chi Minh City,2027-03-13,4960,THB
2026-08-25,BKK-SGN,BKK,SGN,Vietnam,Ho Chi Minh City,2027-03-15,5209,THB
2026-10-05,BKK-SGN,BKK,SGN,Vietnam,Ho Chi Minh City,2027-03-16,5200,THB
2026-09-30,BKK-SGN,BKK,SGN,Vietnam,Ho Chi Minh City,2027-03-17,4931,THB
2026-07-10,BKK-SGN,BKK,SGN,Vietnam,Ho Chi Minh City,2027-03-19,5913,THB
2026-09-13,BKK-SGN,BKK,SGN,Vietnam,Ho Chi Minh City,2027-03-22,5605,THB
2026-07-14,BKK-SGN,BKK,SGN,Vietnam,Ho Chi Minh City,2027-03-25,4984,THB
2026-07-08,BKK-SGN,BKK,SGN,Vietnam,Ho Chi Minh City,2027-03-26,5108,THB
2026-08-18,BKK-SGN,BKK,SGN,Vietnam,Ho Chi Minh City,2027-04-01,5795,THB
2026-07-24,BKK-SGN,BKK,SGN,Vietnam,Ho Chi Minh City,2027-04-02,5707,THB
2026-10-06,BKK-SGN,BKK,SGN,Vietnam,Ho Chi Minh City,2027-04-03,6564,THB
2026-09-24,BKK-SGN,BKK,SGN,Vietnam,Ho Chi Minh City,2027-04-05,6428,THB
2026-09-09,BKK-SGN,BKK,SGN,Vietnam,Ho Chi Minh City,2027-04-07,6505,THB
2026-06-27,BKK-SGN,BKK,SGN,Vietnam,Ho Chi Minh City,2027-04-09,7488,THB
2026-07-24,BKK-SGN,BKK,SGN,Vietnam,Ho Chi Minh City,2027-04-12,7185,THB
2026-10-06,BKK-SGN,BKK,SGN,Vietnam,Ho Chi Minh City,2027-04-14,6456,THB
2026-10-06,BKK-SGN,BKK,SGN,Vietnam,Ho Chi Minh City,2027-04-24,5038,THB
2026-09-17,BKK-SGN,BKK,SGN,Vietnam,Ho Chi Minh City,2027-04-26,5730,THB
2026-09-09,BKK-SGN,BKK,SGN,Vietnam,Ho Chi Minh City,2027-05-01,5664,THB
2026-07-17,BKK-SGN,BKK,SGN,Vietnam,Ho Chi Minh City,2027-05-02,6342,THB
2026-09-30,BKK-SGN,BKK,SGN,Vietnam,Ho Chi Minh City,2027-05-04,6487,THB
2026-10-06,BKK-SGN,BKK,SGN,Vietnam,Ho Chi Minh City,2027-05-05,5414,THB
2026-09-14,BKK-SGN,BKK,SGN,Vietnam,Ho Chi Minh City,2027-05-16,5268,THB
2026-09-21,BKK-SGN,BKK,SGN,Vietnam,Ho Chi Minh City,2027-05-31,4910,THB
2026-07-10,BKK-SGN,BKK,SGN,Vietnam,Ho Chi Minh City,2027-06-17,7773,THB
2026-08-20,BKK-SGN,BKK,SGN,Vietnam,Ho Chi Minh City,2027-06-20,5958,THB
2026-10-02,BKK-SGN,BKK,SGN,Vietnam,Ho Chi Minh City,2027-06-21,6999,THB
2026-09-15,BKK-SGN,BKK,SGN,Vietnam,Ho Chi Minh City,2027-06-23,5012,THB
2026-07-24,BKK-SGN,BKK,SGN,Vietnam,Ho Chi Minh City,2027-06-24,6475,THB
2026-09-15,BKK-SGN,BKK,SGN,Vietnam,Ho Chi Minh City,2027-07-01,5361,THB
2026-08-17,BKK-SGN,BKK,SGN,Vietnam,Ho Chi Minh City,2027-07-10,4479,THB
2026-08-17,BKK-SGN,BKK,SGN,Vietnam,Ho Chi Minh City,2027-07-11,4608,THB
2026-08-17,BKK-SGN,BKK,SGN,Vietnam,Ho Chi Minh City,2027-07-12,5130,THB
2026-09-13,BKK-SGN,BKK,SGN,Vietnam,Ho Chi Minh City,2027-07-13,5885,THB
2026-08-14,BKK-SGN,BKK,SGN,Vietnam,Ho Chi Minh City,2027-07-15,5341,THB
2026-09-28,BKK-SGN,BKK,SGN,Vietnam,Ho Chi Minh City,2027-09-01,5651,THB
2026-10-06,BKK-SGN,BKK,SGN,Vietnam,Ho Chi Minh City,2027-09-19,5751,THB
