date,route,origin,destination,country,city,departure_date,price,currency
2026-06-09,BKK-HKT,BKK,HKT,Thailand,Phuket,2026-06-12,2530,THB
2026-06-09,BKK-HKT,BKK,HKT,Thailand,Phuket,2026-06-13,2470,THB
2026-06-09,BKK-HKT,BKK,HKT,Thailand,Phuket,2026-06-14,2690,THB
2026-06-09,BKK-HKT,BKK,HKT,Thailand,Phuket,2026-06-15,2230,THB
2026-06-09,BKK-HKT,BKK,HKT,Thailand,Phuket,2026-06-16,1900,THB
2026-06-09,BKK-HKT,BKK,HKT,Thailand,Phuket,2026-06-17,2010,THB
2026-06-09,BKK-HKT,BKK,HKT,Thailand,Phuket,2026-06-18,2030,THB
2026-06-09,BKK-HKT,BKK,HKT,Thailand,Phuket,2026-06-19,2570,THB
2026-06-09,BKK-HKT,BKK,HKT,Thailand,Phuket,2026-06-20,2260,THB
2026-06-09,BKK-HKT,BKK,HKT,Thailand,Phuket,2026-06-21,2440,THB
2026-06-09,BKK-HKT,BKK,HKT,Thailand,Phuket,2026-06-22,2280,THB
2026-06-09,BKK-HKT,BKK,HKT,Thailand,Phuket,2026-06-23,2220,THB
2026-06-09,BKK-HKT,BKK,HKT,Thailand,Phuket,2026-06-24,2160,THB
2026-06-09,BKK-HKT,BKK,HKT,Thailand,Phuket,2026-06-25,2370,THB
2026-06-09,BKK-HKT,BKK,HKT,Thailand,Phuket,2026-06-26,2450,THB
2026-06-09,BKK-HKT,BKK,HKT,Thailand,Phuket,2026-06-27,2210,THB
2026-06-09,BKK-HKT,BKK,HKT,Thailand,Phuket,2026-06-28,2430,THB
2026-06-09,BKK-HKT,BKK,HKT,Thailand,Phuket,2026-06-29,2160,THB
2026-06-09,BKK-HKT,BKK,HKT,Thailand,Phuket,2026-06-30,2120,THB
2026-06-09,BKK-HKT,BKK,HKT,Thailand,Phuket,2026-07-01,2180,THB
2026-06-09,BKK-HKT,BKK,HKT,Thailand,Phuket,2026-07-02,2260,THB
2026-06-09,BKK-HKT,BKK,HKT,Thailand,Phuket,2026-07-03,2310,THB
2026-06-09,BKK-HKT,BKK,HKT,Thailand,Phuket,2026-07-04,2380,THB
2026-06-09,BKK-HKT,BKK,HKT,Thailand,Phuket,2026-07-05,2520,THB
2026-06-09,BKK-HKT,BKK,HKT,Thailand,Phuket,2026-07-06,2150,THB
2026-06-09,BKK-HKT,BKK,HKT,Thailand,Phuket,2026-07-07,2000,THB
2026-06-09,BKK-HKT,BKK,HKT,Thailand,Phuket,2026-07-08,2070,THB
2026-06-09,BKK-HKT,BKK,HKT,Thailand,Phuket,2026-07-09,2360,THB
2026-06-09,BKK-HKT,BKK,HKT,Thailand,Phuket,2026-07-10,2640,THB
2026-06-09,BKK-HKT,BKK,HKT,Thailand,Phuket,2026-07-11,2510,THB
2026-06-09,BKK-HKT,BKK,HKT,Thailand,Phuket,2026-07-12,2530,THB
2026-06-09,BKK-HKT,BKK,HKT,Thailand,Phuket,2026-07-13,2350,THB
2026-06-09,BKK-HKT,BKK,HKT,Thailand,Phuket,2026-07-14,1920,THB
2026-06-09,BKK-HKT,BKK,HKT,Thailand,Phuket,2026-07-15,2030,THB
2026-06-09,BKK-HKT,BKK,HKT,Thailand,Phuket,2026-07-16,2150,THB
2026-06-09,BKK-HKT,BKK,HKT,Thailand,Phuket,2026-07-17,2300,THB
2026-06-09,BKK-HKT,BKK,HKT,Thailand,Phuket,2026-07-18,2350,THB
2026-06-09,BKK-HKT,BKK,HKT,Thailand,Phuket,2026-07-19,2490,THB
2026-06-09,BKK-HKT,BKK,HKT,Thailand,Phuket,2026-07-20,2190,THB
2026-06-09,BKK-HKT,BKK,HKT,Thailand,Phuket,2026-07-21,1980,THB
2026-06-09,BKK-HKT,BKK,HKT,Thailand,Phuket,2026-07-22,2030,THB
2026-06-09,BKK-HKT,BKK,HKT,Thailand,Phuket,2026-07-23,2320,THB
2026-06-09,BKK-HKT,BKK,HKT,Thailand,Phuket,2026-07-24,2500,THB
2026-06-09,BKK-HKT,BKK,HKT,Thailand,Phuket,2026-07-25,2380,THB
2026-06-09,BKK-HKT,BKK,HKT,Thailand,Phuket,2026-07-26,2460,THB
2026-06-09,BKK-HKT,BKK,HKT,Thailand,Phuket,2026-07-27,2060,THB
2026-06-09,BKK-HKT,BKK,HKT,Thailand,Phuket,2026-07-28,2060,THB
2026-06-09,BKK-HKT,BKK,HKT,Thailand,Phuket,2026-07-29,2060,THB
2026-06-09,BKK-HKT,BKK,HKT,Thailand,Phuket,2026-07-30,2120,THB
2026-06-09,BKK-HKT,BKK,HKT,Thailand,Phuket,2026-07-31,2470,THB
2026-06-09,BKK-HKT,BKK,HKT,Thailand,Phuket,2026-08-01,2470,THB
2026-06-09,BKK-HKT,BKK,HKT,Thailand,Phuket,2026-08-02,2450,THB
2026-06-09,BKK-HKT,BKK,HKT,Thailand,Phuket,2026-08-03,2160,THB
2026-06-09,BKK-HKT,BKK,HKT,Thailand,Phuket,2026-08-04,2060,THB
2026-06-09,BKK-HKT,BKK,HKT,Thailand,Phuket,2026-08-05,1980,THB
2026-06-09,BKK-HKT,BKK,HKT,Thailand,Phuket,2026-08-06,2110,THB
2026-06-09,BKK-HKT,BKK,HKT,Thailand,Phuket,2026-08-07,2300,THB
2026-06-09,BKK-HKT,BKK,HKT,Thailand,Phuket,2026-08-08,2270,THB
2026-06-09,BKK-HKT,BKK,HKT,Thailand,Phuket,2026-08-09,2450,THB
2026-06-09,BKK-HKT,BKK,HKT,Thailand,Phuket,2026-08-10,2120,THB
2026-06-09,BKK-HKT,BKK,HKT,Thailand,Phuket,2026-08-11,2050,THB
2026-06-09,BKK-HKT,BKK,HKT,Thailand,Phuket,2026-08-12,2170,THB
2026-06-09,BKK-HKT,BKK,HKT,Thailand,Phuket,2026-08-13,2070,THB
2026-06-09,BKK-HKT,BKK,HKT,Thailand,Phuket,2026-08-14,2340,THB
2026-06-09,BKK-HKT,BKK,HKT,Thailand,Phuket,2026-08-15,2270,THB
2026-06-09,BKK-HKT,BKK,HKT,Thailand,Phuket,2026-08-16,2540,THB
2026-06-09,BKK-HKT,BKK,HKT,Thailand,Phuket,2026-08-17,2260,THB
2026-06-09,BKK-HKT,BKK,HKT,Thailand,Phuket,2026-08-18,1960,THB
2026-06-09,BKK-HKT,BKK,HKT,Thailand,Phuket,2026-08-19,2200,THB
2026-06-09,BKK-HKT,BKK,HKT,Thailand,Phuket,2026-08-20,2090,THB
2026-06-09,BKK-HKT,BKK,HKT,Thailand,Phuket,2026-08-21,2340,THB
2026-06-09,BKK-HKT,BKK,HKT,Thailand,Phuket,2026-08-22,2500,THB
2026-06-09,BKK-HKT,BKK,HKT,Thailand,Phuket,2026-08-23,2550,THB
2026-06-09,BKK-HKT,BKK,HKT,Thailand,Phuket,2026-08-24,2330,THB
2026-06-09,BKK-HKT,BKK,HKT,Thailand,Phuket,2026-08-25,1930,THB
2026-06-09,BKK-HKT,BKK,HKT,Thailand,Phuket,2026-08-26,2060,THB
2026-06-09,BKK-HKT,BKK,HKT,Thailand,Phuket,2026-08-27,2060,THB
2026-06-09,BKK-HKT,BKK,HKT,Thailand,Phuket,2026-08-28,2670,THB
2026-06-09,BKK-HKT,BKK,HKT,Thailand,Phuket,2026-08-29,2500,THB
2026-06-09,BKK-HKT,BKK,HKT,Thailand,Phuket,2026-08-30,2520,THB
2026-06-09,BKK-HKT,BKK,HKT,Thailand,Phuket,2026-08-31,2280,THB
2026-06-09,BKK-HKT,BKK,HKT,Thailand,Phuket,2026-09-01,1990,THB
2026-06-09,BKK-HKT,BKK,HKT,Thailand,Phuket,2026-09-02,2210,THB
2026-06-09,BKK-HKT,BKK,HKT,Thailand,Phuket,2026-09-03,2200,THB
2026-06-09,BKK-HKT,BKK,HKT,Thailand,Phuket,2026-09-04,2420,THB
2026-06-09,BKK-HKT,BKK,HKT,Thailand,Phuket,2026-09-05,2310,THB
2026-06-09,BKK-HKT,BKK,HKT,Thailand,Phuket,2026-09-06,2470,THB
2026-06-09,BKK-HKT,BKK,HKT,Thailand,Phuket,2026-09-07,2270,THB
2026-06-09,BKK-HKT,BKK,HKT,Thailand,Phuket,2026-09-08,2010,THB
2026-06-09,BKK-HKT,BKK,HKT,Thailand,Phuket,2026-09-09,2070,THB
2026-06-09,BKK-HKT,BKK,HKT,Thailand,Phuket,2026-09-10,2390,THB
2026-06-09,BKK-HKT,BKK,HKT,Thailand,Phuket,2026-09-11,2360,THB
2026-06-09,BKK-HKT,BKK,HKT,Thailand,Phuket,2026-09-12,2280,THB
2026-06-09,BKK-HKT,BKK,HKT,Thailand,Phuket,2026-09-13,2540,THB
2026-06-09,BKK-HKT,BKK,HKT,Thailand,Phuket,2026-09-14,2310,THB
2026-06-09,BKK-HKT,BKK,HKT,Thailand,Phuket,2026-09-15,2010,THB
2026-06-09,BKK-HKT,BKK,HKT,Thailand,Phuket,2026-09-16,2120,THB
2026-06-09,BKK-HKT,BKK,HKT,Thailand,Phuket,2026-09-17,2140,THB
2026-06-09,BKK-HKT,BKK,HKT,Thailand,Phuket,2026-09-18,2310,THB
2026-06-09,BKK-HKT,BKK,HKT,Thailand,Phuket,2026-09-19,2280,THB
2026-06-09,BKK-HKT,BKK,HKT,Thailand,Phuket,2026-09-20,2500,THB
2026-06-09,BKK-HKT,BKK,HKT,Thailand,Phuket,2026-09-21,2050,THB
2026-06-09,BKK-HKT,BKK,HKT,Thailand,Phuket,2026-09-22,2230,THB
2026-06-09,BKK-HKT,BKK,HKT,Thailand,Phuket,2026-09-23,2190,THB
2026-06-09,BKK-HKT,BKK,HKT,Thailand,Phuket,2026-09-24,2110,THB
2026-06-09,BKK-HKT,BKK,HKT,Thailand,Phuket,2026-09-25,2600,THB
2026-06-09,BKK-HKT,BKK,HKT,Thailand,Phuket,2026-09-26,2340,THB
2026-06-09,BKK-HKT,BKK,HKT,Thailand,Phuket,2026-09-27,2390,THB
2026-06-09,BKK-HKT,BKK,HKT,Thailand,Phuket,2026-09-28,2320,THB
2026-06-09,BKK-HKT,BKK,HKT,Thailand,Phuket,2026-09-29,2160,THB
2026-06-09,BKK-HKT,BKK,HKT,Thailand,Phuket,2026-09-30,2030,THB
2026-06-09,BKK-HKT,BKK,HKT,Thailand,Phuket,2026-10-01,2400,THB
2026-06-09,BKK-HKT,BKK,HKT,Thailand,Phuket,2026-10-02,2680,THB
2026-06-09,BKK-HKT,BKK,HKT,Thailand,Phuket,2026-10-03,2340,THB
2026-06-09,BKK-HKT,BKK,HKT,Thailand,Phuket,2026-10-04,2620,THB
2026-06-09,BKK-HKT,BKK,HKT,Thailand,Phuket,2026-10-05,2320,THB
2026-06-09,BKK-HKT,BKK,HKT,Thailand,Phuket,2026-10-06,2230,THB
2026-06-09,BKK-HKT,BKK,HKT,Thailand,Phuket,2026-10-07,1970,THB
2026-06-09,BKK-HKT,BKK,HKT,Thailand,Phuket,2026-10-08,2300,THB
2026-06-09,BKK-HKT,BKK,HKT,Thailand,Phuket,2026-10-09,2570,THB
2026-06-09,BKK-HKT,BKK,HKT,Thailand,Phuket,2026-10-10,2370,THB
2026-06-09,BKK-HKT,BKK,HKT,Thailand,Phuket,2026-10-11,2730,THB
2026-06-09,BKK-HKT,BKK,HKT,Thailand,Phuket,2026-10-12,2300,THB
2026-06-09,BKK-HKT,BKK,HKT,Thailand,Phuket,2026-10-13,2250,THB
2026-06-09,BKK-HKT,BKK,HKT,Thailand,Phuket,2026-10-14,2240,THB
2026-06-09,BKK-HKT,BKK,HKT,Thailand,Phuket,2026-10-15,2260,THB
2026-06-09,BKK-HKT,BKK,HKT,Thailand,Phuket,2026-10-16,2370,THB
2026-06-09,BKK-HKT,BKK,HKT,Thailand,Phuket,2026-10-17,2340,THB
2026-06-09,BKK-HKT,BKK,HKT,Thailand,Phuket,2026-10-18,2600,THB
2026-06-09,BKK-HKT,BKK,HKT,Thailand,Phuket,2026-10-19,2100,THB
2026-06-09,BKK-HKT,BKK,HKT,Thailand,Phuket,2026-10-20,2050,THB
2026-06-09,BKK-HKT,BKK,HKT,Thailand,Phuket,2026-10-21,2240,THB
2026-06-09,BKK-HKT,BKK,HKT,Thailand,Phuket,2026-10-22,2230,THB
2026-06-09,BKK-HKT,BKK,HKT,Thailand,Phuket,2026-10-23,2500,THB
2026-06-09,BKK-HKT,BKK,HKT,Thailand,Phuket,2026-10-24,2310,THB
2026-06-09,BKK-HKT,BKK,HKT,Thailand,Phuket,2026-10-25,2540,THB
2026-06-09,BKK-HKT,BKK,HKT,Thailand,Phuket,2026-10-26,2100,THB
2026-06-09,BKK-HKT,BKK,HKT,Thailand,Phuket,2026-10-27,1990,THB
2026-06-09,BKK-HKT,BKK,HKT,Thailand,Phuket,2026-10-28,2030,THB
2026-06-09,BKK-HKT,BKK,HKT,Thailand,Phuket,2026-10-29,2290,THB
2026-06-09,BKK-HKT,BKK,HKT,Thailand,Phuket,2026-10-30,2550,THB
2026-06-09,BKK-HKT,BKK,HKT,Thailand,Phuket,2026-10-31,2230,THB
2026-06-09,BKK-HKT,BKK,HKT,Thailand,Phuket,2026-11-01,2440,THB
2026-06-09,BKK-HKT,BKK,HKT,Thailand,Phuket,2026-11-02,2370,THB
2026-06-09,BKK-HKT,BKK,HKT,Thailand,Phuket,2026-11-03,2250,THB
2026-06-09,BKK-HKT,BKK,HKT,Thailand,Phuket,2026-11-04,2090,THB
2026-06-09,BKK-HKT,BKK,HKT,Thailand,Phuket,2026-11-05,2340,THB
2026-06-09,BKK-HKT,BKK,HKT,Thailand,Phuket,2026-11-06,2550,THB
2026-06-09,BKK-HKT,BKK,HKT,Thailand,Phuket,2026-11-07,2520,THB
2026-06-09,BKK-HKT,BKK,HKT,Thailand,Phuket,2026-11-08,2690,THB
2026-06-09,BKK-HKT,BKK,HKT,Thailand,Phuket,2026-11-09,2290,THB
2026-06-09,BKK-HKT,BKK,HKT,Thailand,Phuket,2026-11-10,2150,THB
2026-06-09,BKK-HKT,BKK,HKT,Thailand,Phuket,2026-11-11,2060,THB
2026-06-09,BKK-HKT,BKK,HKT,Thailand,Phuket,2026-11-12,2310,THB
2026-06-09,BKK-HKT,BKK,HKT,Thailand,Phuket,2026-11-13,2410,THB
2026-06-09,BKK-HKT,BKK,HKT,Thailand,Phuket,2026-11-14,2470,THB
2026-06-09,BKK-HKT,BKK,HKT,Thailand,Phuket,2026-11-15,2690,THB
2026-06-09,BKK-HKT,BKK,HKT,Thailand,Phuket,2026-11-16,2270,THB
2026-06-09,BKK-HKT,BKK,HKT,Thailand,Phuket,2026-11-17,2070,THB
2026-06-09,BKK-HKT,BKK,HKT,Thailand,Phuket,2026-11-18,2060,THB
2026-06-09,BKK-HKT,BKK,HKT,Thailand,Phuket,2026-11-19,2390,THB
2026-06-09,BKK-HKT,BKK,HKT,Thailand,Phuket,2026-11-20,2610,THB
2026-06-09,BKK-HKT,BKK,HKT,Thailand,Phuket,2026-11-21,2290,THB
2026-06-09,BKK-HKT,BKK,HKT,Thailand,Phuket,2026-11-22,2510,THB
2026-06-09,BKK-HKT,BKK,HKT,Thailand,Phuket,2026-11-23,2150,THB
2026-06-09,BKK-HKT,BKK,HKT,Thailand,Phuket,2026-11-24,2060,THB
2026-06-09,BKK-HKT,BKK,HKT,Thailand,Phuket,2026-11-25,2100,THB
2026-06-09,BKK-HKT,BKK,HKT,Thailand,Phuket,2026-11-26,2190,THB
2026-06-09,BKK-HKT,BKK,HKT,Thailand,Phuket,2026-11-27,2490,THB
2026-06-09,BKK-HKT,BKK,HKT,Thailand,Phuket,2026-11-28,2280,THB
2026-06-09,BKK-HKT,BKK,HKT,Thailand,Phuket,2026-11-29,2620,THB
2026-06-09,BKK-HKT,BKK,HKT,Thailand,Phuket,2026-11-30,2260,THB
2026-06-09,BKK-HKT,BKK,HKT,Thailand,Phuket,2026-12-01,2070,THB
2026-06-09,BKK-HKT,BKK,HKT,Thailand,Phuket,2026-12-02,2110,THB
2026-06-09,BKK-HKT,BKK,HKT,Thailand,Phuket,2026-12-03,2000,THB
2026-06-09,BKK-HKT,BKK,HKT,Thailand,Phuket,2026-12-04,2470,THB
2026-06-09,BKK-HKT,BKK,HKT,Thailand,Phuket,2026-12-05,2400,THB
2026-06-09,BKK-HKT,BKK,HKT,Thailand,Phuket,2026-12-06,2340,THB
2026-06-09,BKK-HKT,BKK,HKT,Thailand,Phuket,2026-12-07,2200,THB
2026-06-09,BKK-HKT,BKK,HKT,Thailand,Phuket,2026-12-08,2010,THB
2026-06-09,BKK-CNX,BKK,CNX,Thailand,Chiang Mai,2026-06-12,1390,THB
2026-06-09,BKK-CNX,BKK,CNX,Thailand,Chiang Mai,2026-06-13,1430,THB
2026-06-09,BKK-CNX,BKK,CNX,Thailand,Chiang Mai,2026-06-14,1600,THB
2026-06-09,BKK-CNX,BKK,CNX,Thailand,Chiang Mai,2026-06-15,1210,THB
2026-06-09,BKK-CNX,BKK,CNX,Thailand,Chiang Mai,2026-06-16,1190,THB
2026-06-09,BKK-CNX,BKK,CNX,Thailand,Chiang Mai,2026-06-17,1250,THB
2026-06-09,BKK-CNX,BKK,CNX,Thailand,Chiang Mai,2026-06-18,1380,THB
2026-06-09,BKK-CNX,BKK,CNX,Thailand,Chiang Mai,2026-06-19,1460,THB
2026-06-09,BKK-CNX,BKK,CNX,Thailand,Chiang Mai,2026-06-20,1430,THB
2026-06-09,BKK-CNX,BKK,CNX,Thailand,Chiang Mai,2026-06-21,1590,THB
2026-06-09,BKK-CNX,BKK,CNX,Thailand,Chiang Mai,2026-06-22,1220,THB
2026-06-09,BKK-CNX,BKK,CNX,Thailand,Chiang Mai,2026-06-23,1280,THB
2026-06-09,BKK-CNX,BKK,CNX,Thailand,Chiang Mai,2026-06-24,1270,THB
2026-06-09,BKK-CNX,BKK,CNX,Thailand,Chiang Mai,2026-06-25,1260,THB
2026-06-09,BKK-CNX,BKK,CNX,Thailand,Chiang Mai,2026-06-26,1380,THB
2026-06-09,BKK-CNX,BKK,CNX,Thailand,Chiang Mai,2026-06-27,1340,THB
2026-06-09,BKK-CNX,BKK,CNX,Thailand,Chiang Mai,2026-06-28,1530,THB
2026-06-09,BKK-CNX,BKK,CNX,Thailand,Chiang Mai,2026-06-29,1370,THB
2026-06-09,BKK-CNX,BKK,CNX,Thailand,Chiang Mai,2026-06-30,1240,THB
2026-06-09,BKK-CNX,BKK,CNX,Thailand,Chiang Mai,2026-07-01,1230,THB
2026-06-09,BKK-CNX,BKK,CNX,Thailand,Chiang Mai,2026-07-02,1370,THB
2026-06-09,BKK-CNX,BKK,CNX,Thailand,Chiang Mai,2026-07-03,1370,THB
2026-06-09,BKK-CNX,BKK,CNX,Thailand,Chiang Mai,2026-07-04,1320,THB
2026-06-09,BKK-CNX,BKK,CNX,Thailand,Chiang Mai,2026-07-05,1500,THB
2026-06-09,BKK-CNX,BKK,CNX,Thailand,Chiang Mai,2026-07-06,1260,THB
2026-06-09,BKK-CNX,BKK,CNX,Thailand,Chiang Mai,2026-07-07,1270,THB
2026-06-09,BKK-CNX,BKK,CNX,Thailand,Chiang Mai,2026-07-08,1150,THB
2026-06-09,BKK-CNX,BKK,CNX,Thailand,Chiang Mai,2026-07-09,1280,THB
2026-06-09,BKK-CNX,BKK,CNX,Thailand,Chiang Mai,2026-07-10,1480,THB
2026-06-09,BKK-CNX,BKK,CNX,Thailand,Chiang Mai,2026-07-11,1370,THB
2026-06-09,BKK-CNX,BKK,CNX,Thailand,Chiang Mai,2026-07-12,1430,THB
2026-06-09,BKK-CNX,BKK,CNX,Thailand,Chiang Mai,2026-07-13,1210,THB
2026-06-09,BKK-CNX,BKK,CNX,Thailand,Chiang Mai,2026-07-14,1230,THB
2026-06-09,BKK-CNX,BKK,CNX,Thailand,Chiang Mai,2026-07-15,1290,THB
2026-06-09,BKK-CNX,BKK,CNX,Thailand,Chiang Mai,2026-07-16,1280,THB
2026-06-09,BKK-CNX,BKK,CNX,Thailand,Chiang Mai,2026-07-17,1460,THB
2026-06-09,BKK-CNX,BKK,CNX,Thailand,Chiang Mai,2026-07-18,1370,THB
2026-06-09,BKK-CNX,BKK,CNX,Thailand,Chiang Mai,2026-07-19,1580,THB
2026-06-09,BKK-CNX,BKK,CNX,Thailand,Chiang Mai,2026-07-20,1240,THB
2026-06-09,BKK-CNX,BKK,CNX,Thailand,Chiang Mai,2026-07-21,1170,THB
2026-06-09,BKK-CNX,BKK,CNX,Thailand,Chiang Mai,2026-07-22,1230,THB
2026-06-09,BKK-CNX,BKK,CNX,Thailand,Chiang Mai,2026-07-23,1230,THB
2026-06-09,BKK-CNX,BKK,CNX,Thailand,Chiang Mai,2026-07-24,1570,THB
2026-06-09,BKK-CNX,BKK,CNX,Thailand,Chiang Mai,2026-07-25,1480,THB
2026-06-09,BKK-CNX,BKK,CNX,Thailand,Chiang Mai,2026-07-26,1430,THB
2026-06-09,BKK-CNX,BKK,CNX,Thailand,Chiang Mai,2026-07-27,1320,THB
2026-06-09,BKK-CNX,BKK,CNX,Thailand,Chiang Mai,2026-07-28,1210,THB
2026-06-09,BKK-CNX,BKK,CNX,Thailand,Chiang Mai,2026-07-29,1200,THB
2026-06-09,BKK-CNX,BKK,CNX,Thailand,Chiang Mai,2026-07-30,1270,THB
2026-06-09,BKK-CNX,BKK,CNX,Thailand,Chiang Mai,2026-07-31,1470,THB
2026-06-09,BKK-CNX,BKK,CNX,Thailand,Chiang Mai,2026-08-01,1450,THB
2026-06-09,BKK-CNX,BKK,CNX,Thailand,Chiang Mai,2026-08-02,1530,THB
2026-06-09,BKK-CNX,BKK,CNX,Thailand,Chiang Mai,2026-08-03,1400,THB
2026-06-09,BKK-CNX,BKK,CNX,Thailand,Chiang Mai,2026-08-04,1290,THB
2026-06-09,BKK-CNX,BKK,CNX,Thailand,Chiang Mai,2026-08-05,1140,THB
2026-06-09,BKK-CNX,BKK,CNX,Thailand,Chiang Mai,2026-08-06,1310,THB
2026-06-09,BKK-CNX,BKK,CNX,Thailand,Chiang Mai,2026-08-07,1510,THB
2026-06-09,BKK-CNX,BKK,CNX,Thailand,Chiang Mai,2026-08-08,1390,THB
2026-06-09,BKK-CNX,BKK,CNX,Thailand,Chiang Mai,2026-08-09,1460,THB
2026-06-09,BKK-CNX,BKK,CNX,Thailand,Chiang Mai,2026-08-10,1300,THB
2026-06-09,BKK-CNX,BKK,CNX,Thailand,Chiang Mai,2026-08-11,1280,THB
2026-06-09,BKK-CNX,BKK,CNX,Thailand,Chiang Mai,2026-08-12,1320,THB
2026-06-09,BKK-CNX,BKK,CNX,Thailand,Chiang Mai,2026-08-13,1300,THB
2026-06-09,BKK-CNX,BKK,CNX,Thailand,Chiang Mai,2026-08-14,1510,THB
2026-06-09,BKK-CNX,BKK,CNX,Thailand,Chiang Mai,2026-08-15,1450,THB
2026-06-09,BKK-CNX,BKK,CNX,Thailand,Chiang Mai,2026-08-16,1430,THB
2026-06-09,BKK-CNX,BKK,CNX,Thailand,Chiang Mai,2026-08-17,1390,THB
2026-06-09,BKK-CNX,BKK,CNX,Thailand,Chiang Mai,2026-08-18,1160,THB
2026-06-09,BKK-CNX,BKK,CNX,Thailand,Chiang Mai,2026-08-19,1210,THB
2026-06-09,BKK-CNX,BKK,CNX,Thailand,Chiang Mai,2026-08-20,1300,THB
2026-06-09,BKK-CNX,BKK,CNX,Thailand,Chiang Mai,2026-08-21,1570,THB
2026-06-09,BKK-CNX,BKK,CNX,Thailand,Chiang Mai,2026-08-22,1340,THB
2026-06-09,BKK-CNX,BKK,CNX,Thailand,Chiang Mai,2026-08-23,1410,THB
2026-06-09,BKK-CNX,BKK,CNX,Thailand,Chiang Mai,2026-08-24,1330,THB
2026-06-09,BKK-CNX,BKK,CNX,Thailand,Chiang Mai,2026-08-25,1130,THB
2026-06-09,BKK-CNX,BKK,CNX,Thailand,Chiang Mai,2026-08-26,1150,THB
2026-06-09,BKK-CNX,BKK,CNX,Thailand,Chiang Mai,2026-08-27,1350,THB
2026-06-09,BKK-CNX,BKK,CNX,Thailand,Chiang Mai,2026-08-28,1530,THB
2026-06-09,BKK-CNX,BKK,CNX,Thailand,Chiang Mai,2026-08-29,1510,THB
2026-06-09,BKK-CNX,BKK,CNX,Thailand,Chiang Mai,2026-08-30,1450,THB
2026-06-09,BKK-CNX,BKK,CNX,Thailand,Chiang Mai,2026-08-31,1340,THB
2026-06-09,BKK-CNX,BKK,CNX,Thailand,Chiang Mai,2026-09-01,1330,THB
2026-06-09,BKK-CNX,BKK,CNX,Thailand,Chiang Mai,2026-09-02,1330,THB
2026-06-09,BKK-CNX,BKK,CNX,Thailand,Chiang Mai,2026-09-03,1240,THB
2026-06-09,BKK-CNX,BKK,CNX,Thailand,Chiang Mai,2026-09-04,1450,THB
2026-06-09,BKK-CNX,BKK,CNX,Thailand,Chiang Mai,2026-09-05,1410,THB
2026-06-09,BKK-CNX,BKK,CNX,Thailand,Chiang Mai,2026-09-06,1540,THB
2026-06-09,BKK-CNX,BKK,CNX,Thailand,Chiang Mai,2026-09-07,1370,THB
2026-06-09,BKK-CNX,BKK,CNX,Thailand,Chiang Mai,2026-09-08,1290,THB
2026-06-09,BKK-CNX,BKK,CNX,Thailand,Chiang Mai,2026-09-09,1170,THB
2026-06-09,BKK-CNX,BKK,CNX,Thailand,Chiang Mai,2026-09-10,1270,THB
2026-06-09,BKK-CNX,BKK,CNX,Thailand,Chiang Mai,2026-09-11,1550,THB
2026-06-09,BKK-CNX,BKK,CNX,Thailand,Chiang Mai,2026-09-12,1530,THB
2026-06-09,BKK-CNX,BKK,CNX,Thailand,Chiang Mai,2026-09-13,1530,THB
2026-06-09,BKK-CNX,BKK,CNX,Thailand,Chiang Mai,2026-09-14,1340,THB
2026-06-09,BKK-CNX,BKK,CNX,Thailand,Chiang Mai,2026-09-15,1280,THB
2026-06-09,BKK-CNX,BKK,CNX,Thailand,Chiang Mai,2026-09-16,1290,THB
2026-06-09,BKK-CNX,BKK,CNX,Thailand,Chiang Mai,2026-09-17,1270,THB
2026-06-09,BKK-CNX,BKK,CNX,Thailand,Chiang Mai,2026-09-18,1580,THB
2026-06-09,BKK-CNX,BKK,CNX,Thailand,Chiang Mai,2026-09-19,1520,THB
2026-06-09,BKK-CNX,BKK,CNX,Thailand,Chiang Mai,2026-09-20,1480,THB
2026-06-09,BKK-CNX,BKK,CNX,Thailand,Chiang Mai,2026-09-21,1340,THB
2026-06-09,BKK-CNX,BKK,CNX,Thailand,Chiang Mai,2026-09-22,1240,THB
2026-06-09,BKK-CNX,BKK,CNX,Thailand,Chiang Mai,2026-09-23,1180,THB
2026-06-09,BKK-CNX,BKK,CNX,Thailand,Chiang Mai,2026-09-24,1420,THB
2026-06-09,BKK-CNX,BKK,CNX,Thailand,Chiang Mai,2026-09-25,1580,THB
2026-06-09,BKK-CNX,BKK,CNX,Thailand,Chiang Mai,2026-09-26,1520,THB
2026-06-09,BKK-CNX,BKK,CNX,Thailand,Chiang Mai,2026-09-27,1500,THB
2026-06-09,BKK-CNX,BKK,CNX,Thailand,Chiang Mai,2026-09-28,1220,THB
2026-06-09,BKK-CNX,BKK,CNX,Thailand,Chiang Mai,2026-09-29,1320,THB
2026-06-09,BKK-CNX,BKK,CNX,Thailand,Chiang Mai,2026-09-30,1290,THB
2026-06-09,BKK-CNX,BKK,CNX,Thailand,Chiang Mai,2026-10-01,1330,THB
2026-06-09,BKK-CNX,BKK,CNX,Thailand,Chiang Mai,2026-10-02,1590,THB
2026-06-09,BKK-CNX,BKK,CNX,Thailand,Chiang Mai,2026-10-03,1460,THB
2026-06-09,BKK-CNX,BKK,CNX,Thailand,Chiang Mai,2026-10-04,1420,THB
2026-06-09,BKK-CNX,BKK,CNX,Thailand,Chiang Mai,2026-10-05,1300,THB
2026-06-09,BKK-CNX,BKK,CNX,Thailand,Chiang Mai,2026-10-06,1220,THB
2026-06-09,BKK-CNX,BKK,CNX,Thailand,Chiang Mai,2026-10-07,1150,THB
2026-06-09,BKK-CNX,BKK,CNX,Thailand,Chiang Mai,2026-10-08,1260,THB
2026-06-09,BKK-CNX,BKK,CNX,Thailand,Chiang Mai,2026-10-09,1370,THB
2026-06-09,BKK-CNX,BKK,CNX,Thailand,Chiang Mai,2026-10-10,1480,THB
2026-06-09,BKK-CNX,BKK,CNX,Thailand,Chiang Mai,2026-10-11,1560,THB
2026-06-09,BKK-CNX,BKK,CNX,Thailand,Chiang Mai,2026-10-12,1290,THB
2026-06-09,BKK-CNX,BKK,CNX,Thailand,Chiang Mai,2026-10-13,1300,THB
2026-06-09,BKK-CNX,BKK,CNX,Thailand,Chiang Mai,2026-10-14,1260,THB
2026-06-09,BKK-CNX,BKK,CNX,Thailand,Chiang Mai,2026-10-15,1240,THB
2026-06-09,BKK-CNX,BKK,CNX,Thailand,Chiang Mai,2026-10-16,1570,THB
2026-06-09,BKK-CNX,BKK,CNX,Thailand,Chiang Mai,2026-10-17,1410,THB
2026-06-09,BKK-CNX,BKK,CNX,Thailand,Chiang Mai,2026-10-18,1530,THB
2026-06-09,BKK-CNX,BKK,CNX,Thailand,Chiang Mai,2026-10-19,1350,THB
2026-06-09,BKK-CNX,BKK,CNX,Thailand,Chiang Mai,2026-10-20,1290,THB
2026-06-09,BKK-CNX,BKK,CNX,Thailand,Chiang Mai,2026-10-21,1150,THB
2026-06-09,BKK-CNX,BKK,CNX,Thailand,Chiang Mai,2026-10-22,1280,THB
2026-06-09,BKK-CNX,BKK,CNX,Thailand,Chiang Mai,2026-10-23,1430,THB
2026-06-09,BKK-CNX,BKK,CNX,Thailand,Chiang Mai,2026-10-24,1380,THB
2026-06-09,BKK-CNX,BKK,CNX,Thailand,Chiang Mai,2026-10-25,1480,THB
2026-06-09,BKK-CNX,BKK,CNX,Thailand,Chiang Mai,2026-10-26,1350,THB
2026-06-09,BKK-CNX,BKK,CNX,Thailand,Chiang Mai,2026-10-27,1210,THB
2026-06-09,BKK-CNX,BKK,CNX,Thailand,Chiang Mai,2026-10-28,1200,THB
2026-06-09,BKK-CNX,BKK,CNX,Thailand,Chiang Mai,2026-10-29,1400,THB
2026-06-09,BKK-CNX,BKK,CNX,Thailand,Chiang Mai,2026-10-30,1460,THB
2026-06-09,BKK-CNX,BKK,CNX,Thailand,Chiang Mai,2026-10-31,1410,THB
2026-06-09,BKK-CNX,BKK,CNX,Thailand,Chiang Mai,2026-11-01,1450,THB
2026-06-09,BKK-CNX,BKK,CNX,Thailand,Chiang Mai,2026-11-02,1220,THB
2026-06-09,BKK-CNX,BKK,CNX,Thailand,Chiang Mai,2026-11-03,1300,THB
2026-06-09,BKK-CNX,BKK,CNX,Thailand,Chiang Mai,2026-11-04,1300,THB
2026-06-09,BKK-CNX,BKK,CNX,Thailand,Chiang Mai,2026-11-05,1290,THB
2026-06-09,BKK-CNX,BKK,CNX,Thailand,Chiang Mai,2026-11-06,1380,THB
2026-06-09,BKK-CNX,BKK,CNX,Thailand,Chiang Mai,2026-11-07,1480,THB
2026-06-09,BKK-CNX,BKK,CNX,Thailand,Chiang Mai,2026-11-08,1540,THB
2026-06-09,BKK-CNX,BKK,CNX,Thailand,Chiang Mai,2026-11-09,1400,THB
2026-06-09,BKK-CNX,BKK,CNX,Thailand,Chiang Mai,2026-11-10,1280,THB
2026-06-09,BKK-CNX,BKK,CNX,Thailand,Chiang Mai,2026-11-11,1290,THB
2026-06-09,BKK-CNX,BKK,CNX,Thailand,Chiang Mai,2026-11-12,1340,THB
2026-06-09,BKK-CNX,BKK,CNX,Thailand,Chiang Mai,2026-11-13,1460,THB
2026-06-09,BKK-CNX,BKK,CNX,Thailand,Chiang Mai,2026-11-14,1500,THB
2026-06-09,BKK-CNX,BKK,CNX,Thailand,Chiang Mai,2026-11-15,1510,THB
2026-06-09,BKK-CNX,BKK,CNX,Thailand,Chiang Mai,2026-11-16,1360,THB
2026-06-09,BKK-CNX,BKK,CNX,Thailand,Chiang Mai,2026-11-17,1240,THB
2026-06-09,BKK-CNX,BKK,CNX,Thailand,Chiang Mai,2026-11-18,1180,THB
2026-06-09,BKK-CNX,BKK,CNX,Thailand,Chiang Mai,2026-11-19,1340,THB
2026-06-09,BKK-CNX,BKK,CNX,Thailand,Chiang Mai,2026-11-20,1460,THB
2026-06-09,BKK-CNX,BKK,CNX,Thailand,Chiang Mai,2026-11-21,1360,THB
2026-06-09,BKK-CNX,BKK,CNX,Thailand,Chiang Mai,2026-11-22,1620,THB
2026-06-09,BKK-CNX,BKK,CNX,Thailand,Chiang Mai,2026-11-23,1410,THB
2026-06-09,BKK-CNX,BKK,CNX,Thailand,Chiang Mai,2026-11-24,1310,THB
2026-06-09,BKK-CNX,BKK,CNX,Thailand,Chiang Mai,2026-11-25,1170,THB
2026-06-09,BKK-CNX,BKK,CNX,Thailand,Chiang Mai,2026-11-26,1290,THB
2026-06-09,BKK-CNX,BKK,CNX,Thailand,Chiang Mai,2026-11-27,1520,THB
2026-06-09,BKK-CNX,BKK,CNX,Thailand,Chiang Mai,2026-11-28,1420,THB
2026-06-09,BKK-CNX,BKK,CNX,Thailand,Chiang Mai,2026-11-29,1570,THB
2026-06-09,BKK-CNX,BKK,CNX,Thailand,Chiang Mai,2026-11-30,1320,THB
2026-06-09,BKK-CNX,BKK,CNX,Thailand,Chiang Mai,2026-12-01,1160,THB
2026-06-09,BKK-CNX,BKK,CNX,Thailand,Chiang Mai,2026-12-02,1210,THB
2026-06-09,BKK-CNX,BKK,CNX,Thailand,Chiang Mai,2026-12-03,1180,THB
2026-06-09,BKK-CNX,BKK,CNX,Thailand,Chiang Mai,2026-12-04,1520,THB
2026-06-09,BKK-CNX,BKK,CNX,Thailand,Chiang Mai,2026-12-05,1370,THB
2026-06-09,BKK-CNX,BKK,CNX,Thailand,Chiang Mai,2026-12-06,1520,THB
2026-06-09,BKK-CNX,BKK,CNX,Thailand,Chiang Mai,2026-12-07,1330,THB
2026-06-09,BKK-CNX,BKK,CNX,Thailand,Chiang Mai,2026-12-08,1150,THB
2026-06-09,BKK-KBV,BKK,KBV,Thailand,Krabi,2026-06-12,1810,THB
2026-06-09,BKK-KBV,BKK,KBV,Thailand,Krabi,2026-06-13,1610,THB
2026-06-09,BKK-KBV,BKK,KBV,Thailand,Krabi,2026-06-14,1970,THB
2026-06-09,BKK-KBV,BKK,KBV,Thailand,Krabi,2026-06-15,1610,THB
2026-06-09,BKK-KBV,BKK,KBV,Thailand,Krabi,2026-06-16,1520,THB
2026-06-09,BKK-KBV,BKK,KBV,Thailand,Krabi,2026-06-17,1400,THB
2026-06-09,BKK-KBV,BKK,KBV,Thailand,Krabi,2026-06-18,1520,THB
2026-06-09,BKK-KBV,BKK,KBV,Thailand,Krabi,2026-06-19,1700,THB
2026-06-09,BKK-KBV,BKK,KBV,Thailand,Krabi,2026-06-20,1710,THB
2026-06-09,BKK-KBV,BKK,KBV,Thailand,Krabi,2026-06-21,1810,THB
2026-06-09,BKK-KBV,BKK,KBV,Thailand,Krabi,2026-06-22,1700,THB
2026-06-09,BKK-KBV,BKK,KBV,Thailand,Krabi,2026-06-23,1440,THB
2026-06-09,BKK-KBV,BKK,KBV,Thailand,Krabi,2026-06-24,1390,THB
2026-06-09,BKK-KBV,BKK,KBV,Thailand,Krabi,2026-06-25,1570,THB
2026-06-09,BKK-KBV,BKK,KBV,Thailand,Krabi,2026-06-26,1680,THB
2026-06-09,BKK-KBV,BKK,KBV,Thailand,Krabi,2026-06-27,1790,THB
2026-06-09,BKK-KBV,BKK,KBV,Thailand,Krabi,2026-06-28,1700,THB
2026-06-09,BKK-KBV,BKK,KBV,Thailand,Krabi,2026-06-29,1540,THB
2026-06-09,BKK-KBV,BKK,KBV,Thailand,Krabi,2026-06-30,1520,THB
2026-06-09,BKK-KBV,BKK,KBV,Thailand,Krabi,2026-07-01,1590,THB
2026-06-09,BKK-KBV,BKK,KBV,Thailand,Krabi,2026-07-02,1670,THB
2026-06-09,BKK-KBV,BKK,KBV,Thailand,Krabi,2026-07-03,1870,THB
2026-06-09,BKK-KBV,BKK,KBV,Thailand,Krabi,2026-07-04,1660,THB
2026-06-09,BKK-KBV,BKK,KBV,Thailand,Krabi,2026-07-05,1730,THB
2026-06-09,BKK-KBV,BKK,KBV,Thailand,Krabi,2026-07-06,1660,THB
2026-06-09,BKK-KBV,BKK,KBV,Thailand,Krabi,2026-07-07,1480,THB
2026-06-09,BKK-KBV,BKK,KBV,Thailand,Krabi,2026-07-08,1560,THB
2026-06-09,BKK-KBV,BKK,KBV,Thailand,Krabi,2026-07-09,1640,THB
2026-06-09,BKK-KBV,BKK,KBV,Thailand,Krabi,2026-07-10,1670,THB
2026-06-09,BKK-KBV,BKK,KBV,Thailand,Krabi,2026-07-11,1830,THB
2026-06-09,BKK-KBV,BKK,KBV,Thailand,Krabi,2026-07-12,1790,THB
2026-06-09,BKK-KBV,BKK,KBV,Thailand,Krabi,2026-07-13,1690,THB
2026-06-09,BKK-KBV,BKK,KBV,Thailand,Krabi,2026-07-14,1610,THB
2026-06-09,BKK-KBV,BKK,KBV,Thailand,Krabi,2026-07-15,1490,THB
2026-06-09,BKK-KBV,BKK,KBV,Thailand,Krabi,2026-07-16,1520,THB
2026-06-09,BKK-KBV,BKK,KBV,Thailand,Krabi,2026-07-17,1740,THB
2026-06-09,BKK-KBV,BKK,KBV,Thailand,Krabi,2026-07-18,1740,THB
2026-06-09,BKK-KBV,BKK,KBV,Thailand,Krabi,2026-07-19,1890,THB
2026-06-09,BKK-KBV,BKK,KBV,Thailand,Krabi,2026-07-20,1690,THB
2026-06-09,BKK-KBV,BKK,KBV,Thailand,Krabi,2026-07-21,1440,THB
2026-06-09,BKK-KBV,BKK,KBV,Thailand,Krabi,2026-07-22,1420,THB
2026-06-09,BKK-KBV,BKK,KBV,Thailand,Krabi,2026-07-23,1680,THB
2026-06-09,BKK-KBV,BKK,KBV,Thailand,Krabi,2026-07-24,1740,THB
2026-06-09,BKK-KBV,BKK,KBV,Thailand,Krabi,2026-07-25,1830,THB
2026-06-09,BKK-KBV,BKK,KBV,Thailand,Krabi,2026-07-26,1710,THB
2026-06-09,BKK-KBV,BKK,KBV,Thailand,Krabi,2026-07-27,1630,THB
2026-06-09,BKK-KBV,BKK,KBV,Thailand,Krabi,2026-07-28,1440,THB
2026-06-09,BKK-KBV,BKK,KBV,Thailand,Krabi,2026-07-29,1460,THB
2026-06-09,BKK-KBV,BKK,KBV,Thailand,Krabi,2026-07-30,1620,THB
2026-06-09,BKK-KBV,BKK,KBV,Thailand,Krabi,2026-07-31,1860,THB
2026-06-09,BKK-KBV,BKK,KBV,Thailand,Krabi,2026-08-01,1610,THB
2026-06-09,BKK-KBV,BKK,KBV,Thailand,Krabi,2026-08-02,1760,THB
2026-06-09,BKK-KBV,BKK,KBV,Thailand,Krabi,2026-08-03,1580,THB
2026-06-09,BKK-KBV,BKK,KBV,Thailand,Krabi,2026-08-04,1580,THB
2026-06-09,BKK-KBV,BKK,KBV,Thailand,Krabi,2026-08-05,1550,THB
2026-06-09,BKK-KBV,BKK,KBV,Thailand,Krabi,2026-08-06,1600,THB
2026-06-09,BKK-KBV,BKK,KBV,Thailand,Krabi,2026-08-07,1890,THB
2026-06-09,BKK-KBV,BKK,KBV,Thailand,Krabi,2026-08-08,1690,THB
2026-06-09,BKK-KBV,BKK,KBV,Thailand,Krabi,2026-08-09,1900,THB
2026-06-09,BKK-KBV,BKK,KBV,Thailand,Krabi,2026-08-10,1690,THB
2026-06-09,BKK-KBV,BKK,KBV,Thailand,Krabi,2026-08-11,1420,THB
2026-06-09,BKK-KBV,BKK,KBV,Thailand,Krabi,2026-08-12,1520,THB
2026-06-09,BKK-KBV,BKK,KBV,Thailand,Krabi,2026-08-13,1580,THB
2026-06-09,BKK-KBV,BKK,KBV,Thailand,Krabi,2026-08-14,1680,THB
2026-06-09,BKK-KBV,BKK,KBV,Thailand,Krabi,2026-08-15,1820,THB
2026-06-09,BKK-KBV,BKK,KBV,Thailand,Krabi,2026-08-16,1780,THB
2026-06-09,BKK-KBV,BKK,KBV,Thailand,Krabi,2026-08-17,1630,THB
2026-06-09,BKK-KBV,BKK,KBV,Thailand,Krabi,2026-08-18,1580,THB
2026-06-09,BKK-KBV,BKK,KBV,Thailand,Krabi,2026-08-19,1410,THB
2026-06-09,BKK-KBV,BKK,KBV,Thailand,Krabi,2026-08-20,1660,THB
2026-06-09,BKK-KBV,BKK,KBV,Thailand,Krabi,2026-08-21,1880,THB
2026-06-09,BKK-KBV,BKK,KBV,Thailand,Krabi,2026-08-22,1650,THB
2026-06-09,BKK-KBV,BKK,KBV,Thailand,Krabi,2026-08-23,1800,THB
2026-06-09,BKK-KBV,BKK,KBV,Thailand,Krabi,2026-08-24,1660,THB
2026-06-09,BKK-KBV,BKK,KBV,Thailand,Krabi,2026-08-25,1550,THB
2026-06-09,BKK-KBV,BKK,KBV,Thailand,Krabi,2026-08-26,1400,THB
2026-06-09,BKK-KBV,BKK,KBV,Thailand,Krabi,2026-08-27,1550,THB
2026-06-09,BKK-KBV,BKK,KBV,Thailand,Krabi,2026-08-28,1930,THB
2026-06-09,BKK-KBV,BKK,KBV,Thailand,Krabi,2026-08-29,1790,THB
2026-06-09,BKK-KBV,BKK,KBV,Thailand,Krabi,2026-08-30,1980,THB
2026-06-09,BKK-KBV,BKK,KBV,Thailand,Krabi,2026-08-31,1630,THB
2026-06-09,BKK-KBV,BKK,KBV,Thailand,Krabi,2026-09-01,1590,THB
2026-06-09,BKK-KBV,BKK,KBV,Thailand,Krabi,2026-09-02,1480,THB
2026-06-09,BKK-KBV,BKK,KBV,Thailand,Krabi,2026-09-03,1610,THB
2026-06-09,BKK-KBV,BKK,KBV,Thailand,Krabi,2026-09-04,1760,THB
2026-06-09,BKK-KBV,BKK,KBV,Thailand,Krabi,2026-09-05,1630,THB
2026-06-09,BKK-KBV,BKK,KBV,Thailand,Krabi,2026-09-06,1770,THB
2026-06-09,BKK-KBV,BKK,KBV,Thailand,Krabi,2026-09-07,1570,THB
2026-06-09,BKK-KBV,BKK,KBV,Thailand,Krabi,2026-09-08,1480,THB
2026-06-09,BKK-KBV,BKK,KBV,Thailand,Krabi,2026-09-09,1620,THB
2026-06-09,BKK-KBV,BKK,KBV,Thailand,Krabi,2026-09-10,1570,THB
2026-06-09,BKK-KBV,BKK,KBV,Thailand,Krabi,2026-09-11,1860,THB
2026-06-09,BKK-KBV,BKK,KBV,Thailand,Krabi,2026-09-12,1770,THB
2026-06-09,BKK-KBV,BKK,KBV,Thailand,Krabi,2026-09-13,1870,THB
2026-06-09,BKK-KBV,BKK,KBV,Thailand,Krabi,2026-09-14,1690,THB
2026-06-09,BKK-KBV,BKK,KBV,Thailand,Krabi,2026-09-15,1600,THB
2026-06-09,BKK-KBV,BKK,KBV,Thailand,Krabi,2026-09-16,1640,THB
2026-06-09,BKK-KBV,BKK,KBV,Thailand,Krabi,2026-09-17,1570,THB
2026-06-09,BKK-KBV,BKK,KBV,Thailand,Krabi,2026-09-18,1690,THB
2026-06-09,BKK-KBV,BKK,KBV,Thailand,Krabi,2026-09-19,1800,THB
2026-06-09,BKK-KBV,BKK,KBV,Thailand,Krabi,2026-09-20,1920,THB
2026-06-09,BKK-KBV,BKK,KBV,Thailand,Krabi,2026-09-21,1520,THB
2026-06-09,BKK-KBV,BKK,KBV,Thailand,Krabi,2026-09-22,1480,THB
2026-06-09,BKK-KBV,BKK,KBV,Thailand,Krabi,2026-09-23,1600,THB
2026-06-09,BKK-KBV,BKK,KBV,Thailand,Krabi,2026-09-24,1620,THB
2026-06-09,BKK-KBV,BKK,KBV,Thailand,Krabi,2026-09-25,1680,THB
2026-06-09,BKK-KBV,BKK,KBV,Thailand,Krabi,2026-09-26,1800,THB
2026-06-09,BKK-KBV,BKK,KBV,Thailand,Krabi,2026-09-27,1980,THB
2026-06-09,BKK-KBV,BKK,KBV,Thailand,Krabi,2026-09-28,1640,THB
2026-06-09,BKK-KBV,BKK,KBV,Thailand,Krabi,2026-09-29,1500,THB
2026-06-09,BKK-KBV,BKK,KBV,Thailand,Krabi,2026-09-30,1470,THB
2026-06-09,BKK-KBV,BKK,KBV,Thailand,Krabi,2026-10-01,1670,THB
2026-06-09,BKK-KBV,BKK,KBV,Thailand,Krabi,2026-10-02,1810,THB
2026-06-09,BKK-KBV,BKK,KBV,Thailand,Krabi,2026-10-03,1750,THB
2026-06-09,BKK-KBV,BKK,KBV,Thailand,Krabi,2026-10-04,1860,THB
2026-06-09,BKK-KBV,BKK,KBV,Thailand,Krabi,2026-10-05,1680,THB
2026-06-09,BKK-KBV,BKK,KBV,Thailand,Krabi,2026-10-06,1590,THB
2026-06-09,BKK-KBV,BKK,KBV,Thailand,Krabi,2026-10-07,1560,THB
2026-06-09,BKK-KBV,BKK,KBV,Thailand,Krabi,2026-10-08,1730,THB
2026-06-09,BKK-KBV,BKK,KBV,Thailand,Krabi,2026-10-09,1940,THB
2026-06-09,BKK-KBV,BKK,KBV,Thailand,Krabi,2026-10-10,1850,THB
2026-06-09,BKK-KBV,BKK,KBV,Thailand,Krabi,2026-10-11,1720,THB
2026-06-09,BKK-KBV,BKK,KBV,Thailand,Krabi,2026-10-12,1660,THB
2026-06-09,BKK-KBV,BKK,KBV,Thailand,Krabi,2026-10-13,1430,THB
2026-06-09,BKK-KBV,BKK,KBV,Thailand,Krabi,2026-10-14,1430,THB
2026-06-09,BKK-KBV,BKK,KBV,Thailand,Krabi,2026-10-15,1630,THB
2026-06-09,BKK-KBV,BKK,KBV,Thailand,Krabi,2026-10-16,1800,THB
2026-06-09,BKK-KBV,BKK,KBV,Thailand,Krabi,2026-10-17,1690,THB
2026-06-09,BKK-KBV,BKK,KBV,Thailand,Krabi,2026-10-18,1920,THB
2026-06-09,BKK-KBV,BKK,KBV,Thailand,Krabi,2026-10-19,1730,THB
2026-06-09,BKK-KBV,BKK,KBV,Thailand,Krabi,2026-10-20,1430,THB
2026-06-09,BKK-KBV,BKK,KBV,Thailand,Krabi,2026-10-21,1470,THB
2026-06-09,BKK-KBV,BKK,KBV,Thailand,Krabi,2026-10-22,1600,THB
2026-06-09,BKK-KBV,BKK,KBV,Thailand,Krabi,2026-10-23,1840,THB
2026-06-09,BKK-KBV,BKK,KBV,Thailand,Krabi,2026-10-24,1890,THB
2026-06-09,BKK-KBV,BKK,KBV,Thailand,Krabi,2026-10-25,1790,THB
2026-06-09,BKK-KBV,BKK,KBV,Thailand,Krabi,2026-10-26,1550,THB
2026-06-09,BKK-KBV,BKK,KBV,Thailand,Krabi,2026-10-27,1580,THB
2026-06-09,BKK-KBV,BKK,KBV,Thailand,Krabi,2026-10-28,1510,THB
2026-06-09,BKK-KBV,BKK,KBV,Thailand,Krabi,2026-10-29,1630,THB
2026-06-09,BKK-KBV,BKK,KBV,Thailand,Krabi,2026-10-30,1890,THB
2026-06-09,BKK-KBV,BKK,KBV,Thailand,Krabi,2026-10-31,1790,THB
2026-06-09,BKK-KBV,BKK,KBV,Thailand,Krabi,2026-11-01,1780,THB
2026-06-09,BKK-KBV,BKK,KBV,Thailand,Krabi,2026-11-02,1510,THB
2026-06-09,BKK-KBV,BKK,KBV,Thailand,Krabi,2026-11-03,1630,THB
2026-06-09,BKK-KBV,BKK,KBV,Thailand,Krabi,2026-11-04,1560,THB
2026-06-09,BKK-KBV,BKK,KBV,Thailand,Krabi,2026-11-05,1750,THB
2026-06-09,BKK-KBV,BKK,KBV,Thailand,Krabi,2026-11-06,1900,THB
2026-06-09,BKK-KBV,BKK,KBV,Thailand,Krabi,2026-11-07,1780,THB
2026-06-09,BKK-KBV,BKK,KBV,Thailand,Krabi,2026-11-08,1930,THB
2026-06-09,BKK-KBV,BKK,KBV,Thailand,Krabi,2026-11-09,1570,THB
2026-06-09,BKK-KBV,BKK,KBV,Thailand,Krabi,2026-11-10,1590,THB
2026-06-09,BKK-KBV,BKK,KBV,Thailand,Krabi,2026-11-11,1580,THB
2026-06-09,BKK-KBV,BKK,KBV,Thailand,Krabi,2026-11-12,1660,THB
2026-06-09,BKK-KBV,BKK,KBV,Thailand,Krabi,2026-11-13,1860,THB
2026-06-09,BKK-KBV,BKK,KBV,Thailand,Krabi,2026-11-14,1750,THB
2026-06-09,BKK-KBV,BKK,KBV,Thailand,Krabi,2026-11-15,1920,THB
2026-06-09,BKK-KBV,BKK,KBV,Thailand,Krabi,2026-11-16,1550,THB
2026-06-09,BKK-KBV,BKK,KBV,Thailand,Krabi,2026-11-17,1570,THB
2026-06-09,BKK-KBV,BKK,KBV,Thailand,Krabi,2026-11-18,1620,THB
2026-06-09,BKK-KBV,BKK,KBV,Thailand,Krabi,2026-11-19,1670,THB
2026-06-09,BKK-KBV,BKK,KBV,Thailand,Krabi,2026-11-20,1890,THB
2026-06-09,BKK-KBV,BKK,KBV,Thailand,Krabi,2026-11-21,1740,THB
2026-06-09,BKK-KBV,BKK,KBV,Thailand,Krabi,2026-11-22,1730,THB
2026-06-09,BKK-KBV,BKK,KBV,Thailand,Krabi,2026-11-23,1670,THB
2026-06-09,BKK-KBV,BKK,KBV,Thailand,Krabi,2026-11-24,1610,THB
2026-06-09,BKK-KBV,BKK,KBV,Thailand,Krabi,2026-11-25,1470,THB
2026-06-09,BKK-KBV,BKK,KBV,Thailand,Krabi,2026-11-26,1650,THB
2026-06-09,BKK-KBV,BKK,KBV,Thailand,Krabi,2026-11-27,1810,THB
2026-06-09,BKK-KBV,BKK,KBV,Thailand,Krabi,2026-11-28,1810,THB
2026-06-09,BKK-KBV,BKK,KBV,Thailand,Krabi,2026-11-29,1990,THB
2026-06-09,BKK-KBV,BKK,KBV,Thailand,Krabi,2026-11-30,1740,THB
2026-06-09,BKK-KBV,BKK,KBV,Thailand,Krabi,2026-12-01,1360,THB
2026-06-09,BKK-KBV,BKK,KBV,Thailand,Krabi,2026-12-02,1460,THB
2026-06-09,BKK-KBV,BKK,KBV,Thailand,Krabi,2026-12-03,1590,THB
2026-06-09,BKK-KBV,BKK,KBV,Thailand,Krabi,2026-12-04,1700,THB
2026-06-09,BKK-KBV,BKK,KBV,Thailand,Krabi,2026-12-05,1770,THB
2026-06-09,BKK-KBV,BKK,KBV,Thailand,Krabi,2026-12-06,1850,THB
2026-06-09,BKK-KBV,BKK,KBV,Thailand,Krabi,2026-12-07,1610,THB
2026-06-09,BKK-KBV,BKK,KBV,Thailand,Krabi,2026-12-08,1350,THB
2026-06-09,BKK-CEI,BKK,CEI,Thailand,Chiang Rai,2026-06-12,1680,THB
2026-06-09,BKK-CEI,BKK,CEI,Thailand,Chiang Rai,2026-06-13,1570,THB
2026-06-09,BKK-CEI,BKK,CEI,Thailand,Chiang Rai,2026-06-14,1610,THB
2026-06-09,BKK-CEI,BKK,CEI,Thailand,Chiang Rai,2026-06-15,1580,THB
2026-06-09,BKK-CEI,BKK,CEI,Thailand,Chiang Rai,2026-06-16,1480,THB
2026-06-09,BKK-CEI,BKK,CEI,Thailand,Chiang Rai,2026-06-17,1420,THB
2026-06-09,BKK-CEI,BKK,CEI,Thailand,Chiang Rai,2026-06-18,1490,THB
2026-06-09,BKK-CEI,BKK,CEI,Thailand,Chiang Rai,2026-06-19,1730,THB
2026-06-09,BKK-CEI,BKK,CEI,Thailand,Chiang Rai,2026-06-20,1740,THB
2026-06-09,BKK-CEI,BKK,CEI,Thailand,Chiang Rai,2026-06-21,1770,THB
2026-06-09,BKK-CEI,BKK,CEI,Thailand,Chiang Rai,2026-06-22,1460,THB
2026-06-09,BKK-CEI,BKK,CEI,Thailand,Chiang Rai,2026-06-23,1490,THB
2026-06-09,BKK-CEI,BKK,CEI,Thailand,Chiang Rai,2026-06-24,1470,THB
2026-06-09,BKK-CEI,BKK,CEI,Thailand,Chiang Rai,2026-06-25,1540,THB
2026-06-09,BKK-CEI,BKK,CEI,Thailand,Chiang Rai,2026-06-26,1790,THB
2026-06-09,BKK-CEI,BKK,CEI,Thailand,Chiang Rai,2026-06-27,1510,THB
2026-06-09,BKK-CEI,BKK,CEI,Thailand,Chiang Rai,2026-06-28,1720,THB
2026-06-09,BKK-CEI,BKK,CEI,Thailand,Chiang Rai,2026-06-29,1400,THB
2026-06-09,BKK-CEI,BKK,CEI,Thailand,Chiang Rai,2026-06-30,1300,THB
2026-06-09,BKK-CEI,BKK,CEI,Thailand,Chiang Rai,2026-07-01,1450,THB
2026-06-09,BKK-CEI,BKK,CEI,Thailand,Chiang Rai,2026-07-02,1510,THB
2026-06-09,BKK-CEI,BKK,CEI,Thailand,Chiang Rai,2026-07-03,1620,THB
2026-06-09,BKK-CEI,BKK,CEI,Thailand,Chiang Rai,2026-07-04,1670,THB
2026-06-09,BKK-CEI,BKK,CEI,Thailand,Chiang Rai,2026-07-05,1790,THB
2026-06-09,BKK-CEI,BKK,CEI,Thailand,Chiang Rai,2026-07-06,1510,THB
2026-06-09,BKK-CEI,BKK,CEI,Thailand,Chiang Rai,2026-07-07,1350,THB
2026-06-09,BKK-CEI,BKK,CEI,Thailand,Chiang Rai,2026-07-08,1430,THB
2026-06-09,BKK-CEI,BKK,CEI,Thailand,Chiang Rai,2026-07-09,1520,THB
2026-06-09,BKK-CEI,BKK,CEI,Thailand,Chiang Rai,2026-07-10,1580,THB
2026-06-09,BKK-CEI,BKK,CEI,Thailand,Chiang Rai,2026-07-11,1720,THB
2026-06-09,BKK-CEI,BKK,CEI,Thailand,Chiang Rai,2026-07-12,1820,THB
2026-06-09,BKK-CEI,BKK,CEI,Thailand,Chiang Rai,2026-07-13,1410,THB
2026-06-09,BKK-CEI,BKK,CEI,Thailand,Chiang Rai,2026-07-14,1520,THB
2026-06-09,BKK-CEI,BKK,CEI,Thailand,Chiang Rai,2026-07-15,1360,THB
2026-06-09,BKK-CEI,BKK,CEI,Thailand,Chiang Rai,2026-07-16,1550,THB
2026-06-09,BKK-CEI,BKK,CEI,Thailand,Chiang Rai,2026-07-17,1600,THB
2026-06-09,BKK-CEI,BKK,CEI,Thailand,Chiang Rai,2026-07-18,1700,THB
2026-06-09,BKK-CEI,BKK,CEI,Thailand,Chiang Rai,2026-07-19,1830,THB
2026-06-09,BKK-CEI,BKK,CEI,Thailand,Chiang Rai,2026-07-20,1590,THB
2026-06-09,BKK-CEI,BKK,CEI,Thailand,Chiang Rai,2026-07-21,1430,THB
2026-06-09,BKK-CEI,BKK,CEI,Thailand,Chiang Rai,2026-07-22,1470,THB
2026-06-09,BKK-CEI,BKK,CEI,Thailand,Chiang Rai,2026-07-23,1560,THB
2026-06-09,BKK-CEI,BKK,CEI,Thailand,Chiang Rai,2026-07-24,1730,THB
2026-06-09,BKK-CEI,BKK,CEI,Thailand,Chiang Rai,2026-07-25,1620,THB
2026-06-09,BKK-CEI,BKK,CEI,Thailand,Chiang Rai,2026-07-26,1750,THB
2026-06-09,BKK-CEI,BKK,CEI,Thailand,Chiang Rai,2026-07-27,1420,THB
2026-06-09,BKK-CEI,BKK,CEI,Thailand,Chiang Rai,2026-07-28,1450,THB
2026-06-09,BKK-CEI,BKK,CEI,Thailand,Chiang Rai,2026-07-29,1360,THB
2026-06-09,BKK-CEI,BKK,CEI,Thailand,Chiang Rai,2026-07-30,1580,THB
2026-06-09,BKK-CEI,BKK,CEI,Thailand,Chiang Rai,2026-07-31,1750,THB
2026-06-09,BKK-CEI,BKK,CEI,Thailand,Chiang Rai,2026-08-01,1670,THB
2026-06-09,BKK-CEI,BKK,CEI,Thailand,Chiang Rai,2026-08-02,1690,THB
2026-06-09,BKK-CEI,BKK,CEI,Thailand,Chiang Rai,2026-08-03,1590,THB
2026-06-09,BKK-CEI,BKK,CEI,Thailand,Chiang Rai,2026-08-04,1380,THB
2026-06-09,BKK-CEI,BKK,CEI,Thailand,Chiang Rai,2026-08-05,1500,THB
2026-06-09,BKK-CEI,BKK,CEI,Thailand,Chiang Rai,2026-08-06,1500,THB
2026-06-09,BKK-CEI,BKK,CEI,Thailand,Chiang Rai,2026-08-07,1680,THB
2026-06-09,BKK-CEI,BKK,CEI,Thailand,Chiang Rai,2026-08-08,1670,THB
2026-06-09,BKK-CEI,BKK,CEI,Thailand,Chiang Rai,2026-08-09,1770,THB
2026-06-09,BKK-CEI,BKK,CEI,Thailand,Chiang Rai,2026-08-10,1540,THB
2026-06-09,BKK-CEI,BKK,CEI,Thailand,Chiang Rai,2026-08-11,1450,THB
2026-06-09,BKK-CEI,BKK,CEI,Thailand,Chiang Rai,2026-08-12,1350,THB
2026-06-09,BKK-CEI,BKK,CEI,Thailand,Chiang Rai,2026-08-13,1470,THB
2026-06-09,BKK-CEI,BKK,CEI,Thailand,Chiang Rai,2026-08-14,1660,THB
2026-06-09,BKK-CEI,BKK,CEI,Thailand,Chiang Rai,2026-08-15,1580,THB
2026-06-09,BKK-CEI,BKK,CEI,Thailand,Chiang Rai,2026-08-16,1590,THB
2026-06-09,BKK-CEI,BKK,CEI,Thailand,Chiang Rai,2026-08-17,1570,THB
2026-06-09,BKK-CEI,BKK,CEI,Thailand,Chiang Rai,2026-08-18,1480,THB
2026-06-09,BKK-CEI,BKK,CEI,Thailand,Chiang Rai,2026-08-19,1420,THB
2026-06-09,BKK-CEI,BKK,CEI,Thailand,Chiang Rai,2026-08-20,1430,THB
2026-06-09,BKK-CEI,BKK,CEI,Thailand,Chiang Rai,2026-08-21,1770,THB
2026-06-09,BKK-CEI,BKK,CEI,Thailand,Chiang Rai,2026-08-22,1720,THB
2026-06-09,BKK-CEI,BKK,CEI,Thailand,Chiang Rai,2026-08-23,1830,THB
2026-06-09,BKK-CEI,BKK,CEI,Thailand,Chiang Rai,2026-08-24,1380,THB
2026-06-09,BKK-CEI,BKK,CEI,Thailand,Chiang Rai,2026-08-25,1480,THB
2026-06-09,BKK-CEI,BKK,CEI,Thailand,Chiang Rai,2026-08-26,1400,THB
2026-06-09,BKK-CEI,BKK,CEI,Thailand,Chiang Rai,2026-08-27,1550,THB
2026-06-09,BKK-CEI,BKK,CEI,Thailand,Chiang Rai,2026-08-28,1820,THB
2026-06-09,BKK-CEI,BKK,CEI,Thailand,Chiang Rai,2026-08-29,1750,THB
2026-06-09,BKK-CEI,BKK,CEI,Thailand,Chiang Rai,2026-08-30,1830,THB
2026-06-09,BKK-CEI,BKK,CEI,Thailand,Chiang Rai,2026-08-31,1600,THB
2026-06-09,BKK-CEI,BKK,CEI,Thailand,Chiang Rai,2026-09-01,1420,THB
2026-06-09,BKK-CEI,BKK,CEI,Thailand,Chiang Rai,2026-09-02,1420,THB
2026-06-09,BKK-CEI,BKK,CEI,Thailand,Chiang Rai,2026-09-03,1460,THB
2026-06-09,BKK-CEI,BKK,CEI,Thailand,Chiang Rai,2026-09-04,1800,THB
2026-06-09,BKK-CEI,BKK,CEI,Thailand,Chiang Rai,2026-09-05,1550,THB
2026-06-09,BKK-CEI,BKK,CEI,Thailand,Chiang Rai,2026-09-06,1830,THB
2026-06-09,BKK-CEI,BKK,CEI,Thailand,Chiang Rai,2026-09-07,1550,THB
2026-06-09,BKK-CEI,BKK,CEI,Thailand,Chiang Rai,2026-09-08,1470,THB
2026-06-09,BKK-CEI,BKK,CEI,Thailand,Chiang Rai,2026-09-09,1520,THB
2026-06-09,BKK-CEI,BKK,CEI,Thailand,Chiang Rai,2026-09-10,1420,THB
2026-06-09,BKK-CEI,BKK,CEI,Thailand,Chiang Rai,2026-09-11,1760,THB
2026-06-09,BKK-CEI,BKK,CEI,Thailand,Chiang Rai,2026-09-12,1630,THB
2026-06-09,BKK-CEI,BKK,CEI,Thailand,Chiang Rai,2026-09-13,1790,THB
2026-06-09,BKK-CEI,BKK,CEI,Thailand,Chiang Rai,2026-09-14,1450,THB
2026-06-09,BKK-CEI,BKK,CEI,Thailand,Chiang Rai,2026-09-15,1350,THB
2026-06-09,BKK-CEI,BKK,CEI,Thailand,Chiang Rai,2026-09-16,1500,THB
2026-06-09,BKK-CEI,BKK,CEI,Thailand,Chiang Rai,2026-09-17,1610,THB
2026-06-09,BKK-CEI,BKK,CEI,Thailand,Chiang Rai,2026-09-18,1630,THB
2026-06-09,BKK-CEI,BKK,CEI,Thailand,Chiang Rai,2026-09-19,1740,THB
2026-06-09,BKK-CEI,BKK,CEI,Thailand,Chiang Rai,2026-09-20,1690,THB
2026-06-09,BKK-CEI,BKK,CEI,Thailand,Chiang Rai,2026-09-21,1460,THB
2026-06-09,BKK-CEI,BKK,CEI,Thailand,Chiang Rai,2026-09-22,1390,THB
2026-06-09,BKK-CEI,BKK,CEI,Thailand,Chiang Rai,2026-09-23,1410,THB
2026-06-09,BKK-CEI,BKK,CEI,Thailand,Chiang Rai,2026-09-24,1430,THB
2026-06-09,BKK-CEI,BKK,CEI,Thailand,Chiang Rai,2026-09-25,1760,THB
2026-06-09,BKK-CEI,BKK,CEI,Thailand,Chiang Rai,2026-09-26,1650,THB
2026-06-09,BKK-CEI,BKK,CEI,Thailand,Chiang Rai,2026-09-27,1770,THB
2026-06-09,BKK-CEI,BKK,CEI,Thailand,Chiang Rai,2026-09-28,1550,THB
2026-06-09,BKK-CEI,BKK,CEI,Thailand,Chiang Rai,2026-09-29,1480,THB
2026-06-09,BKK-CEI,BKK,CEI,Thailand,Chiang Rai,2026-09-30,1530,THB
2026-06-09,BKK-CEI,BKK,CEI,Thailand,Chiang Rai,2026-10-01,1530,THB
2026-06-09,BKK-CEI,BKK,CEI,Thailand,Chiang Rai,2026-10-02,1580,THB
2026-06-09,BKK-CEI,BKK,CEI,Thailand,Chiang Rai,2026-10-03,1530,THB
2026-06-09,BKK-CEI,BKK,CEI,Thailand,Chiang Rai,2026-10-04,1820,THB
2026-06-09,BKK-CEI,BKK,CEI,Thailand,Chiang Rai,2026-10-05,1500,THB
2026-06-09,BKK-CEI,BKK,CEI,Thailand,Chiang Rai,2026-10-06,1500,THB
2026-06-09,BKK-CEI,BKK,CEI,Thailand,Chiang Rai,2026-10-07,1470,THB
2026-06-09,BKK-CEI,BKK,CEI,Thailand,Chiang Rai,2026-10-08,1590,THB
2026-06-09,BKK-CEI,BKK,CEI,Thailand,Chiang Rai,2026-10-09,1600,THB
2026-06-09,BKK-CEI,BKK,CEI,Thailand,Chiang Rai,2026-10-10,1650,THB
2026-06-09,BKK-CEI,BKK,CEI,Thailand,Chiang Rai,2026-10-11,1620,THB
2026-06-09,BKK-CEI,BKK,CEI,Thailand,Chiang Rai,2026-10-12,1420,THB
2026-06-09,BKK-CEI,BKK,CEI,Thailand,Chiang Rai,2026-10-13,1510,THB
2026-06-09,BKK-CEI,BKK,CEI,Thailand,Chiang Rai,2026-10-14,1530,THB
2026-06-09,BKK-CEI,BKK,CEI,Thailand,Chiang Rai,2026-10-15,1450,THB
2026-06-09,BKK-CEI,BKK,CEI,Thailand,Chiang Rai,2026-10-16,1660,THB
2026-06-09,BKK-CEI,BKK,CEI,Thailand,Chiang Rai,2026-10-17,1760,THB
2026-06-09,BKK-CEI,BKK,CEI,Thailand,Chiang Rai,2026-10-18,1670,THB
2026-06-09,BKK-CEI,BKK,CEI,Thailand,Chiang Rai,2026-10-19,1530,THB
2026-06-09,BKK-CEI,BKK,CEI,Thailand,Chiang Rai,2026-10-20,1390,THB
2026-06-09,BKK-CEI,BKK,CEI,Thailand,Chiang Rai,2026-10-21,1470,THB
2026-06-09,BKK-CEI,BKK,CEI,Thailand,Chiang Rai,2026-10-22,1440,THB
2026-06-09,BKK-CEI,BKK,CEI,Thailand,Chiang Rai,2026-10-23,1680,THB
2026-06-09,BKK-CEI,BKK,CEI,Thailand,Chiang Rai,2026-10-24,1780,THB
2026-06-09,BKK-CEI,BKK,CEI,Thailand,Chiang Rai,2026-10-25,1740,THB
2026-06-09,BKK-CEI,BKK,CEI,Thailand,Chiang Rai,2026-10-26,1440,THB
2026-06-09,BKK-CEI,BKK,CEI,Thailand,Chiang Rai,2026-10-27,1410,THB
2026-06-09,BKK-CEI,BKK,CEI,Thailand,Chiang Rai,2026-10-28,1390,THB
2026-06-09,BKK-CEI,BKK,CEI,Thailand,Chiang Rai,2026-10-29,1430,THB
2026-06-09,BKK-CEI,BKK,CEI,Thailand,Chiang Rai,2026-10-30,1670,THB
2026-06-09,BKK-CEI,BKK,CEI,Thailand,Chiang Rai,2026-10-31,1550,THB
2026-06-09,BKK-CEI,BKK,CEI,Thailand,Chiang Rai,2026-11-01,1730,THB
2026-06-09,BKK-CEI,BKK,CEI,Thailand,Chiang Rai,2026-11-02,1450,THB
2026-06-09,BKK-CEI,BKK,CEI,Thailand,Chiang Rai,2026-11-03,1340,THB
2026-06-09,BKK-CEI,BKK,CEI,Thailand,Chiang Rai,2026-11-04,1430,THB
2026-06-09,BKK-CEI,BKK,CEI,Thailand,Chiang Rai,2026-11-05,1630,THB
2026-06-09,BKK-CEI,BKK,CEI,Thailand,Chiang Rai,2026-11-06,1840,THB
2026-06-09,BKK-CEI,BKK,CEI,Thailand,Chiang Rai,2026-11-07,1760,THB
2026-06-09,BKK-CEI,BKK,CEI,Thailand,Chiang Rai,2026-11-08,1880,THB
2026-06-09,BKK-CEI,BKK,CEI,Thailand,Chiang Rai,2026-11-09,1580,THB
2026-06-09,BKK-CEI,BKK,CEI,Thailand,Chiang Rai,2026-11-10,1440,THB
2026-06-09,BKK-CEI,BKK,CEI,Thailand,Chiang Rai,2026-11-11,1400,THB
2026-06-09,BKK-CEI,BKK,CEI,Thailand,Chiang Rai,2026-11-12,1580,THB
2026-06-09,BKK-CEI,BKK,CEI,Thailand,Chiang Rai,2026-11-13,1670,THB
2026-06-09,BKK-CEI,BKK,CEI,Thailand,Chiang Rai,2026-11-14,1720,THB
2026-06-09,BKK-CEI,BKK,CEI,Thailand,Chiang Rai,2026-11-15,1780,THB
2026-06-09,BKK-CEI,BKK,CEI,Thailand,Chiang Rai,2026-11-16,1400,THB
2026-06-09,BKK-CEI,BKK,CEI,Thailand,Chiang Rai,2026-11-17,1450,THB
2026-06-09,BKK-CEI,BKK,CEI,Thailand,Chiang Rai,2026-11-18,1390,THB
2026-06-09,BKK-CEI,BKK,CEI,Thailand,Chiang Rai,2026-11-19,1630,THB
2026-06-09,BKK-CEI,BKK,CEI,Thailand,Chiang Rai,2026-11-20,1610,THB
2026-06-09,BKK-CEI,BKK,CEI,Thailand,Chiang Rai,2026-11-21,1770,THB
2026-06-09,BKK-CEI,BKK,CEI,Thailand,Chiang Rai,2026-11-22,1790,THB
2026-06-09,BKK-CEI,BKK,CEI,Thailand,Chiang Rai,2026-11-23,1540,THB
2026-06-09,BKK-CEI,BKK,CEI,Thailand,Chiang Rai,2026-11-24,1450,THB
2026-06-09,BKK-CEI,BKK,CEI,Thailand,Chiang Rai,2026-11-25,1390,THB
2026-06-09,BKK-CEI,BKK,CEI,Thailand,Chiang Rai,2026-11-26,1500,THB
2026-06-09,BKK-CEI,BKK,CEI,Thailand,Chiang Rai,2026-11-27,1680,THB
2026-06-09,BKK-CEI,BKK,CEI,Thailand,Chiang Rai,2026-11-28,1680,THB
2026-06-09,BKK-CEI,BKK,CEI,Thailand,Chiang Rai,2026-11-29,1650,THB
2026-06-09,BKK-CEI,BKK,CEI,Thailand,Chiang Rai,2026-11-30,1560,THB
2026-06-09,BKK-CEI,BKK,CEI,Thailand,Chiang Rai,2026-12-01,1470,THB
2026-06-09,BKK-CEI,BKK,CEI,Thailand,Chiang Rai,2026-12-02,1450,THB
2026-06-09,BKK-CEI,BKK,CEI,Thailand,Chiang Rai,2026-12-03,1470,THB
2026-06-09,BKK-CEI,BKK,CEI,Thailand,Chiang Rai,2026-12-04,1630,THB
2026-06-09,BKK-CEI,BKK,CEI,Thailand,Chiang Rai,2026-12-05,1580,THB
2026-06-09,BKK-CEI,BKK,CEI,Thailand,Chiang Rai,2026-12-06,1780,THB
2026-06-09,BKK-CEI,BKK,CEI,Thailand,Chiang Rai,2026-12-07,1480,THB
2026-06-09,BKK-CEI,BKK,CEI,Thailand,Chiang Rai,2026-12-08,1410,THB
2026-06-09,BKK-PVG,BKK,PVG,China,Shanghai,2026-06-12,7750,THB
2026-06-09,BKK-PVG,BKK,PVG,China,Shanghai,2026-06-13,7820,THB
2026-06-09,BKK-PVG,BKK,PVG,China,Shanghai,2026-06-14,8020,THB
2026-06-09,BKK-PVG,BKK,PVG,China,Shanghai,2026-06-15,7130,THB
2026-06-09,BKK-PVG,BKK,PVG,China,Shanghai,2026-06-16,6930,THB
2026-06-09,BKK-PVG,BKK,PVG,China,Shanghai,2026-06-17,6780,THB
2026-06-09,BKK-PVG,BKK,PVG,China,Shanghai,2026-06-18,6800,THB
2026-06-09,BKK-PVG,BKK,PVG,China,Shanghai,2026-06-19,7380,THB
2026-06-09,BKK-PVG,BKK,PVG,China,Shanghai,2026-06-20,7800,THB
2026-06-09,BKK-PVG,BKK,PVG,China,Shanghai,2026-06-21,8560,THB
2026-06-09,BKK-PVG,BKK,PVG,China,Shanghai,2026-06-22,7460,THB
2026-06-09,BKK-PVG,BKK,PVG,China,Shanghai,2026-06-23,6930,THB
2026-06-09,BKK-PVG,BKK,PVG,China,Shanghai,2026-06-24,6190,THB
2026-06-09,BKK-PVG,BKK,PVG,China,Shanghai,2026-06-25,7290,THB
2026-06-09,BKK-PVG,BKK,PVG,China,Shanghai,2026-06-26,7680,THB
2026-06-09,BKK-PVG,BKK,PVG,China,Shanghai,2026-06-27,6990,THB
2026-06-09,BKK-PVG,BKK,PVG,China,Shanghai,2026-06-28,8340,THB
2026-06-09,BKK-PVG,BKK,PVG,China,Shanghai,2026-06-29,7130,THB
2026-06-09,BKK-PVG,BKK,PVG,China,Shanghai,2026-06-30,6790,THB
2026-06-09,BKK-PVG,BKK,PVG,China,Shanghai,2026-07-01,6930,THB
2026-06-09,BKK-PVG,BKK,PVG,China,Shanghai,2026-07-02,6940,THB
2026-06-09,BKK-PVG,BKK,PVG,China,Shanghai,2026-07-03,7570,THB
2026-06-09,BKK-PVG,BKK,PVG,China,Shanghai,2026-07-04,8120,THB
2026-06-09,BKK-PVG,BKK,PVG,China,Shanghai,2026-07-05,7630,THB
2026-06-09,BKK-PVG,BKK,PVG,China,Shanghai,2026-07-06,7190,THB
2026-06-09,BKK-PVG,BKK,PVG,China,Shanghai,2026-07-07,6330,THB
2026-06-09,BKK-PVG,BKK,PVG,China,Shanghai,2026-07-08,7010,THB
2026-06-09,BKK-PVG,BKK,PVG,China,Shanghai,2026-07-09,6880,THB
2026-06-09,BKK-PVG,BKK,PVG,China,Shanghai,2026-07-10,7710,THB
2026-06-09,BKK-PVG,BKK,PVG,China,Shanghai,2026-07-11,7720,THB
2026-06-09,BKK-PVG,BKK,PVG,China,Shanghai,2026-07-12,7950,THB
2026-06-09,BKK-PVG,BKK,PVG,China,Shanghai,2026-07-13,6960,THB
2026-06-09,BKK-PVG,BKK,PVG,China,Shanghai,2026-07-14,6830,THB
2026-06-09,BKK-PVG,BKK,PVG,China,Shanghai,2026-07-15,6540,THB
2026-06-09,BKK-PVG,BKK,PVG,China,Shanghai,2026-07-16,6710,THB
2026-06-09,BKK-PVG,BKK,PVG,China,Shanghai,2026-07-17,7580,THB
2026-06-09,BKK-PVG,BKK,PVG,China,Shanghai,2026-07-18,7500,THB
2026-06-09,BKK-PVG,BKK,PVG,China,Shanghai,2026-07-19,7870,THB
2026-06-09,BKK-PVG,BKK,PVG,China,Shanghai,2026-07-20,6470,THB
2026-06-09,BKK-PVG,BKK,PVG,China,Shanghai,2026-07-21,7020,THB
2026-06-09,BKK-PVG,BKK,PVG,China,Shanghai,2026-07-22,6850,THB
2026-06-09,BKK-PVG,BKK,PVG,China,Shanghai,2026-07-23,7240,THB
2026-06-09,BKK-PVG,BKK,PVG,China,Shanghai,2026-07-24,8060,THB
2026-06-09,BKK-PVG,BKK,PVG,China,Shanghai,2026-07-25,7340,THB
2026-06-09,BKK-PVG,BKK,PVG,China,Shanghai,2026-07-26,7900,THB
2026-06-09,BKK-PVG,BKK,PVG,China,Shanghai,2026-07-27,7470,THB
2026-06-09,BKK-PVG,BKK,PVG,China,Shanghai,2026-07-28,7010,THB
2026-06-09,BKK-PVG,BKK,PVG,China,Shanghai,2026-07-29,6370,THB
2026-06-09,BKK-PVG,BKK,PVG,China,Shanghai,2026-07-30,6620,THB
2026-06-09,BKK-PVG,BKK,PVG,China,Shanghai,2026-07-31,7540,THB
2026-06-09,BKK-PVG,BKK,PVG,China,Shanghai,2026-08-01,8020,THB
2026-06-09,BKK-PVG,BKK,PVG,China,Shanghai,2026-08-02,8320,THB
2026-06-09,BKK-PVG,BKK,PVG,China,Shanghai,2026-08-03,7110,THB
2026-06-09,BKK-PVG,BKK,PVG,China,Shanghai,2026-08-04,6560,THB
2026-06-09,BKK-PVG,BKK,PVG,China,Shanghai,2026-08-05,6400,THB
2026-06-09,BKK-PVG,BKK,PVG,China,Shanghai,2026-08-06,6940,THB
2026-06-09,BKK-PVG,BKK,PVG,China,Shanghai,2026-08-07,7600,THB
2026-06-09,BKK-PVG,BKK,PVG,China,Shanghai,2026-08-08,7810,THB
2026-06-09,BKK-PVG,BKK,PVG,China,Shanghai,2026-08-09,7890,THB
2026-06-09,BKK-PVG,BKK,PVG,China,Shanghai,2026-08-10,7370,THB
2026-06-09,BKK-PVG,BKK,PVG,China,Shanghai,2026-08-11,6760,THB
2026-06-09,BKK-PVG,BKK,PVG,China,Shanghai,2026-08-12,6750,THB
2026-06-09,BKK-PVG,BKK,PVG,China,Shanghai,2026-08-13,7240,THB
2026-06-09,BKK-PVG,BKK,PVG,China,Shanghai,2026-08-14,8450,THB
2026-06-09,BKK-PVG,BKK,PVG,China,Shanghai,2026-08-15,7770,THB
2026-06-09,BKK-PVG,BKK,PVG,China,Shanghai,2026-08-16,8600,THB
2026-06-09,BKK-PVG,BKK,PVG,China,Shanghai,2026-08-17,6900,THB
2026-06-09,BKK-PVG,BKK,PVG,China,Shanghai,2026-08-18,6980,THB
2026-06-09,BKK-PVG,BKK,PVG,China,Shanghai,2026-08-19,6830,THB
2026-06-09,BKK-PVG,BKK,PVG,China,Shanghai,2026-08-20,7590,THB
2026-06-09,BKK-PVG,BKK,PVG,China,Shanghai,2026-08-21,7700,THB
2026-06-09,BKK-PVG,BKK,PVG,China,Shanghai,2026-08-22,7120,THB
2026-06-09,BKK-PVG,BKK,PVG,China,Shanghai,2026-08-23,8590,THB
2026-06-09,BKK-PVG,BKK,PVG,China,Shanghai,2026-08-24,6470,THB
2026-06-09,BKK-PVG,BKK,PVG,China,Shanghai,2026-08-25,6180,THB
2026-06-09,BKK-PVG,BKK,PVG,China,Shanghai,2026-08-26,6510,THB
2026-06-09,BKK-PVG,BKK,PVG,China,Shanghai,2026-08-27,7040,THB
2026-06-09,BKK-PVG,BKK,PVG,China,Shanghai,2026-08-28,7370,THB
2026-06-09,BKK-PVG,BKK,PVG,China,Shanghai,2026-08-29,8130,THB
2026-06-09,BKK-PVG,BKK,PVG,China,Shanghai,2026-08-30,8660,THB
2026-06-09,BKK-PVG,BKK,PVG,China,Shanghai,2026-08-31,6740,THB
2026-06-09,BKK-PVG,BKK,PVG,China,Shanghai,2026-09-01,6710,THB
2026-06-09,BKK-PVG,BKK,PVG,China,Shanghai,2026-09-02,6200,THB
2026-06-09,BKK-PVG,BKK,PVG,China,Shanghai,2026-09-03,7170,THB
2026-06-09,BKK-PVG,BKK,PVG,China,Shanghai,2026-09-04,7590,THB
2026-06-09,BKK-PVG,BKK,PVG,China,Shanghai,2026-09-05,7830,THB
2026-06-09,BKK-PVG,BKK,PVG,China,Shanghai,2026-09-06,8720,THB
2026-06-09,BKK-PVG,BKK,PVG,China,Shanghai,2026-09-07,7190,THB
2026-06-09,BKK-PVG,BKK,PVG,China,Shanghai,2026-09-08,6730,THB
2026-06-09,BKK-PVG,BKK,PVG,China,Shanghai,2026-09-09,6130,THB
2026-06-09,BKK-PVG,BKK,PVG,China,Shanghai,2026-09-10,7120,THB
2026-06-09,BKK-PVG,BKK,PVG,China,Shanghai,2026-09-11,8320,THB
2026-06-09,BKK-PVG,BKK,PVG,China,Shanghai,2026-09-12,7940,THB
2026-06-09,BKK-PVG,BKK,PVG,China,Shanghai,2026-09-13,7510,THB
2026-06-09,BKK-PVG,BKK,PVG,China,Shanghai,2026-09-14,7520,THB
2026-06-09,BKK-PVG,BKK,PVG,China,Shanghai,2026-09-15,6950,THB
2026-06-09,BKK-PVG,BKK,PVG,China,Shanghai,2026-09-16,6270,THB
2026-06-09,BKK-PVG,BKK,PVG,China,Shanghai,2026-09-17,7360,THB
2026-06-09,BKK-PVG,BKK,PVG,China,Shanghai,2026-09-18,8360,THB
2026-06-09,BKK-PVG,BKK,PVG,China,Shanghai,2026-09-19,7920,THB
2026-06-09,BKK-PVG,BKK,PVG,China,Shanghai,2026-09-20,7920,THB
2026-06-09,BKK-PVG,BKK,PVG,China,Shanghai,2026-09-21,6710,THB
2026-06-09,BKK-PVG,BKK,PVG,China,Shanghai,2026-09-22,6140,THB
2026-06-09,BKK-PVG,BKK,PVG,China,Shanghai,2026-09-23,6150,THB
2026-06-09,BKK-PVG,BKK,PVG,China,Shanghai,2026-09-24,7400,THB
2026-06-09,BKK-PVG,BKK,PVG,China,Shanghai,2026-09-25,7820,THB
2026-06-09,BKK-PVG,BKK,PVG,China,Shanghai,2026-09-26,7270,THB
2026-06-09,BKK-PVG,BKK,PVG,China,Shanghai,2026-09-27,8710,THB
2026-06-09,BKK-PVG,BKK,PVG,China,Shanghai,2026-09-28,6780,THB
2026-06-09,BKK-PVG,BKK,PVG,China,Shanghai,2026-09-29,6860,THB
2026-06-09,BKK-PVG,BKK,PVG,China,Shanghai,2026-09-30,6540,THB
2026-06-09,BKK-PVG,BKK,PVG,China,Shanghai,2026-10-01,7080,THB
2026-06-09,BKK-PVG,BKK,PVG,China,Shanghai,2026-10-02,8150,THB
2026-06-09,BKK-PVG,BKK,PVG,China,Shanghai,2026-10-03,7810,THB
2026-06-09,BKK-PVG,BKK,PVG,China,Shanghai,2026-10-04,8700,THB
2026-06-09,BKK-PVG,BKK,PVG,China,Shanghai,2026-10-05,7360,THB
2026-06-09,BKK-PVG,BKK,PVG,China,Shanghai,2026-10-06,6600,THB
2026-06-09,BKK-PVG,BKK,PVG,China,Shanghai,2026-10-07,6380,THB
2026-06-09,BKK-PVG,BKK,PVG,China,Shanghai,2026-10-08,7210,THB
2026-06-09,BKK-PVG,BKK,PVG,China,Shanghai,2026-10-09,7840,THB
2026-06-09,BKK-PVG,BKK,PVG,China,Shanghai,2026-10-10,8270,THB
2026-06-09,BKK-PVG,BKK,PVG,China,Shanghai,2026-10-11,8440,THB
2026-06-09,BKK-PVG,BKK,PVG,China,Shanghai,2026-10-12,7290,THB
2026-06-09,BKK-PVG,BKK,PVG,China,Shanghai,2026-10-13,6520,THB
2026-06-09,BKK-PVG,BKK,PVG,China,Shanghai,2026-10-14,6730,THB
2026-06-09,BKK-PVG,BKK,PVG,China,Shanghai,2026-10-15,7300,THB
2026-06-09,BKK-PVG,BKK,PVG,China,Shanghai,2026-10-16,8050,THB
2026-06-09,BKK-PVG,BKK,PVG,China,Shanghai,2026-10-17,8130,THB
2026-06-09,BKK-PVG,BKK,PVG,China,Shanghai,2026-10-18,8590,THB
2026-06-09,BKK-PVG,BKK,PVG,China,Shanghai,2026-10-19,6850,THB
2026-06-09,BKK-PVG,BKK,PVG,China,Shanghai,2026-10-20,6220,THB
2026-06-09,BKK-PVG,BKK,PVG,China,Shanghai,2026-10-21,6880,THB
2026-06-09,BKK-PVG,BKK,PVG,China,Shanghai,2026-10-22,6800,THB
2026-06-09,BKK-PVG,BKK,PVG,China,Shanghai,2026-10-23,7850,THB
2026-06-09,BKK-PVG,BKK,PVG,China,Shanghai,2026-10-24,8140,THB
2026-06-09,BKK-PVG,BKK,PVG,China,Shanghai,2026-10-25,7830,THB
2026-06-09,BKK-PVG,BKK,PVG,China,Shanghai,2026-10-26,6950,THB
2026-06-09,BKK-PVG,BKK,PVG,China,Shanghai,2026-10-27,7170,THB
2026-06-09,BKK-PVG,BKK,PVG,China,Shanghai,2026-10-28,6990,THB
2026-06-09,BKK-PVG,BKK,PVG,China,Shanghai,2026-10-29,6610,THB
2026-06-09,BKK-PVG,BKK,PVG,China,Shanghai,2026-10-30,7670,THB
2026-06-09,BKK-PVG,BKK,PVG,China,Shanghai,2026-10-31,7350,THB
2026-06-09,BKK-PVG,BKK,PVG,China,Shanghai,2026-11-01,7660,THB
2026-06-09,BKK-PVG,BKK,PVG,China,Shanghai,2026-11-02,6900,THB
2026-06-09,BKK-PVG,BKK,PVG,China,Shanghai,2026-11-03,7050,THB
2026-06-09,BKK-PVG,BKK,PVG,China,Shanghai,2026-11-04,6240,THB
2026-06-09,BKK-PVG,BKK,PVG,China,Shanghai,2026-11-05,7150,THB
2026-06-09,BKK-PVG,BKK,PVG,China,Shanghai,2026-11-06,7990,THB
2026-06-09,BKK-PVG,BKK,PVG,China,Shanghai,2026-11-07,8160,THB
2026-06-09,BKK-PVG,BKK,PVG,China,Shanghai,2026-11-08,8310,THB
2026-06-09,BKK-PVG,BKK,PVG,China,Shanghai,2026-11-09,6650,THB
2026-06-09,BKK-PVG,BKK,PVG,China,Shanghai,2026-11-10,6510,THB
2026-06-09,BKK-PVG,BKK,PVG,China,Shanghai,2026-11-11,6540,THB
2026-06-09,BKK-PVG,BKK,PVG,China,Shanghai,2026-11-12,6940,THB
2026-06-09,BKK-PVG,BKK,PVG,China,Shanghai,2026-11-13,7400,THB
2026-06-09,BKK-PVG,BKK,PVG,China,Shanghai,2026-11-14,7280,THB
2026-06-09,BKK-PVG,BKK,PVG,China,Shanghai,2026-11-15,8550,THB
2026-06-09,BKK-PVG,BKK,PVG,China,Shanghai,2026-11-16,7330,THB
2026-06-09,BKK-PVG,BKK,PVG,China,Shanghai,2026-11-17,6710,THB
2026-06-09,BKK-PVG,BKK,PVG,China,Shanghai,2026-11-18,6930,THB
2026-06-09,BKK-PVG,BKK,PVG,China,Shanghai,2026-11-19,7320,THB
2026-06-09,BKK-PVG,BKK,PVG,China,Shanghai,2026-11-20,8300,THB
2026-06-09,BKK-PVG,BKK,PVG,China,Shanghai,2026-11-21,7800,THB
2026-06-09,BKK-PVG,BKK,PVG,China,Shanghai,2026-11-22,8740,THB
2026-06-09,BKK-PVG,BKK,PVG,China,Shanghai,2026-11-23,6650,THB
2026-06-09,BKK-PVG,BKK,PVG,China,Shanghai,2026-11-24,6550,THB
2026-06-09,BKK-PVG,BKK,PVG,China,Shanghai,2026-11-25,7100,THB
2026-06-09,BKK-PVG,BKK,PVG,China,Shanghai,2026-11-26,7280,THB
2026-06-09,BKK-PVG,BKK,PVG,China,Shanghai,2026-11-27,8410,THB
2026-06-09,BKK-PVG,BKK,PVG,China,Shanghai,2026-11-28,8160,THB
2026-06-09,BKK-PVG,BKK,PVG,China,Shanghai,2026-11-29,7850,THB
2026-06-09,BKK-PVG,BKK,PVG,China,Shanghai,2026-11-30,7030,THB
2026-06-09,BKK-PVG,BKK,PVG,China,Shanghai,2026-12-01,6600,THB
2026-06-09,BKK-PVG,BKK,PVG,China,Shanghai,2026-12-02,6540,THB
2026-06-09,BKK-PVG,BKK,PVG,China,Shanghai,2026-12-03,7000,THB
2026-06-09,BKK-PVG,BKK,PVG,China,Shanghai,2026-12-04,7740,THB
2026-06-09,BKK-PVG,BKK,PVG,China,Shanghai,2026-12-05,7540,THB
2026-06-09,BKK-PVG,BKK,PVG,China,Shanghai,2026-12-06,8060,THB
2026-06-09,BKK-PVG,BKK,PVG,China,Shanghai,2026-12-07,6850,THB
2026-06-09,BKK-PVG,BKK,PVG,China,Shanghai,2026-12-08,6410,THB
2026-06-09,BKK-PEK,BKK,PEK,China,Beijing,2026-06-12,8880,THB
2026-06-09,BKK-PEK,BKK,PEK,China,Beijing,2026-06-13,8770,THB
2026-06-09,BKK-PEK,BKK,PEK,China,Beijing,2026-06-14,8800,THB
2026-06-09,BKK-PEK,BKK,PEK,China,Beijing,2026-06-15,8210,THB
2026-06-09,BKK-PEK,BKK,PEK,China,Beijing,2026-06-16,7040,THB
2026-06-09,BKK-PEK,BKK,PEK,China,Beijing,2026-06-17,8010,THB
2026-06-09,BKK-PEK,BKK,PEK,China,Beijing,2026-06-18,7900,THB
2026-06-09,BKK-PEK,BKK,PEK,China,Beijing,2026-06-19,8410,THB
2026-06-09,BKK-PEK,BKK,PEK,China,Beijing,2026-06-20,8600,THB
2026-06-09,BKK-PEK,BKK,PEK,China,Beijing,2026-06-21,9280,THB
2026-06-09,BKK-PEK,BKK,PEK,China,Beijing,2026-06-22,8460,THB
2026-06-09,BKK-PEK,BKK,PEK,China,Beijing,2026-06-23,7170,THB
2026-06-09,BKK-PEK,BKK,PEK,China,Beijing,2026-06-24,7240,THB
2026-06-09,BKK-PEK,BKK,PEK,China,Beijing,2026-06-25,7580,THB
2026-06-09,BKK-PEK,BKK,PEK,China,Beijing,2026-06-26,9560,THB
2026-06-09,BKK-PEK,BKK,PEK,China,Beijing,2026-06-27,8550,THB
2026-06-09,BKK-PEK,BKK,PEK,China,Beijing,2026-06-28,9230,THB
2026-06-09,BKK-PEK,BKK,PEK,China,Beijing,2026-06-29,8350,THB
2026-06-09,BKK-PEK,BKK,PEK,China,Beijing,2026-06-30,7830,THB
2026-06-09,BKK-PEK,BKK,PEK,China,Beijing,2026-07-01,7670,THB
2026-06-09,BKK-PEK,BKK,PEK,China,Beijing,2026-07-02,8040,THB
2026-06-09,BKK-PEK,BKK,PEK,China,Beijing,2026-07-03,9610,THB
2026-06-09,BKK-PEK,BKK,PEK,China,Beijing,2026-07-04,8140,THB
2026-06-09,BKK-PEK,BKK,PEK,China,Beijing,2026-07-05,8660,THB
2026-06-09,BKK-PEK,BKK,PEK,China,Beijing,2026-07-06,8390,THB
2026-06-09,BKK-PEK,BKK,PEK,China,Beijing,2026-07-07,7630,THB
2026-06-09,BKK-PEK,BKK,PEK,China,Beijing,2026-07-08,7390,THB
2026-06-09,BKK-PEK,BKK,PEK,China,Beijing,2026-07-09,7970,THB
2026-06-09,BKK-PEK,BKK,PEK,China,Beijing,2026-07-10,8530,THB
2026-06-09,BKK-PEK,BKK,PEK,China,Beijing,2026-07-11,8370,THB
2026-06-09,BKK-PEK,BKK,PEK,China,Beijing,2026-07-12,9680,THB
2026-06-09,BKK-PEK,BKK,PEK,China,Beijing,2026-07-13,7590,THB
2026-06-09,BKK-PEK,BKK,PEK,China,Beijing,2026-07-14,7690,THB
2026-06-09,BKK-PEK,BKK,PEK,China,Beijing,2026-07-15,7520,THB
2026-06-09,BKK-PEK,BKK,PEK,China,Beijing,2026-07-16,7650,THB
2026-06-09,BKK-PEK,BKK,PEK,China,Beijing,2026-07-17,8940,THB
2026-06-09,BKK-PEK,BKK,PEK,China,Beijing,2026-07-18,9330,THB
2026-06-09,BKK-PEK,BKK,PEK,China,Beijing,2026-07-19,9000,THB
2026-06-09,BKK-PEK,BKK,PEK,China,Beijing,2026-07-20,8110,THB
2026-06-09,BKK-PEK,BKK,PEK,China,Beijing,2026-07-21,8050,THB
2026-06-09,BKK-PEK,BKK,PEK,China,Beijing,2026-07-22,7010,THB
2026-06-09,BKK-PEK,BKK,PEK,China,Beijing,2026-07-23,8540,THB
2026-06-09,BKK-PEK,BKK,PEK,China,Beijing,2026-07-24,8890,THB
2026-06-09,BKK-PEK,BKK,PEK,China,Beijing,2026-07-25,8400,THB
2026-06-09,BKK-PEK,BKK,PEK,China,Beijing,2026-07-26,9020,THB
2026-06-09,BKK-PEK,BKK,PEK,China,Beijing,2026-07-27,8310,THB
2026-06-09,BKK-PEK,BKK,PEK,China,Beijing,2026-07-28,8040,THB
2026-06-09,BKK-PEK,BKK,PEK,China,Beijing,2026-07-29,7700,THB
2026-06-09,BKK-PEK,BKK,PEK,China,Beijing,2026-07-30,8370,THB
2026-06-09,BKK-PEK,BKK,PEK,China,Beijing,2026-07-31,9350,THB
2026-06-09,BKK-PEK,BKK,PEK,China,Beijing,2026-08-01,8370,THB
2026-06-09,BKK-PEK,BKK,PEK,China,Beijing,2026-08-02,9480,THB
2026-06-09,BKK-PEK,BKK,PEK,China,Beijing,2026-08-03,7620,THB
2026-06-09,BKK-PEK,BKK,PEK,China,Beijing,2026-08-04,8110,THB
2026-06-09,BKK-PEK,BKK,PEK,China,Beijing,2026-08-05,8120,THB
2026-06-09,BKK-PEK,BKK,PEK,China,Beijing,2026-08-06,7700,THB
2026-06-09,BKK-PEK,BKK,PEK,China,Beijing,2026-08-07,9210,THB
2026-06-09,BKK-PEK,BKK,PEK,China,Beijing,2026-08-08,8200,THB
2026-06-09,BKK-PEK,BKK,PEK,China,Beijing,2026-08-09,8770,THB
2026-06-09,BKK-PEK,BKK,PEK,China,Beijing,2026-08-10,8240,THB
2026-06-09,BKK-PEK,BKK,PEK,China,Beijing,2026-08-11,7990,THB
2026-06-09,BKK-PEK,BKK,PEK,China,Beijing,2026-08-12,7410,THB
2026-06-09,BKK-PEK,BKK,PEK,China,Beijing,2026-08-13,7770,THB
2026-06-09,BKK-PEK,BKK,PEK,China,Beijing,2026-08-14,8520,THB
2026-06-09,BKK-PEK,BKK,PEK,China,Beijing,2026-08-15,9080,THB
2026-06-09,BKK-PEK,BKK,PEK,China,Beijing,2026-08-16,8920,THB
2026-06-09,BKK-PEK,BKK,PEK,China,Beijing,2026-08-17,7690,THB
2026-06-09,BKK-PEK,BKK,PEK,China,Beijing,2026-08-18,7760,THB
2026-06-09,BKK-PEK,BKK,PEK,China,Beijing,2026-08-19,8030,THB
2026-06-09,BKK-PEK,BKK,PEK,China,Beijing,2026-08-20,8460,THB
2026-06-09,BKK-PEK,BKK,PEK,China,Beijing,2026-08-21,8890,THB
2026-06-09,BKK-PEK,BKK,PEK,China,Beijing,2026-08-22,8990,THB
2026-06-09,BKK-PEK,BKK,PEK,China,Beijing,2026-08-23,8640,THB
2026-06-09,BKK-PEK,BKK,PEK,China,Beijing,2026-08-24,7820,THB
2026-06-09,BKK-PEK,BKK,PEK,China,Beijing,2026-08-25,7450,THB
2026-06-09,BKK-PEK,BKK,PEK,China,Beijing,2026-08-26,7950,THB
2026-06-09,BKK-PEK,BKK,PEK,China,Beijing,2026-08-27,7910,THB
2026-06-09,BKK-PEK,BKK,PEK,China,Beijing,2026-08-28,8900,THB
2026-06-09,BKK-PEK,BKK,PEK,China,Beijing,2026-08-29,8610,THB
2026-06-09,BKK-PEK,BKK,PEK,China,Beijing,2026-08-30,8630,THB
2026-06-09,BKK-PEK,BKK,PEK,China,Beijing,2026-08-31,8600,THB
2026-06-09,BKK-PEK,BKK,PEK,China,Beijing,2026-09-01,7630,THB
2026-06-09,BKK-PEK,BKK,PEK,China,Beijing,2026-09-02,8160,THB
2026-06-09,BKK-PEK,BKK,PEK,China,Beijing,2026-09-03,8500,THB
2026-06-09,BKK-PEK,BKK,PEK,China,Beijing,2026-09-04,8750,THB
2026-06-09,BKK-PEK,BKK,PEK,China,Beijing,2026-09-05,8620,THB
2026-06-09,BKK-PEK,BKK,PEK,China,Beijing,2026-09-06,9450,THB
2026-06-09,BKK-PEK,BKK,PEK,China,Beijing,2026-09-07,8590,THB
2026-06-09,BKK-PEK,BKK,PEK,China,Beijing,2026-09-08,7480,THB
2026-06-09,BKK-PEK,BKK,PEK,China,Beijing,2026-09-09,7310,THB
2026-06-09,BKK-PEK,BKK,PEK,China,Beijing,2026-09-10,7800,THB
2026-06-09,BKK-PEK,BKK,PEK,China,Beijing,2026-09-11,9550,THB
2026-06-09,BKK-PEK,BKK,PEK,China,Beijing,2026-09-12,9260,THB
2026-06-09,BKK-PEK,BKK,PEK,China,Beijing,2026-09-13,9350,THB
2026-06-09,BKK-PEK,BKK,PEK,China,Beijing,2026-09-14,7590,THB
2026-06-09,BKK-PEK,BKK,PEK,China,Beijing,2026-09-15,8160,THB
2026-06-09,BKK-PEK,BKK,PEK,China,Beijing,2026-09-16,7620,THB
2026-06-09,BKK-PEK,BKK,PEK,China,Beijing,2026-09-17,8260,THB
2026-06-09,BKK-PEK,BKK,PEK,China,Beijing,2026-09-18,8790,THB
2026-06-09,BKK-PEK,BKK,PEK,China,Beijing,2026-09-19,8130,THB
2026-06-09,BKK-PEK,BKK,PEK,China,Beijing,2026-09-20,9670,THB
2026-06-09,BKK-PEK,BKK,PEK,China,Beijing,2026-09-21,8010,THB
2026-06-09,BKK-PEK,BKK,PEK,China,Beijing,2026-09-22,7320,THB
2026-06-09,BKK-PEK,BKK,PEK,China,Beijing,2026-09-23,7610,THB
2026-06-09,BKK-PEK,BKK,PEK,China,Beijing,2026-09-24,7730,THB
2026-06-09,BKK-PEK,BKK,PEK,China,Beijing,2026-09-25,8660,THB
2026-06-09,BKK-PEK,BKK,PEK,China,Beijing,2026-09-26,8270,THB
2026-06-09,BKK-PEK,BKK,PEK,China,Beijing,2026-09-27,8820,THB
2026-06-09,BKK-PEK,BKK,PEK,China,Beijing,2026-09-28,8630,THB
2026-06-09,BKK-PEK,BKK,PEK,China,Beijing,2026-09-29,7180,THB
2026-06-09,BKK-PEK,BKK,PEK,China,Beijing,2026-09-30,7870,THB
2026-06-09,BKK-PEK,BKK,PEK,China,Beijing,2026-10-01,8690,THB
2026-06-09,BKK-PEK,BKK,PEK,China,Beijing,2026-10-02,9580,THB
2026-06-09,BKK-PEK,BKK,PEK,China,Beijing,2026-10-03,8290,THB
2026-06-09,BKK-PEK,BKK,PEK,China,Beijing,2026-10-04,9530,THB
2026-06-09,BKK-PEK,BKK,PEK,China,Beijing,2026-10-05,8300,THB
2026-06-09,BKK-PEK,BKK,PEK,China,Beijing,2026-10-06,7860,THB
2026-06-09,BKK-PEK,BKK,PEK,China,Beijing,2026-10-07,7480,THB
2026-06-09,BKK-PEK,BKK,PEK,China,Beijing,2026-10-08,7630,THB
2026-06-09,BKK-PEK,BKK,PEK,China,Beijing,2026-10-09,8500,THB
2026-06-09,BKK-PEK,BKK,PEK,China,Beijing,2026-10-10,9310,THB
2026-06-09,BKK-PEK,BKK,PEK,China,Beijing,2026-10-11,9000,THB
2026-06-09,BKK-PEK,BKK,PEK,China,Beijing,2026-10-12,8340,THB
2026-06-09,BKK-PEK,BKK,PEK,China,Beijing,2026-10-13,7640,THB
2026-06-09,BKK-PEK,BKK,PEK,China,Beijing,2026-10-14,7360,THB
2026-06-09,BKK-PEK,BKK,PEK,China,Beijing,2026-10-15,7820,THB
2026-06-09,BKK-PEK,BKK,PEK,China,Beijing,2026-10-16,8960,THB
2026-06-09,BKK-PEK,BKK,PEK,China,Beijing,2026-10-17,8600,THB
2026-06-09,BKK-PEK,BKK,PEK,China,Beijing,2026-10-18,8830,THB
2026-06-09,BKK-PEK,BKK,PEK,China,Beijing,2026-10-19,7900,THB
2026-06-09,BKK-PEK,BKK,PEK,China,Beijing,2026-10-20,8120,THB
2026-06-09,BKK-PEK,BKK,PEK,China,Beijing,2026-10-21,7680,THB
2026-06-09,BKK-PEK,BKK,PEK,China,Beijing,2026-10-22,7570,THB
2026-06-09,BKK-PEK,BKK,PEK,China,Beijing,2026-10-23,9340,THB
2026-06-09,BKK-PEK,BKK,PEK,China,Beijing,2026-10-24,9140,THB
2026-06-09,BKK-PEK,BKK,PEK,China,Beijing,2026-10-25,9720,THB
2026-06-09,BKK-PEK,BKK,PEK,China,Beijing,2026-10-26,8540,THB
2026-06-09,BKK-PEK,BKK,PEK,China,Beijing,2026-10-27,7310,THB
2026-06-09,BKK-PEK,BKK,PEK,China,Beijing,2026-10-28,7180,THB
2026-06-09,BKK-PEK,BKK,PEK,China,Beijing,2026-10-29,7610,THB
2026-06-09,BKK-PEK,BKK,PEK,China,Beijing,2026-10-30,9500,THB
2026-06-09,BKK-PEK,BKK,PEK,China,Beijing,2026-10-31,8470,THB
2026-06-09,BKK-PEK,BKK,PEK,China,Beijing,2026-11-01,9560,THB
2026-06-09,BKK-PEK,BKK,PEK,China,Beijing,2026-11-02,8600,THB
2026-06-09,BKK-PEK,BKK,PEK,China,Beijing,2026-11-03,7450,THB
2026-06-09,BKK-PEK,BKK,PEK,China,Beijing,2026-11-04,7130,THB
2026-06-09,BKK-PEK,BKK,PEK,China,Beijing,2026-11-05,8060,THB
2026-06-09,BKK-PEK,BKK,PEK,China,Beijing,2026-11-06,9470,THB
2026-06-09,BKK-PEK,BKK,PEK,China,Beijing,2026-11-07,9330,THB
2026-06-09,BKK-PEK,BKK,PEK,China,Beijing,2026-11-08,9910,THB
2026-06-09,BKK-PEK,BKK,PEK,China,Beijing,2026-11-09,8660,THB
2026-06-09,BKK-PEK,BKK,PEK,China,Beijing,2026-11-10,8130,THB
2026-06-09,BKK-PEK,BKK,PEK,China,Beijing,2026-11-11,7920,THB
2026-06-09,BKK-PEK,BKK,PEK,China,Beijing,2026-11-12,7780,THB
2026-06-09,BKK-PEK,BKK,PEK,China,Beijing,2026-11-13,9160,THB
2026-06-09,BKK-PEK,BKK,PEK,China,Beijing,2026-11-14,8890,THB
2026-06-09,BKK-PEK,BKK,PEK,China,Beijing,2026-11-15,9660,THB
2026-06-09,BKK-PEK,BKK,PEK,China,Beijing,2026-11-16,7980,THB
2026-06-09,BKK-PEK,BKK,PEK,China,Beijing,2026-11-17,7350,THB
2026-06-09,BKK-PEK,BKK,PEK,China,Beijing,2026-11-18,7810,THB
2026-06-09,BKK-PEK,BKK,PEK,China,Beijing,2026-11-19,8470,THB
2026-06-09,BKK-PEK,BKK,PEK,China,Beijing,2026-11-20,8580,THB
2026-06-09,BKK-PEK,BKK,PEK,China,Beijing,2026-11-21,8590,THB
2026-06-09,BKK-PEK,BKK,PEK,China,Beijing,2026-11-22,8680,THB
2026-06-09,BKK-PEK,BKK,PEK,China,Beijing,2026-11-23,7480,THB
2026-06-09,BKK-PEK,BKK,PEK,China,Beijing,2026-11-24,7920,THB
2026-06-09,BKK-PEK,BKK,PEK,China,Beijing,2026-11-25,7500,THB
2026-06-09,BKK-PEK,BKK,PEK,China,Beijing,2026-11-26,7620,THB
2026-06-09,BKK-PEK,BKK,PEK,China,Beijing,2026-11-27,8850,THB
2026-06-09,BKK-PEK,BKK,PEK,China,Beijing,2026-11-28,9200,THB
2026-06-09,BKK-PEK,BKK,PEK,China,Beijing,2026-11-29,8960,THB
2026-06-09,BKK-PEK,BKK,PEK,China,Beijing,2026-11-30,8480,THB
2026-06-09,BKK-PEK,BKK,PEK,China,Beijing,2026-12-01,7150,THB
2026-06-09,BKK-PEK,BKK,PEK,China,Beijing,2026-12-02,7200,THB
2026-06-09,BKK-PEK,BKK,PEK,China,Beijing,2026-12-03,7190,THB
2026-06-09,BKK-PEK,BKK,PEK,China,Beijing,2026-12-04,9160,THB
2026-06-09,BKK-PEK,BKK,PEK,China,Beijing,2026-12-05,9000,THB
2026-06-09,BKK-PEK,BKK,PEK,China,Beijing,2026-12-06,8760,THB
2026-06-09,BKK-PEK,BKK,PEK,China,Beijing,2026-12-07,7450,THB
2026-06-09,BKK-PEK,BKK,PEK,China,Beijing,2026-12-08,7600,THB
2026-06-09,BKK-CAN,BKK,CAN,China,Guangzhou,2026-06-12,6140,THB
2026-06-09,BKK-CAN,BKK,CAN,China,Guangzhou,2026-06-13,6240,THB
2026-06-09,BKK-CAN,BKK,CAN,China,Guangzhou,2026-06-14,6770,THB
2026-06-09,BKK-CAN,BKK,CAN,China,Guangzhou,2026-06-15,5850,THB
2026-06-09,BKK-CAN,BKK,CAN,China,Guangzhou,2026-06-16,5000,THB
2026-06-09,BKK-CAN,BKK,CAN,China,Guangzhou,2026-06-17,5510,THB
2026-06-09,BKK-CAN,BKK,CAN,China,Guangzhou,2026-06-18,5810,THB
2026-06-09,BKK-CAN,BKK,CAN,China,Guangzhou,2026-06-19,5870,THB
2026-06-09,BKK-CAN,BKK,CAN,China,Guangzhou,2026-06-20,6160,THB
2026-06-09,BKK-CAN,BKK,CAN,China,Guangzhou,2026-06-21,5810,THB
2026-06-09,BKK-CAN,BKK,CAN,China,Guangzhou,2026-06-22,5110,THB
2026-06-09,BKK-CAN,BKK,CAN,China,Guangzhou,2026-06-23,5300,THB
2026-06-09,BKK-CAN,BKK,CAN,China,Guangzhou,2026-06-24,5160,THB
2026-06-09,BKK-CAN,BKK,CAN,China,Guangzhou,2026-06-25,5230,THB
2026-06-09,BKK-CAN,BKK,CAN,China,Guangzhou,2026-06-26,5940,THB
2026-06-09,BKK-CAN,BKK,CAN,China,Guangzhou,2026-06-27,5960,THB
2026-06-09,BKK-CAN,BKK,CAN,China,Guangzhou,2026-06-28,6310,THB
2026-06-09,BKK-CAN,BKK,CAN,China,Guangzhou,2026-06-29,5180,THB
2026-06-09,BKK-CAN,BKK,CAN,China,Guangzhou,2026-06-30,4770,THB
2026-06-09,BKK-CAN,BKK,CAN,China,Guangzhou,2026-07-01,4880,THB
2026-06-09,BKK-CAN,BKK,CAN,China,Guangzhou,2026-07-02,5100,THB
2026-06-09,BKK-CAN,BKK,CAN,China,Guangzhou,2026-07-03,5780,THB
2026-06-09,BKK-CAN,BKK,CAN,China,Guangzhou,2026-07-04,6220,THB
2026-06-09,BKK-CAN,BKK,CAN,China,Guangzhou,2026-07-05,6110,THB
2026-06-09,BKK-CAN,BKK,CAN,China,Guangzhou,2026-07-06,5310,THB
2026-06-09,BKK-CAN,BKK,CAN,China,Guangzhou,2026-07-07,5310,THB
2026-06-09,BKK-CAN,BKK,CAN,China,Guangzhou,2026-07-08,4860,THB
2026-06-09,BKK-CAN,BKK,CAN,China,Guangzhou,2026-07-09,5440,THB
2026-06-09,BKK-CAN,BKK,CAN,China,Guangzhou,2026-07-10,6560,THB
2026-06-09,BKK-CAN,BKK,CAN,China,Guangzhou,2026-07-11,6320,THB
2026-06-09,BKK-CAN,BKK,CAN,China,Guangzhou,2026-07-12,6580,THB
2026-06-09,BKK-CAN,BKK,CAN,China,Guangzhou,2026-07-13,5870,THB
2026-06-09,BKK-CAN,BKK,CAN,China,Guangzhou,2026-07-14,4970,THB
2026-06-09,BKK-CAN,BKK,CAN,China,Guangzhou,2026-07-15,5230,THB
2026-06-09,BKK-CAN,BKK,CAN,China,Guangzhou,2026-07-16,5180,THB
2026-06-09,BKK-CAN,BKK,CAN,China,Guangzhou,2026-07-17,5780,THB
2026-06-09,BKK-CAN,BKK,CAN,China,Guangzhou,2026-07-18,5510,THB
2026-06-09,BKK-CAN,BKK,CAN,China,Guangzhou,2026-07-19,6090,THB
2026-06-09,BKK-CAN,BKK,CAN,China,Guangzhou,2026-07-20,5250,THB
2026-06-09,BKK-CAN,BKK,CAN,China,Guangzhou,2026-07-21,5300,THB
2026-06-09,BKK-CAN,BKK,CAN,China,Guangzhou,2026-07-22,4820,THB
2026-06-09,BKK-CAN,BKK,CAN,China,Guangzhou,2026-07-23,5210,THB
2026-06-09,BKK-CAN,BKK,CAN,China,Guangzhou,2026-07-24,5860,THB
2026-06-09,BKK-CAN,BKK,CAN,China,Guangzhou,2026-07-25,6320,THB
2026-06-09,BKK-CAN,BKK,CAN,China,Guangzhou,2026-07-26,6290,THB
2026-06-09,BKK-CAN,BKK,CAN,China,Guangzhou,2026-07-27,5770,THB
2026-06-09,BKK-CAN,BKK,CAN,China,Guangzhou,2026-07-28,5460,THB
2026-06-09,BKK-CAN,BKK,CAN,China,Guangzhou,2026-07-29,4970,THB
2026-06-09,BKK-CAN,BKK,CAN,China,Guangzhou,2026-07-30,5150,THB
2026-06-09,BKK-CAN,BKK,CAN,China,Guangzhou,2026-07-31,5990,THB
2026-06-09,BKK-CAN,BKK,CAN,China,Guangzhou,2026-08-01,6090,THB
2026-06-09,BKK-CAN,BKK,CAN,China,Guangzhou,2026-08-02,6180,THB
2026-06-09,BKK-CAN,BKK,CAN,China,Guangzhou,2026-08-03,5730,THB
2026-06-09,BKK-CAN,BKK,CAN,China,Guangzhou,2026-08-04,4860,THB
2026-06-09,BKK-CAN,BKK,CAN,China,Guangzhou,2026-08-05,4800,THB
2026-06-09,BKK-CAN,BKK,CAN,China,Guangzhou,2026-08-06,5780,THB
2026-06-09,BKK-CAN,BKK,CAN,China,Guangzhou,2026-08-07,6630,THB
2026-06-09,BKK-CAN,BKK,CAN,China,Guangzhou,2026-08-08,6120,THB
2026-06-09,BKK-CAN,BKK,CAN,China,Guangzhou,2026-08-09,5990,THB
2026-06-09,BKK-CAN,BKK,CAN,China,Guangzhou,2026-08-10,5430,THB
2026-06-09,BKK-CAN,BKK,CAN,China,Guangzhou,2026-08-11,5450,THB
2026-06-09,BKK-CAN,BKK,CAN,China,Guangzhou,2026-08-12,5100,THB
2026-06-09,BKK-CAN,BKK,CAN,China,Guangzhou,2026-08-13,5560,THB
2026-06-09,BKK-CAN,BKK,CAN,China,Guangzhou,2026-08-14,6430,THB
2026-06-09,BKK-CAN,BKK,CAN,China,Guangzhou,2026-08-15,5990,THB
2026-06-09,BKK-CAN,BKK,CAN,China,Guangzhou,2026-08-16,5960,THB
2026-06-09,BKK-CAN,BKK,CAN,China,Guangzhou,2026-08-17,5180,THB
2026-06-09,BKK-CAN,BKK,CAN,China,Guangzhou,2026-08-18,5380,THB
2026-06-09,BKK-CAN,BKK,CAN,China,Guangzhou,2026-08-19,5140,THB
2026-06-09,BKK-CAN,BKK,CAN,China,Guangzhou,2026-08-20,5430,THB
2026-06-09,BKK-CAN,BKK,CAN,China,Guangzhou,2026-08-21,5910,THB
2026-06-09,BKK-CAN,BKK,CAN,China,Guangzhou,2026-08-22,5990,THB
2026-06-09,BKK-CAN,BKK,CAN,China,Guangzhou,2026-08-23,6270,THB
2026-06-09,BKK-CAN,BKK,CAN,China,Guangzhou,2026-08-24,5870,THB
2026-06-09,BKK-CAN,BKK,CAN,China,Guangzhou,2026-08-25,5480,THB
2026-06-09,BKK-CAN,BKK,CAN,China,Guangzhou,2026-08-26,4950,THB
2026-06-09,BKK-CAN,BKK,CAN,China,Guangzhou,2026-08-27,5260,THB
2026-06-09,BKK-CAN,BKK,CAN,China,Guangzhou,2026-08-28,6360,THB
2026-06-09,BKK-CAN,BKK,CAN,China,Guangzhou,2026-08-29,5680,THB
2026-06-09,BKK-CAN,BKK,CAN,China,Guangzhou,2026-08-30,6040,THB
2026-06-09,BKK-CAN,BKK,CAN,China,Guangzhou,2026-08-31,5270,THB
2026-06-09,BKK-CAN,BKK,CAN,China,Guangzhou,2026-09-01,5460,THB
2026-06-09,BKK-CAN,BKK,CAN,China,Guangzhou,2026-09-02,5440,THB
2026-06-09,BKK-CAN,BKK,CAN,China,Guangzhou,2026-09-03,5480,THB
2026-06-09,BKK-CAN,BKK,CAN,China,Guangzhou,2026-09-04,6310,THB
2026-06-09,BKK-CAN,BKK,CAN,China,Guangzhou,2026-09-05,5920,THB
2026-06-09,BKK-CAN,BKK,CAN,China,Guangzhou,2026-09-06,6510,THB
2026-06-09,BKK-CAN,BKK,CAN,China,Guangzhou,2026-09-07,5740,THB
2026-06-09,BKK-CAN,BKK,CAN,China,Guangzhou,2026-09-08,5290,THB
2026-06-09,BKK-CAN,BKK,CAN,China,Guangzhou,2026-09-09,5350,THB
2026-06-09,BKK-CAN,BKK,CAN,China,Guangzhou,2026-09-10,5370,THB
2026-06-09,BKK-CAN,BKK,CAN,China,Guangzhou,2026-09-11,5990,THB
2026-06-09,BKK-CAN,BKK,CAN,China,Guangzhou,2026-09-12,5570,THB
2026-06-09,BKK-CAN,BKK,CAN,China,Guangzhou,2026-09-13,6410,THB
2026-06-09,BKK-CAN,BKK,CAN,China,Guangzhou,2026-09-14,5830,THB
2026-06-09,BKK-CAN,BKK,CAN,China,Guangzhou,2026-09-15,5520,THB
2026-06-09,BKK-CAN,BKK,CAN,China,Guangzhou,2026-09-16,4960,THB
2026-06-09,BKK-CAN,BKK,CAN,China,Guangzhou,2026-09-17,5770,THB
2026-06-09,BKK-CAN,BKK,CAN,China,Guangzhou,2026-09-18,6380,THB
2026-06-09,BKK-CAN,BKK,CAN,China,Guangzhou,2026-09-19,5630,THB
2026-06-09,BKK-CAN,BKK,CAN,China,Guangzhou,2026-09-20,6430,THB
2026-06-09,BKK-CAN,BKK,CAN,China,Guangzhou,2026-09-21,5880,THB
2026-06-09,BKK-CAN,BKK,CAN,China,Guangzhou,2026-09-22,5530,THB
2026-06-09,BKK-CAN,BKK,CAN,China,Guangzhou,2026-09-23,5310,THB
2026-06-09,BKK-CAN,BKK,CAN,China,Guangzhou,2026-09-24,5480,THB
2026-06-09,BKK-CAN,BKK,CAN,China,Guangzhou,2026-09-25,5800,THB
2026-06-09,BKK-CAN,BKK,CAN,China,Guangzhou,2026-09-26,6000,THB
2026-06-09,BKK-CAN,BKK,CAN,China,Guangzhou,2026-09-27,6480,THB
2026-06-09,BKK-CAN,BKK,CAN,China,Guangzhou,2026-09-28,5860,THB
2026-06-09,BKK-CAN,BKK,CAN,China,Guangzhou,2026-09-29,5310,THB
2026-06-09,BKK-CAN,BKK,CAN,China,Guangzhou,2026-09-30,5390,THB
2026-06-09,BKK-CAN,BKK,CAN,China,Guangzhou,2026-10-01,5430,THB
2026-06-09,BKK-CAN,BKK,CAN,China,Guangzhou,2026-10-02,6020,THB
2026-06-09,BKK-CAN,BKK,CAN,China,Guangzhou,2026-10-03,5750,THB
2026-06-09,BKK-CAN,BKK,CAN,China,Guangzhou,2026-10-04,6100,THB
2026-06-09,BKK-CAN,BKK,CAN,China,Guangzhou,2026-10-05,5560,THB
2026-06-09,BKK-CAN,BKK,CAN,China,Guangzhou,2026-10-06,5440,THB
2026-06-09,BKK-CAN,BKK,CAN,China,Guangzhou,2026-10-07,5580,THB
2026-06-09,BKK-CAN,BKK,CAN,China,Guangzhou,2026-10-08,5660,THB
2026-06-09,BKK-CAN,BKK,CAN,China,Guangzhou,2026-10-09,6150,THB
2026-06-09,BKK-CAN,BKK,CAN,China,Guangzhou,2026-10-10,6100,THB
2026-06-09,BKK-CAN,BKK,CAN,China,Guangzhou,2026-10-11,6550,THB
2026-06-09,BKK-CAN,BKK,CAN,China,Guangzhou,2026-10-12,5190,THB
2026-06-09,BKK-CAN,BKK,CAN,China,Guangzhou,2026-10-13,5040,THB
2026-06-09,BKK-CAN,BKK,CAN,China,Guangzhou,2026-10-14,4860,THB
2026-06-09,BKK-CAN,BKK,CAN,China,Guangzhou,2026-10-15,5950,THB
2026-06-09,BKK-CAN,BKK,CAN,China,Guangzhou,2026-10-16,6710,THB
2026-06-09,BKK-CAN,BKK,CAN,China,Guangzhou,2026-10-17,6490,THB
2026-06-09,BKK-CAN,BKK,CAN,China,Guangzhou,2026-10-18,6760,THB
2026-06-09,BKK-CAN,BKK,CAN,China,Guangzhou,2026-10-19,5180,THB
2026-06-09,BKK-CAN,BKK,CAN,China,Guangzhou,2026-10-20,5390,THB
2026-06-09,BKK-CAN,BKK,CAN,China,Guangzhou,2026-10-21,5010,THB
2026-06-09,BKK-CAN,BKK,CAN,China,Guangzhou,2026-10-22,6010,THB
2026-06-09,BKK-CAN,BKK,CAN,China,Guangzhou,2026-10-23,6650,THB
2026-06-09,BKK-CAN,BKK,CAN,China,Guangzhou,2026-10-24,6450,THB
2026-06-09,BKK-CAN,BKK,CAN,China,Guangzhou,2026-10-25,6840,THB
2026-06-09,BKK-CAN,BKK,CAN,China,Guangzhou,2026-10-26,5290,THB
2026-06-09,BKK-CAN,BKK,CAN,China,Guangzhou,2026-10-27,5070,THB
2026-06-09,BKK-CAN,BKK,CAN,China,Guangzhou,2026-10-28,5410,THB
2026-06-09,BKK-CAN,BKK,CAN,China,Guangzhou,2026-10-29,5820,THB
2026-06-09,BKK-CAN,BKK,CAN,China,Guangzhou,2026-10-30,5940,THB
2026-06-09,BKK-CAN,BKK,CAN,China,Guangzhou,2026-10-31,5900,THB
2026-06-09,BKK-CAN,BKK,CAN,China,Guangzhou,2026-11-01,6020,THB
2026-06-09,BKK-CAN,BKK,CAN,China,Guangzhou,2026-11-02,5870,THB
2026-06-09,BKK-CAN,BKK,CAN,China,Guangzhou,2026-11-03,5360,THB
2026-06-09,BKK-CAN,BKK,CAN,China,Guangzhou,2026-11-04,5670,THB
2026-06-09,BKK-CAN,BKK,CAN,China,Guangzhou,2026-11-05,5700,THB
2026-06-09,BKK-CAN,BKK,CAN,China,Guangzhou,2026-11-06,6110,THB
2026-06-09,BKK-CAN,BKK,CAN,China,Guangzhou,2026-11-07,6350,THB
2026-06-09,BKK-CAN,BKK,CAN,China,Guangzhou,2026-11-08,6080,THB
2026-06-09,BKK-CAN,BKK,CAN,China,Guangzhou,2026-11-09,5730,THB
2026-06-09,BKK-CAN,BKK,CAN,China,Guangzhou,2026-11-10,5300,THB
2026-06-09,BKK-CAN,BKK,CAN,China,Guangzhou,2026-11-11,5090,THB
2026-06-09,BKK-CAN,BKK,CAN,China,Guangzhou,2026-11-12,5240,THB
2026-06-09,BKK-CAN,BKK,CAN,China,Guangzhou,2026-11-13,6470,THB
2026-06-09,BKK-CAN,BKK,CAN,China,Guangzhou,2026-11-14,6550,THB
2026-06-09,BKK-CAN,BKK,CAN,China,Guangzhou,2026-11-15,6080,THB
2026-06-09,BKK-CAN,BKK,CAN,China,Guangzhou,2026-11-16,5530,THB
2026-06-09,BKK-CAN,BKK,CAN,China,Guangzhou,2026-11-17,5410,THB
2026-06-09,BKK-CAN,BKK,CAN,China,Guangzhou,2026-11-18,5450,THB
2026-06-09,BKK-CAN,BKK,CAN,China,Guangzhou,2026-11-19,5190,THB
2026-06-09,BKK-CAN,BKK,CAN,China,Guangzhou,2026-11-20,6300,THB
2026-06-09,BKK-CAN,BKK,CAN,China,Guangzhou,2026-11-21,5740,THB
2026-06-09,BKK-CAN,BKK,CAN,China,Guangzhou,2026-11-22,6020,THB
2026-06-09,BKK-CAN,BKK,CAN,China,Guangzhou,2026-11-23,5440,THB
2026-06-09,BKK-CAN,BKK,CAN,China,Guangzhou,2026-11-24,5310,THB
2026-06-09,BKK-CAN,BKK,CAN,China,Guangzhou,2026-11-25,5120,THB
2026-06-09,BKK-CAN,BKK,CAN,China,Guangzhou,2026-11-26,5460,THB
2026-06-09,BKK-CAN,BKK,CAN,China,Guangzhou,2026-11-27,5940,THB
2026-06-09,BKK-CAN,BKK,CAN,China,Guangzhou,2026-11-28,6080,THB
2026-06-09,BKK-CAN,BKK,CAN,China,Guangzhou,2026-11-29,6060,THB
2026-06-09,BKK-CAN,BKK,CAN,China,Guangzhou,2026-11-30,5800,THB
2026-06-09,BKK-CAN,BKK,CAN,China,Guangzhou,2026-12-01,5330,THB
2026-06-09,BKK-CAN,BKK,CAN,China,Guangzhou,2026-12-02,4960,THB
2026-06-09,BKK-CAN,BKK,CAN,China,Guangzhou,2026-12-03,4980,THB
2026-06-09,BKK-CAN,BKK,CAN,China,Guangzhou,2026-12-04,6050,THB
2026-06-09,BKK-CAN,BKK,CAN,China,Guangzhou,2026-12-05,6240,THB
2026-06-09,BKK-CAN,BKK,CAN,China,Guangzhou,2026-12-06,6020,THB
2026-06-09,BKK-CAN,BKK,CAN,China,Guangzhou,2026-12-07,5550,THB
2026-06-09,BKK-CAN,BKK,CAN,China,Guangzhou,2026-12-08,5170,THB
2026-06-09,BKK-NRT,BKK,NRT,Japan,Tokyo (Narita),2026-06-12,10820,THB
2026-06-09,BKK-NRT,BKK,NRT,Japan,Tokyo (Narita),2026-06-13,10600,THB
2026-06-09,BKK-NRT,BKK,NRT,Japan,Tokyo (Narita),2026-06-14,11280,THB
2026-06-09,BKK-NRT,BKK,NRT,Japan,Tokyo (Narita),2026-06-15,8730,THB
2026-06-09,BKK-NRT,BKK,NRT,Japan,Tokyo (Narita),2026-06-16,9200,THB
2026-06-09,BKK-NRT,BKK,NRT,Japan,Tokyo (Narita),2026-06-17,9530,THB
2026-06-09,BKK-NRT,BKK,NRT,Japan,Tokyo (Narita),2026-06-18,9600,THB
2026-06-09,BKK-NRT,BKK,NRT,Japan,Tokyo (Narita),2026-06-19,10820,THB
2026-06-09,BKK-NRT,BKK,NRT,Japan,Tokyo (Narita),2026-06-20,10570,THB
2026-06-09,BKK-NRT,BKK,NRT,Japan,Tokyo (Narita),2026-06-21,10010,THB
2026-06-09,BKK-NRT,BKK,NRT,Japan,Tokyo (Narita),2026-06-22,9990,THB
2026-06-09,BKK-NRT,BKK,NRT,Japan,Tokyo (Narita),2026-06-23,8560,THB
2026-06-09,BKK-NRT,BKK,NRT,Japan,Tokyo (Narita),2026-06-24,9390,THB
2026-06-09,BKK-NRT,BKK,NRT,Japan,Tokyo (Narita),2026-06-25,9480,THB
2026-06-09,BKK-NRT,BKK,NRT,Japan,Tokyo (Narita),2026-06-26,10740,THB
2026-06-09,BKK-NRT,BKK,NRT,Japan,Tokyo (Narita),2026-06-27,10520,THB
2026-06-09,BKK-NRT,BKK,NRT,Japan,Tokyo (Narita),2026-06-28,11570,THB
2026-06-09,BKK-NRT,BKK,NRT,Japan,Tokyo (Narita),2026-06-29,9030,THB
2026-06-09,BKK-NRT,BKK,NRT,Japan,Tokyo (Narita),2026-06-30,8430,THB
2026-06-09,BKK-NRT,BKK,NRT,Japan,Tokyo (Narita),2026-07-01,8940,THB
2026-06-09,BKK-NRT,BKK,NRT,Japan,Tokyo (Narita),2026-07-02,10080,THB
2026-06-09,BKK-NRT,BKK,NRT,Japan,Tokyo (Narita),2026-07-03,10230,THB
2026-06-09,BKK-NRT,BKK,NRT,Japan,Tokyo (Narita),2026-07-04,10890,THB
2026-06-09,BKK-NRT,BKK,NRT,Japan,Tokyo (Narita),2026-07-05,10060,THB
2026-06-09,BKK-NRT,BKK,NRT,Japan,Tokyo (Narita),2026-07-06,9320,THB
2026-06-09,BKK-NRT,BKK,NRT,Japan,Tokyo (Narita),2026-07-07,9170,THB
2026-06-09,BKK-NRT,BKK,NRT,Japan,Tokyo (Narita),2026-07-08,8820,THB
2026-06-09,BKK-NRT,BKK,NRT,Japan,Tokyo (Narita),2026-07-09,9630,THB
2026-06-09,BKK-NRT,BKK,NRT,Japan,Tokyo (Narita),2026-07-10,11090,THB
2026-06-09,BKK-NRT,BKK,NRT,Japan,Tokyo (Narita),2026-07-11,9850,THB
2026-06-09,BKK-NRT,BKK,NRT,Japan,Tokyo (Narita),2026-07-12,10640,THB
2026-06-09,BKK-NRT,BKK,NRT,Japan,Tokyo (Narita),2026-07-13,9620,THB
2026-06-09,BKK-NRT,BKK,NRT,Japan,Tokyo (Narita),2026-07-14,8940,THB
2026-06-09,BKK-NRT,BKK,NRT,Japan,Tokyo (Narita),2026-07-15,9040,THB
2026-06-09,BKK-NRT,BKK,NRT,Japan,Tokyo (Narita),2026-07-16,10220,THB
2026-06-09,BKK-NRT,BKK,NRT,Japan,Tokyo (Narita),2026-07-17,9880,THB
2026-06-09,BKK-NRT,BKK,NRT,Japan,Tokyo (Narita),2026-07-18,9680,THB
2026-06-09,BKK-NRT,BKK,NRT,Japan,Tokyo (Narita),2026-07-19,11430,THB
2026-06-09,BKK-NRT,BKK,NRT,Japan,Tokyo (Narita),2026-07-20,9010,THB
2026-06-09,BKK-NRT,BKK,NRT,Japan,Tokyo (Narita),2026-07-21,8400,THB
2026-06-09,BKK-NRT,BKK,NRT,Japan,Tokyo (Narita),2026-07-22,8470,THB
2026-06-09,BKK-NRT,BKK,NRT,Japan,Tokyo (Narita),2026-07-23,9420,THB
2026-06-09,BKK-NRT,BKK,NRT,Japan,Tokyo (Narita),2026-07-24,10270,THB
2026-06-09,BKK-NRT,BKK,NRT,Japan,Tokyo (Narita),2026-07-25,9630,THB
2026-06-09,BKK-NRT,BKK,NRT,Japan,Tokyo (Narita),2026-07-26,10510,THB
2026-06-09,BKK-NRT,BKK,NRT,Japan,Tokyo (Narita),2026-07-27,9990,THB
2026-06-09,BKK-NRT,BKK,NRT,Japan,Tokyo (Narita),2026-07-28,8930,THB
2026-06-09,BKK-NRT,BKK,NRT,Japan,Tokyo (Narita),2026-07-29,9040,THB
2026-06-09,BKK-NRT,BKK,NRT,Japan,Tokyo (Narita),2026-07-30,8890,THB
2026-06-09,BKK-NRT,BKK,NRT,Japan,Tokyo (Narita),2026-07-31,10950,THB
2026-06-09,BKK-NRT,BKK,NRT,Japan,Tokyo (Narita),2026-08-01,9640,THB
2026-06-09,BKK-NRT,BKK,NRT,Japan,Tokyo (Narita),2026-08-02,10390,THB
2026-06-09,BKK-NRT,BKK,NRT,Japan,Tokyo (Narita),2026-08-03,9290,THB
2026-06-09,BKK-NRT,BKK,NRT,Japan,Tokyo (Narita),2026-08-04,9630,THB
2026-06-09,BKK-NRT,BKK,NRT,Japan,Tokyo (Narita),2026-08-05,8460,THB
2026-06-09,BKK-NRT,BKK,NRT,Japan,Tokyo (Narita),2026-08-06,10230,THB
2026-06-09,BKK-NRT,BKK,NRT,Japan,Tokyo (Narita),2026-08-07,11240,THB
2026-06-09,BKK-NRT,BKK,NRT,Japan,Tokyo (Narita),2026-08-08,10600,THB
2026-06-09,BKK-NRT,BKK,NRT,Japan,Tokyo (Narita),2026-08-09,10840,THB
2026-06-09,BKK-NRT,BKK,NRT,Japan,Tokyo (Narita),2026-08-10,9020,THB
2026-06-09,BKK-NRT,BKK,NRT,Japan,Tokyo (Narita),2026-08-11,9450,THB
2026-06-09,BKK-NRT,BKK,NRT,Japan,Tokyo (Narita),2026-08-12,8990,THB
2026-06-09,BKK-NRT,BKK,NRT,Japan,Tokyo (Narita),2026-08-13,9790,THB
2026-06-09,BKK-NRT,BKK,NRT,Japan,Tokyo (Narita),2026-08-14,10100,THB
2026-06-09,BKK-NRT,BKK,NRT,Japan,Tokyo (Narita),2026-08-15,9980,THB
2026-06-09,BKK-NRT,BKK,NRT,Japan,Tokyo (Narita),2026-08-16,11170,THB
2026-06-09,BKK-NRT,BKK,NRT,Japan,Tokyo (Narita),2026-08-17,9230,THB
2026-06-09,BKK-NRT,BKK,NRT,Japan,Tokyo (Narita),2026-08-18,9000,THB
2026-06-09,BKK-NRT,BKK,NRT,Japan,Tokyo (Narita),2026-08-19,9110,THB
2026-06-09,BKK-NRT,BKK,NRT,Japan,Tokyo (Narita),2026-08-20,9560,THB
2026-06-09,BKK-NRT,BKK,NRT,Japan,Tokyo (Narita),2026-08-21,11220,THB
2026-06-09,BKK-NRT,BKK,NRT,Japan,Tokyo (Narita),2026-08-22,10530,THB
2026-06-09,BKK-NRT,BKK,NRT,Japan,Tokyo (Narita),2026-08-23,10180,THB
2026-06-09,BKK-NRT,BKK,NRT,Japan,Tokyo (Narita),2026-08-24,9510,THB
2026-06-09,BKK-NRT,BKK,NRT,Japan,Tokyo (Narita),2026-08-25,8760,THB
2026-06-09,BKK-NRT,BKK,NRT,Japan,Tokyo (Narita),2026-08-26,9130,THB
2026-06-09,BKK-NRT,BKK,NRT,Japan,Tokyo (Narita),2026-08-27,9600,THB
2026-06-09,BKK-NRT,BKK,NRT,Japan,Tokyo (Narita),2026-08-28,11290,THB
2026-06-09,BKK-NRT,BKK,NRT,Japan,Tokyo (Narita),2026-08-29,10360,THB
2026-06-09,BKK-NRT,BKK,NRT,Japan,Tokyo (Narita),2026-08-30,11300,THB
2026-06-09,BKK-NRT,BKK,NRT,Japan,Tokyo (Narita),2026-08-31,8810,THB
2026-06-09,BKK-NRT,BKK,NRT,Japan,Tokyo (Narita),2026-09-01,9530,THB
2026-06-09,BKK-NRT,BKK,NRT,Japan,Tokyo (Narita),2026-09-02,8580,THB
2026-06-09,BKK-NRT,BKK,NRT,Japan,Tokyo (Narita),2026-09-03,10360,THB
2026-06-09,BKK-NRT,BKK,NRT,Japan,Tokyo (Narita),2026-09-04,11340,THB
2026-06-09,BKK-NRT,BKK,NRT,Japan,Tokyo (Narita),2026-09-05,9740,THB
2026-06-09,BKK-NRT,BKK,NRT,Japan,Tokyo (Narita),2026-09-06,11550,THB
2026-06-09,BKK-NRT,BKK,NRT,Japan,Tokyo (Narita),2026-09-07,9350,THB
2026-06-09,BKK-NRT,BKK,NRT,Japan,Tokyo (Narita),2026-09-08,8460,THB
2026-06-09,BKK-NRT,BKK,NRT,Japan,Tokyo (Narita),2026-09-09,9290,THB
2026-06-09,BKK-NRT,BKK,NRT,Japan,Tokyo (Narita),2026-09-10,9260,THB
2026-06-09,BKK-NRT,BKK,NRT,Japan,Tokyo (Narita),2026-09-11,9980,THB
2026-06-09,BKK-NRT,BKK,NRT,Japan,Tokyo (Narita),2026-09-12,9830,THB
2026-06-09,BKK-NRT,BKK,NRT,Japan,Tokyo (Narita),2026-09-13,10830,THB
2026-06-09,BKK-NRT,BKK,NRT,Japan,Tokyo (Narita),2026-09-14,8860,THB
2026-06-09,BKK-NRT,BKK,NRT,Japan,Tokyo (Narita),2026-09-15,9530,THB
2026-06-09,BKK-NRT,BKK,NRT,Japan,Tokyo (Narita),2026-09-16,9350,THB
2026-06-09,BKK-NRT,BKK,NRT,Japan,Tokyo (Narita),2026-09-17,10230,THB
2026-06-09,BKK-NRT,BKK,NRT,Japan,Tokyo (Narita),2026-09-18,11150,THB
2026-06-09,BKK-NRT,BKK,NRT,Japan,Tokyo (Narita),2026-09-19,11030,THB
2026-06-09,BKK-NRT,BKK,NRT,Japan,Tokyo (Narita),2026-09-20,10350,THB
2026-06-09,BKK-NRT,BKK,NRT,Japan,Tokyo (Narita),2026-09-21,9140,THB
2026-06-09,BKK-NRT,BKK,NRT,Japan,Tokyo (Narita),2026-09-22,8830,THB
2026-06-09,BKK-NRT,BKK,NRT,Japan,Tokyo (Narita),2026-09-23,9610,THB
2026-06-09,BKK-NRT,BKK,NRT,Japan,Tokyo (Narita),2026-09-24,9090,THB
2026-06-09,BKK-NRT,BKK,NRT,Japan,Tokyo (Narita),2026-09-25,11520,THB
2026-06-09,BKK-NRT,BKK,NRT,Japan,Tokyo (Narita),2026-09-26,10100,THB
2026-06-09,BKK-NRT,BKK,NRT,Japan,Tokyo (Narita),2026-09-27,11720,THB
2026-06-09,BKK-NRT,BKK,NRT,Japan,Tokyo (Narita),2026-09-28,9330,THB
2026-06-09,BKK-NRT,BKK,NRT,Japan,Tokyo (Narita),2026-09-29,9630,THB
2026-06-09,BKK-NRT,BKK,NRT,Japan,Tokyo (Narita),2026-09-30,8380,THB
2026-06-09,BKK-NRT,BKK,NRT,Japan,Tokyo (Narita),2026-10-01,9320,THB
2026-06-09,BKK-NRT,BKK,NRT,Japan,Tokyo (Narita),2026-10-02,10360,THB
2026-06-09,BKK-NRT,BKK,NRT,Japan,Tokyo (Narita),2026-10-03,9800,THB
2026-06-09,BKK-NRT,BKK,NRT,Japan,Tokyo (Narita),2026-10-04,11490,THB
2026-06-09,BKK-NRT,BKK,NRT,Japan,Tokyo (Narita),2026-10-05,8960,THB
2026-06-09,BKK-NRT,BKK,NRT,Japan,Tokyo (Narita),2026-10-06,9080,THB
2026-06-09,BKK-NRT,BKK,NRT,Japan,Tokyo (Narita),2026-10-07,9290,THB
2026-06-09,BKK-NRT,BKK,NRT,Japan,Tokyo (Narita),2026-10-08,9100,THB
2026-06-09,BKK-NRT,BKK,NRT,Japan,Tokyo (Narita),2026-10-09,10290,THB
2026-06-09,BKK-NRT,BKK,NRT,Japan,Tokyo (Narita),2026-10-10,9690,THB
2026-06-09,BKK-NRT,BKK,NRT,Japan,Tokyo (Narita),2026-10-11,11160,THB
2026-06-09,BKK-NRT,BKK,NRT,Japan,Tokyo (Narita),2026-10-12,10060,THB
2026-06-09,BKK-NRT,BKK,NRT,Japan,Tokyo (Narita),2026-10-13,9600,THB
2026-06-09,BKK-NRT,BKK,NRT,Japan,Tokyo (Narita),2026-10-14,8870,THB
2026-06-09,BKK-NRT,BKK,NRT,Japan,Tokyo (Narita),2026-10-15,10130,THB
2026-06-09,BKK-NRT,BKK,NRT,Japan,Tokyo (Narita),2026-10-16,11120,THB
2026-06-09,BKK-NRT,BKK,NRT,Japan,Tokyo (Narita),2026-10-17,11230,THB
2026-06-09,BKK-NRT,BKK,NRT,Japan,Tokyo (Narita),2026-10-18,11280,THB
2026-06-09,BKK-NRT,BKK,NRT,Japan,Tokyo (Narita),2026-10-19,9500,THB
2026-06-09,BKK-NRT,BKK,NRT,Japan,Tokyo (Narita),2026-10-20,9570,THB
2026-06-09,BKK-NRT,BKK,NRT,Japan,Tokyo (Narita),2026-10-21,9210,THB
2026-06-09,BKK-NRT,BKK,NRT,Japan,Tokyo (Narita),2026-10-22,9750,THB
2026-06-09,BKK-NRT,BKK,NRT,Japan,Tokyo (Narita),2026-10-23,11390,THB
2026-06-09,BKK-NRT,BKK,NRT,Japan,Tokyo (Narita),2026-10-24,11060,THB
2026-06-09,BKK-NRT,BKK,NRT,Japan,Tokyo (Narita),2026-10-25,11560,THB
2026-06-09,BKK-NRT,BKK,NRT,Japan,Tokyo (Narita),2026-10-26,9780,THB
2026-06-09,BKK-NRT,BKK,NRT,Japan,Tokyo (Narita),2026-10-27,8660,THB
2026-06-09,BKK-NRT,BKK,NRT,Japan,Tokyo (Narita),2026-10-28,8460,THB
2026-06-09,BKK-NRT,BKK,NRT,Japan,Tokyo (Narita),2026-10-29,9370,THB
2026-06-09,BKK-NRT,BKK,NRT,Japan,Tokyo (Narita),2026-10-30,11150,THB
2026-06-09,BKK-NRT,BKK,NRT,Japan,Tokyo (Narita),2026-10-31,10070,THB
2026-06-09,BKK-NRT,BKK,NRT,Japan,Tokyo (Narita),2026-11-01,10940,THB
2026-06-09,BKK-NRT,BKK,NRT,Japan,Tokyo (Narita),2026-11-02,10080,THB
2026-06-09,BKK-NRT,BKK,NRT,Japan,Tokyo (Narita),2026-11-03,9110,THB
2026-06-09,BKK-NRT,BKK,NRT,Japan,Tokyo (Narita),2026-11-04,9620,THB
2026-06-09,BKK-NRT,BKK,NRT,Japan,Tokyo (Narita),2026-11-05,9530,THB
2026-06-09,BKK-NRT,BKK,NRT,Japan,Tokyo (Narita),2026-11-06,11500,THB
2026-06-09,BKK-NRT,BKK,NRT,Japan,Tokyo (Narita),2026-11-07,10240,THB
2026-06-09,BKK-NRT,BKK,NRT,Japan,Tokyo (Narita),2026-11-08,11880,THB
2026-06-09,BKK-NRT,BKK,NRT,Japan,Tokyo (Narita),2026-11-09,8950,THB
2026-06-09,BKK-NRT,BKK,NRT,Japan,Tokyo (Narita),2026-11-10,9660,THB
2026-06-09,BKK-NRT,BKK,NRT,Japan,Tokyo (Narita),2026-11-11,9190,THB
2026-06-09,BKK-NRT,BKK,NRT,Japan,Tokyo (Narita),2026-11-12,9790,THB
2026-06-09,BKK-NRT,BKK,NRT,Japan,Tokyo (Narita),2026-11-13,10550,THB
2026-06-09,BKK-NRT,BKK,NRT,Japan,Tokyo (Narita),2026-11-14,9970,THB
2026-06-09,BKK-NRT,BKK,NRT,Japan,Tokyo (Narita),2026-11-15,10670,THB
2026-06-09,BKK-NRT,BKK,NRT,Japan,Tokyo (Narita),2026-11-16,9680,THB
2026-06-09,BKK-NRT,BKK,NRT,Japan,Tokyo (Narita),2026-11-17,8850,THB
2026-06-09,BKK-NRT,BKK,NRT,Japan,Tokyo (Narita),2026-11-18,9300,THB
2026-06-09,BKK-NRT,BKK,NRT,Japan,Tokyo (Narita),2026-11-19,9510,THB
2026-06-09,BKK-NRT,BKK,NRT,Japan,Tokyo (Narita),2026-11-20,10500,THB
2026-06-09,BKK-NRT,BKK,NRT,Japan,Tokyo (Narita),2026-11-21,10070,THB
2026-06-09,BKK-NRT,BKK,NRT,Japan,Tokyo (Narita),2026-11-22,11900,THB
2026-06-09,BKK-NRT,BKK,NRT,Japan,Tokyo (Narita),2026-11-23,9500,THB
2026-06-09,BKK-NRT,BKK,NRT,Japan,Tokyo (Narita),2026-11-24,9410,THB
2026-06-09,BKK-NRT,BKK,NRT,Japan,Tokyo (Narita),2026-11-25,8470,THB
2026-06-09,BKK-NRT,BKK,NRT,Japan,Tokyo (Narita),2026-11-26,9930,THB
2026-06-09,BKK-NRT,BKK,NRT,Japan,Tokyo (Narita),2026-11-27,10160,THB
2026-06-09,BKK-NRT,BKK,NRT,Japan,Tokyo (Narita),2026-11-28,10790,THB
2026-06-09,BKK-NRT,BKK,NRT,Japan,Tokyo (Narita),2026-11-29,10420,THB
2026-06-09,BKK-NRT,BKK,NRT,Japan,Tokyo (Narita),2026-11-30,9450,THB
2026-06-09,BKK-NRT,BKK,NRT,Japan,Tokyo (Narita),2026-12-01,8710,THB
2026-06-09,BKK-NRT,BKK,NRT,Japan,Tokyo (Narita),2026-12-02,9190,THB
2026-06-09,BKK-NRT,BKK,NRT,Japan,Tokyo (Narita),2026-12-03,9060,THB
2026-06-09,BKK-NRT,BKK,NRT,Japan,Tokyo (Narita),2026-12-04,10680,THB
2026-06-09,BKK-NRT,BKK,NRT,Japan,Tokyo (Narita),2026-12-05,9270,THB
2026-06-09,BKK-NRT,BKK,NRT,Japan,Tokyo (Narita),2026-12-06,11340,THB
2026-06-09,BKK-NRT,BKK,NRT,Japan,Tokyo (Narita),2026-12-07,8710,THB
2026-06-09,BKK-NRT,BKK,NRT,Japan,Tokyo (Narita),2026-12-08,8160,THB
2026-06-09,BKK-HND,BKK,HND,Japan,Tokyo (Haneda),2026-06-12,11300,THB
2026-06-09,BKK-HND,BKK,HND,Japan,Tokyo (Haneda),2026-06-13,11040,THB
2026-06-09,BKK-HND,BKK,HND,Japan,Tokyo (Haneda),2026-06-14,11740,THB
2026-06-09,BKK-HND,BKK,HND,Japan,Tokyo (Haneda),2026-06-15,10310,THB
2026-06-09,BKK-HND,BKK,HND,Japan,Tokyo (Haneda),2026-06-16,9440,THB
2026-06-09,BKK-HND,BKK,HND,Japan,Tokyo (Haneda),2026-06-17,8810,THB
2026-06-09,BKK-HND,BKK,HND,Japan,Tokyo (Haneda),2026-06-18,10590,THB
2026-06-09,BKK-HND,BKK,HND,Japan,Tokyo (Haneda),2026-06-19,10920,THB
2026-06-09,BKK-HND,BKK,HND,Japan,Tokyo (Haneda),2026-06-20,11610,THB
2026-06-09,BKK-HND,BKK,HND,Japan,Tokyo (Haneda),2026-06-21,10850,THB
2026-06-09,BKK-HND,BKK,HND,Japan,Tokyo (Haneda),2026-06-22,10510,THB
2026-06-09,BKK-HND,BKK,HND,Japan,Tokyo (Haneda),2026-06-23,8760,THB
2026-06-09,BKK-HND,BKK,HND,Japan,Tokyo (Haneda),2026-06-24,8940,THB
2026-06-09,BKK-HND,BKK,HND,Japan,Tokyo (Haneda),2026-06-25,9400,THB
2026-06-09,BKK-HND,BKK,HND,Japan,Tokyo (Haneda),2026-06-26,12100,THB
2026-06-09,BKK-HND,BKK,HND,Japan,Tokyo (Haneda),2026-06-27,11640,THB
2026-06-09,BKK-HND,BKK,HND,Japan,Tokyo (Haneda),2026-06-28,11820,THB
2026-06-09,BKK-HND,BKK,HND,Japan,Tokyo (Haneda),2026-06-29,9840,THB
2026-06-09,BKK-HND,BKK,HND,Japan,Tokyo (Haneda),2026-06-30,9980,THB
2026-06-09,BKK-HND,BKK,HND,Japan,Tokyo (Haneda),2026-07-01,9620,THB
2026-06-09,BKK-HND,BKK,HND,Japan,Tokyo (Haneda),2026-07-02,10020,THB
2026-06-09,BKK-HND,BKK,HND,Japan,Tokyo (Haneda),2026-07-03,11590,THB
2026-06-09,BKK-HND,BKK,HND,Japan,Tokyo (Haneda),2026-07-04,10620,THB
2026-06-09,BKK-HND,BKK,HND,Japan,Tokyo (Haneda),2026-07-05,10700,THB
2026-06-09,BKK-HND,BKK,HND,Japan,Tokyo (Haneda),2026-07-06,10680,THB
2026-06-09,BKK-HND,BKK,HND,Japan,Tokyo (Haneda),2026-07-07,9300,THB
2026-06-09,BKK-HND,BKK,HND,Japan,Tokyo (Haneda),2026-07-08,9790,THB
2026-06-09,BKK-HND,BKK,HND,Japan,Tokyo (Haneda),2026-07-09,9400,THB
2026-06-09,BKK-HND,BKK,HND,Japan,Tokyo (Haneda),2026-07-10,11640,THB
2026-06-09,BKK-HND,BKK,HND,Japan,Tokyo (Haneda),2026-07-11,10950,THB
2026-06-09,BKK-HND,BKK,HND,Japan,Tokyo (Haneda),2026-07-12,10650,THB
2026-06-09,BKK-HND,BKK,HND,Japan,Tokyo (Haneda),2026-07-13,10080,THB
2026-06-09,BKK-HND,BKK,HND,Japan,Tokyo (Haneda),2026-07-14,8780,THB
2026-06-09,BKK-HND,BKK,HND,Japan,Tokyo (Haneda),2026-07-15,10030,THB
2026-06-09,BKK-HND,BKK,HND,Japan,Tokyo (Haneda),2026-07-16,10390,THB
2026-06-09,BKK-HND,BKK,HND,Japan,Tokyo (Haneda),2026-07-17,12100,THB
2026-06-09,BKK-HND,BKK,HND,Japan,Tokyo (Haneda),2026-07-18,11700,THB
2026-06-09,BKK-HND,BKK,HND,Japan,Tokyo (Haneda),2026-07-19,11970,THB
2026-06-09,BKK-HND,BKK,HND,Japan,Tokyo (Haneda),2026-07-20,9410,THB
2026-06-09,BKK-HND,BKK,HND,Japan,Tokyo (Haneda),2026-07-21,9300,THB
2026-06-09,BKK-HND,BKK,HND,Japan,Tokyo (Haneda),2026-07-22,9150,THB
2026-06-09,BKK-HND,BKK,HND,Japan,Tokyo (Haneda),2026-07-23,10700,THB
2026-06-09,BKK-HND,BKK,HND,Japan,Tokyo (Haneda),2026-07-24,10510,THB
2026-06-09,BKK-HND,BKK,HND,Japan,Tokyo (Haneda),2026-07-25,10370,THB
2026-06-09,BKK-HND,BKK,HND,Japan,Tokyo (Haneda),2026-07-26,10880,THB
2026-06-09,BKK-HND,BKK,HND,Japan,Tokyo (Haneda),2026-07-27,9960,THB
2026-06-09,BKK-HND,BKK,HND,Japan,Tokyo (Haneda),2026-07-28,10040,THB
2026-06-09,BKK-HND,BKK,HND,Japan,Tokyo (Haneda),2026-07-29,8730,THB
2026-06-09,BKK-HND,BKK,HND,Japan,Tokyo (Haneda),2026-07-30,9620,THB
2026-06-09,BKK-HND,BKK,HND,Japan,Tokyo (Haneda),2026-07-31,11810,THB
2026-06-09,BKK-HND,BKK,HND,Japan,Tokyo (Haneda),2026-08-01,11600,THB
2026-06-09,BKK-HND,BKK,HND,Japan,Tokyo (Haneda),2026-08-02,11660,THB
2026-06-09,BKK-HND,BKK,HND,Japan,Tokyo (Haneda),2026-08-03,10380,THB
2026-06-09,BKK-HND,BKK,HND,Japan,Tokyo (Haneda),2026-08-04,9340,THB
2026-06-09,BKK-HND,BKK,HND,Japan,Tokyo (Haneda),2026-08-05,9380,THB
2026-06-09,BKK-HND,BKK,HND,Japan,Tokyo (Haneda),2026-08-06,9790,THB
2026-06-09,BKK-HND,BKK,HND,Japan,Tokyo (Haneda),2026-08-07,11050,THB
2026-06-09,BKK-HND,BKK,HND,Japan,Tokyo (Haneda),2026-08-08,11540,THB
2026-06-09,BKK-HND,BKK,HND,Japan,Tokyo (Haneda),2026-08-09,11190,THB
2026-06-09,BKK-HND,BKK,HND,Japan,Tokyo (Haneda),2026-08-10,9250,THB
2026-06-09,BKK-HND,BKK,HND,Japan,Tokyo (Haneda),2026-08-11,10130,THB
2026-06-09,BKK-HND,BKK,HND,Japan,Tokyo (Haneda),2026-08-12,9990,THB
2026-06-09,BKK-HND,BKK,HND,Japan,Tokyo (Haneda),2026-08-13,9940,THB
2026-06-09,BKK-HND,BKK,HND,Japan,Tokyo (Haneda),2026-08-14,11240,THB
2026-06-09,BKK-HND,BKK,HND,Japan,Tokyo (Haneda),2026-08-15,11670,THB
2026-06-09,BKK-HND,BKK,HND,Japan,Tokyo (Haneda),2026-08-16,11560,THB
2026-06-09,BKK-HND,BKK,HND,Japan,Tokyo (Haneda),2026-08-17,10300,THB
2026-06-09,BKK-HND,BKK,HND,Japan,Tokyo (Haneda),2026-08-18,9180,THB
2026-06-09,BKK-HND,BKK,HND,Japan,Tokyo (Haneda),2026-08-19,9440,THB
2026-06-09,BKK-HND,BKK,HND,Japan,Tokyo (Haneda),2026-08-20,10510,THB
2026-06-09,BKK-HND,BKK,HND,Japan,Tokyo (Haneda),2026-08-21,11460,THB
2026-06-09,BKK-HND,BKK,HND,Japan,Tokyo (Haneda),2026-08-22,11560,THB
2026-06-09,BKK-HND,BKK,HND,Japan,Tokyo (Haneda),2026-08-23,11350,THB
2026-06-09,BKK-HND,BKK,HND,Japan,Tokyo (Haneda),2026-08-24,9690,THB
2026-06-09,BKK-HND,BKK,HND,Japan,Tokyo (Haneda),2026-08-25,8900,THB
2026-06-09,BKK-HND,BKK,HND,Japan,Tokyo (Haneda),2026-08-26,9650,THB
2026-06-09,BKK-HND,BKK,HND,Japan,Tokyo (Haneda),2026-08-27,9620,THB
2026-06-09,BKK-HND,BKK,HND,Japan,Tokyo (Haneda),2026-08-28,10690,THB
2026-06-09,BKK-HND,BKK,HND,Japan,Tokyo (Haneda),2026-08-29,10900,THB
2026-06-09,BKK-HND,BKK,HND,Japan,Tokyo (Haneda),2026-08-30,11470,THB
2026-06-09,BKK-HND,BKK,HND,Japan,Tokyo (Haneda),2026-08-31,9900,THB
2026-06-09,BKK-HND,BKK,HND,Japan,Tokyo (Haneda),2026-09-01,8960,THB
2026-06-09,BKK-HND,BKK,HND,Japan,Tokyo (Haneda),2026-09-02,8920,THB
2026-06-09,BKK-HND,BKK,HND,Japan,Tokyo (Haneda),2026-09-03,10540,THB
2026-06-09,BKK-HND,BKK,HND,Japan,Tokyo (Haneda),2026-09-04,11170,THB
2026-06-09,BKK-HND,BKK,HND,Japan,Tokyo (Haneda),2026-09-05,10670,THB
2026-06-09,BKK-HND,BKK,HND,Japan,Tokyo (Haneda),2026-09-06,10730,THB
2026-06-09,BKK-HND,BKK,HND,Japan,Tokyo (Haneda),2026-09-07,10080,THB
2026-06-09,BKK-HND,BKK,HND,Japan,Tokyo (Haneda),2026-09-08,8920,THB
2026-06-09,BKK-HND,BKK,HND,Japan,Tokyo (Haneda),2026-09-09,9780,THB
2026-06-09,BKK-HND,BKK,HND,Japan,Tokyo (Haneda),2026-09-10,10600,THB
2026-06-09,BKK-HND,BKK,HND,Japan,Tokyo (Haneda),2026-09-11,11170,THB
2026-06-09,BKK-HND,BKK,HND,Japan,Tokyo (Haneda),2026-09-12,10580,THB
2026-06-09,BKK-HND,BKK,HND,Japan,Tokyo (Haneda),2026-09-13,10720,THB
2026-06-09,BKK-HND,BKK,HND,Japan,Tokyo (Haneda),2026-09-14,10730,THB
2026-06-09,BKK-HND,BKK,HND,Japan,Tokyo (Haneda),2026-09-15,9320,THB
2026-06-09,BKK-HND,BKK,HND,Japan,Tokyo (Haneda),2026-09-16,9350,THB
2026-06-09,BKK-HND,BKK,HND,Japan,Tokyo (Haneda),2026-09-17,10470,THB
2026-06-09,BKK-HND,BKK,HND,Japan,Tokyo (Haneda),2026-09-18,12180,THB
2026-06-09,BKK-HND,BKK,HND,Japan,Tokyo (Haneda),2026-09-19,10260,THB
2026-06-09,BKK-HND,BKK,HND,Japan,Tokyo (Haneda),2026-09-20,12360,THB
2026-06-09,BKK-HND,BKK,HND,Japan,Tokyo (Haneda),2026-09-21,9320,THB
2026-06-09,BKK-HND,BKK,HND,Japan,Tokyo (Haneda),2026-09-22,9640,THB
2026-06-09,BKK-HND,BKK,HND,Japan,Tokyo (Haneda),2026-09-23,9230,THB
2026-06-09,BKK-HND,BKK,HND,Japan,Tokyo (Haneda),2026-09-24,10300,THB
2026-06-09,BKK-HND,BKK,HND,Japan,Tokyo (Haneda),2026-09-25,10550,THB
2026-06-09,BKK-HND,BKK,HND,Japan,Tokyo (Haneda),2026-09-26,10800,THB
2026-06-09,BKK-HND,BKK,HND,Japan,Tokyo (Haneda),2026-09-27,10680,THB
2026-06-09,BKK-HND,BKK,HND,Japan,Tokyo (Haneda),2026-09-28,10750,THB
2026-06-09,BKK-HND,BKK,HND,Japan,Tokyo (Haneda),2026-09-29,10140,THB
2026-06-09,BKK-HND,BKK,HND,Japan,Tokyo (Haneda),2026-09-30,9630,THB
2026-06-09,BKK-HND,BKK,HND,Japan,Tokyo (Haneda),2026-10-01,10680,THB
2026-06-09,BKK-HND,BKK,HND,Japan,Tokyo (Haneda),2026-10-02,11600,THB
2026-06-09,BKK-HND,BKK,HND,Japan,Tokyo (Haneda),2026-10-03,11550,THB
2026-06-09,BKK-HND,BKK,HND,Japan,Tokyo (Haneda),2026-10-04,12220,THB
2026-06-09,BKK-HND,BKK,HND,Japan,Tokyo (Haneda),2026-10-05,9330,THB
2026-06-09,BKK-HND,BKK,HND,Japan,Tokyo (Haneda),2026-10-06,9690,THB
2026-06-09,BKK-HND,BKK,HND,Japan,Tokyo (Haneda),2026-10-07,10270,THB
2026-06-09,BKK-HND,BKK,HND,Japan,Tokyo (Haneda),2026-10-08,9410,THB
2026-06-09,BKK-HND,BKK,HND,Japan,Tokyo (Haneda),2026-10-09,12150,THB
2026-06-09,BKK-HND,BKK,HND,Japan,Tokyo (Haneda),2026-10-10,11080,THB
2026-06-09,BKK-HND,BKK,HND,Japan,Tokyo (Haneda),2026-10-11,11960,THB
2026-06-09,BKK-HND,BKK,HND,Japan,Tokyo (Haneda),2026-10-12,10230,THB
2026-06-09,BKK-HND,BKK,HND,Japan,Tokyo (Haneda),2026-10-13,8960,THB
2026-06-09,BKK-HND,BKK,HND,Japan,Tokyo (Haneda),2026-10-14,10100,THB
2026-06-09,BKK-HND,BKK,HND,Japan,Tokyo (Haneda),2026-10-15,10950,THB
2026-06-09,BKK-HND,BKK,HND,Japan,Tokyo (Haneda),2026-10-16,11360,THB
2026-06-09,BKK-HND,BKK,HND,Japan,Tokyo (Haneda),2026-10-17,10380,THB
2026-06-09,BKK-HND,BKK,HND,Japan,Tokyo (Haneda),2026-10-18,11940,THB
2026-06-09,BKK-HND,BKK,HND,Japan,Tokyo (Haneda),2026-10-19,10600,THB
2026-06-09,BKK-HND,BKK,HND,Japan,Tokyo (Haneda),2026-10-20,9160,THB
2026-06-09,BKK-HND,BKK,HND,Japan,Tokyo (Haneda),2026-10-21,9780,THB
2026-06-09,BKK-HND,BKK,HND,Japan,Tokyo (Haneda),2026-10-22,10530,THB
2026-06-09,BKK-HND,BKK,HND,Japan,Tokyo (Haneda),2026-10-23,11760,THB
2026-06-09,BKK-HND,BKK,HND,Japan,Tokyo (Haneda),2026-10-24,11470,THB
2026-06-09,BKK-HND,BKK,HND,Japan,Tokyo (Haneda),2026-10-25,11280,THB
2026-06-09,BKK-HND,BKK,HND,Japan,Tokyo (Haneda),2026-10-26,9730,THB
2026-06-09,BKK-HND,BKK,HND,Japan,Tokyo (Haneda),2026-10-27,8810,THB
2026-06-09,BKK-HND,BKK,HND,Japan,Tokyo (Haneda),2026-10-28,9960,THB
2026-06-09,BKK-HND,BKK,HND,Japan,Tokyo (Haneda),2026-10-29,10370,THB
2026-06-09,BKK-HND,BKK,HND,Japan,Tokyo (Haneda),2026-10-30,11980,THB
2026-06-09,BKK-HND,BKK,HND,Japan,Tokyo (Haneda),2026-10-31,10750,THB
2026-06-09,BKK-HND,BKK,HND,Japan,Tokyo (Haneda),2026-11-01,11560,THB
2026-06-09,BKK-HND,BKK,HND,Japan,Tokyo (Haneda),2026-11-02,9990,THB
2026-06-09,BKK-HND,BKK,HND,Japan,Tokyo (Haneda),2026-11-03,9070,THB
2026-06-09,BKK-HND,BKK,HND,Japan,Tokyo (Haneda),2026-11-04,9550,THB
2026-06-09,BKK-HND,BKK,HND,Japan,Tokyo (Haneda),2026-11-05,10710,THB
2026-06-09,BKK-HND,BKK,HND,Japan,Tokyo (Haneda),2026-11-06,11540,THB
2026-06-09,BKK-HND,BKK,HND,Japan,Tokyo (Haneda),2026-11-07,10350,THB
2026-06-09,BKK-HND,BKK,HND,Japan,Tokyo (Haneda),2026-11-08,11730,THB
2026-06-09,BKK-HND,BKK,HND,Japan,Tokyo (Haneda),2026-11-09,9620,THB
2026-06-09,BKK-HND,BKK,HND,Japan,Tokyo (Haneda),2026-11-10,9460,THB
2026-06-09,BKK-HND,BKK,HND,Japan,Tokyo (Haneda),2026-11-11,9070,THB
2026-06-09,BKK-HND,BKK,HND,Japan,Tokyo (Haneda),2026-11-12,10450,THB
2026-06-09,BKK-HND,BKK,HND,Japan,Tokyo (Haneda),2026-11-13,11790,THB
2026-06-09,BKK-HND,BKK,HND,Japan,Tokyo (Haneda),2026-11-14,10230,THB
2026-06-09,BKK-HND,BKK,HND,Japan,Tokyo (Haneda),2026-11-15,11230,THB
2026-06-09,BKK-HND,BKK,HND,Japan,Tokyo (Haneda),2026-11-16,10820,THB
2026-06-09,BKK-HND,BKK,HND,Japan,Tokyo (Haneda),2026-11-17,10070,THB
2026-06-09,BKK-HND,BKK,HND,Japan,Tokyo (Haneda),2026-11-18,9680,THB
2026-06-09,BKK-HND,BKK,HND,Japan,Tokyo (Haneda),2026-11-19,10200,THB
2026-06-09,BKK-HND,BKK,HND,Japan,Tokyo (Haneda),2026-11-20,11540,THB
2026-06-09,BKK-HND,BKK,HND,Japan,Tokyo (Haneda),2026-11-21,10390,THB
2026-06-09,BKK-HND,BKK,HND,Japan,Tokyo (Haneda),2026-11-22,12010,THB
2026-06-09,BKK-HND,BKK,HND,Japan,Tokyo (Haneda),2026-11-23,9360,THB
2026-06-09,BKK-HND,BKK,HND,Japan,Tokyo (Haneda),2026-11-24,9580,THB
2026-06-09,BKK-HND,BKK,HND,Japan,Tokyo (Haneda),2026-11-25,9910,THB
2026-06-09,BKK-HND,BKK,HND,Japan,Tokyo (Haneda),2026-11-26,9470,THB
2026-06-09,BKK-HND,BKK,HND,Japan,Tokyo (Haneda),2026-11-27,11150,THB
2026-06-09,BKK-HND,BKK,HND,Japan,Tokyo (Haneda),2026-11-28,10380,THB
2026-06-09,BKK-HND,BKK,HND,Japan,Tokyo (Haneda),2026-11-29,10830,THB
2026-06-09,BKK-HND,BKK,HND,Japan,Tokyo (Haneda),2026-11-30,10090,THB
2026-06-09,BKK-HND,BKK,HND,Japan,Tokyo (Haneda),2026-12-01,9510,THB
2026-06-09,BKK-HND,BKK,HND,Japan,Tokyo (Haneda),2026-12-02,9080,THB
2026-06-09,BKK-HND,BKK,HND,Japan,Tokyo (Haneda),2026-12-03,9660,THB
2026-06-09,BKK-HND,BKK,HND,Japan,Tokyo (Haneda),2026-12-04,10110,THB
2026-06-09,BKK-HND,BKK,HND,Japan,Tokyo (Haneda),2026-12-05,10700,THB
2026-06-09,BKK-HND,BKK,HND,Japan,Tokyo (Haneda),2026-12-06,10500,THB
2026-06-09,BKK-HND,BKK,HND,Japan,Tokyo (Haneda),2026-12-07,9430,THB
2026-06-09,BKK-HND,BKK,HND,Japan,Tokyo (Haneda),2026-12-08,8540,THB
2026-06-09,BKK-KIX,BKK,KIX,Japan,Osaka,2026-06-12,9470,THB
2026-06-09,BKK-KIX,BKK,KIX,Japan,Osaka,2026-06-13,10350,THB
2026-06-09,BKK-KIX,BKK,KIX,Japan,Osaka,2026-06-14,10110,THB
2026-06-09,BKK-KIX,BKK,KIX,Japan,Osaka,2026-06-15,8590,THB
2026-06-09,BKK-KIX,BKK,KIX,Japan,Osaka,2026-06-16,8800,THB
2026-06-09,BKK-KIX,BKK,KIX,Japan,Osaka,2026-06-17,8230,THB
2026-06-09,BKK-KIX,BKK,KIX,Japan,Osaka,2026-06-18,9200,THB
2026-06-09,BKK-KIX,BKK,KIX,Japan,Osaka,2026-06-19,9650,THB
2026-06-09,BKK-KIX,BKK,KIX,Japan,Osaka,2026-06-20,9320,THB
2026-06-09,BKK-KIX,BKK,KIX,Japan,Osaka,2026-06-21,10560,THB
2026-06-09,BKK-KIX,BKK,KIX,Japan,Osaka,2026-06-22,8780,THB
2026-06-09,BKK-KIX,BKK,KIX,Japan,Osaka,2026-06-23,8440,THB
2026-06-09,BKK-KIX,BKK,KIX,Japan,Osaka,2026-06-24,8520,THB
2026-06-09,BKK-KIX,BKK,KIX,Japan,Osaka,2026-06-25,9290,THB
2026-06-09,BKK-KIX,BKK,KIX,Japan,Osaka,2026-06-26,10340,THB
2026-06-09,BKK-KIX,BKK,KIX,Japan,Osaka,2026-06-27,9920,THB
2026-06-09,BKK-KIX,BKK,KIX,Japan,Osaka,2026-06-28,9900,THB
2026-06-09,BKK-KIX,BKK,KIX,Japan,Osaka,2026-06-29,8490,THB
2026-06-09,BKK-KIX,BKK,KIX,Japan,Osaka,2026-06-30,8300,THB
2026-06-09,BKK-KIX,BKK,KIX,Japan,Osaka,2026-07-01,8590,THB
2026-06-09,BKK-KIX,BKK,KIX,Japan,Osaka,2026-07-02,9400,THB
2026-06-09,BKK-KIX,BKK,KIX,Japan,Osaka,2026-07-03,10440,THB
2026-06-09,BKK-KIX,BKK,KIX,Japan,Osaka,2026-07-04,9900,THB
2026-06-09,BKK-KIX,BKK,KIX,Japan,Osaka,2026-07-05,10010,THB
2026-06-09,BKK-KIX,BKK,KIX,Japan,Osaka,2026-07-06,9420,THB
2026-06-09,BKK-KIX,BKK,KIX,Japan,Osaka,2026-07-07,8430,THB
2026-06-09,BKK-KIX,BKK,KIX,Japan,Osaka,2026-07-08,8010,THB
2026-06-09,BKK-KIX,BKK,KIX,Japan,Osaka,2026-07-09,9280,THB
2026-06-09,BKK-KIX,BKK,KIX,Japan,Osaka,2026-07-10,9430,THB
2026-06-09,BKK-KIX,BKK,KIX,Japan,Osaka,2026-07-11,9710,THB
2026-06-09,BKK-KIX,BKK,KIX,Japan,Osaka,2026-07-12,10840,THB
2026-06-09,BKK-KIX,BKK,KIX,Japan,Osaka,2026-07-13,9310,THB
2026-06-09,BKK-KIX,BKK,KIX,Japan,Osaka,2026-07-14,8950,THB
2026-06-09,BKK-KIX,BKK,KIX,Japan,Osaka,2026-07-15,8800,THB
2026-06-09,BKK-KIX,BKK,KIX,Japan,Osaka,2026-07-16,8550,THB
2026-06-09,BKK-KIX,BKK,KIX,Japan,Osaka,2026-07-17,10420,THB
2026-06-09,BKK-KIX,BKK,KIX,Japan,Osaka,2026-07-18,9740,THB
2026-06-09,BKK-KIX,BKK,KIX,Japan,Osaka,2026-07-19,11080,THB
2026-06-09,BKK-KIX,BKK,KIX,Japan,Osaka,2026-07-20,8600,THB
2026-06-09,BKK-KIX,BKK,KIX,Japan,Osaka,2026-07-21,9020,THB
2026-06-09,BKK-KIX,BKK,KIX,Japan,Osaka,2026-07-22,8990,THB
2026-06-09,BKK-KIX,BKK,KIX,Japan,Osaka,2026-07-23,8530,THB
2026-06-09,BKK-KIX,BKK,KIX,Japan,Osaka,2026-07-24,10680,THB
2026-06-09,BKK-KIX,BKK,KIX,Japan,Osaka,2026-07-25,9280,THB
2026-06-09,BKK-KIX,BKK,KIX,Japan,Osaka,2026-07-26,10660,THB
2026-06-09,BKK-KIX,BKK,KIX,Japan,Osaka,2026-07-27,9300,THB
2026-06-09,BKK-KIX,BKK,KIX,Japan,Osaka,2026-07-28,8850,THB
2026-06-09,BKK-KIX,BKK,KIX,Japan,Osaka,2026-07-29,8880,THB
2026-06-09,BKK-KIX,BKK,KIX,Japan,Osaka,2026-07-30,9120,THB
2026-06-09,BKK-KIX,BKK,KIX,Japan,Osaka,2026-07-31,9810,THB
2026-06-09,BKK-KIX,BKK,KIX,Japan,Osaka,2026-08-01,9650,THB
2026-06-09,BKK-KIX,BKK,KIX,Japan,Osaka,2026-08-02,9910,THB
2026-06-09,BKK-KIX,BKK,KIX,Japan,Osaka,2026-08-03,9430,THB
2026-06-09,BKK-KIX,BKK,KIX,Japan,Osaka,2026-08-04,8150,THB
2026-06-09,BKK-KIX,BKK,KIX,Japan,Osaka,2026-08-05,8240,THB
2026-06-09,BKK-KIX,BKK,KIX,Japan,Osaka,2026-08-06,9450,THB
2026-06-09,BKK-KIX,BKK,KIX,Japan,Osaka,2026-08-07,9410,THB
2026-06-09,BKK-KIX,BKK,KIX,Japan,Osaka,2026-08-08,9140,THB
2026-06-09,BKK-KIX,BKK,KIX,Japan,Osaka,2026-08-09,11160,THB
2026-06-09,BKK-KIX,BKK,KIX,Japan,Osaka,2026-08-10,9010,THB
2026-06-09,BKK-KIX,BKK,KIX,Japan,Osaka,2026-08-11,8240,THB
2026-06-09,BKK-KIX,BKK,KIX,Japan,Osaka,2026-08-12,8170,THB
2026-06-09,BKK-KIX,BKK,KIX,Japan,Osaka,2026-08-13,9640,THB
2026-06-09,BKK-KIX,BKK,KIX,Japan,Osaka,2026-08-14,9460,THB
2026-06-09,BKK-KIX,BKK,KIX,Japan,Osaka,2026-08-15,9610,THB
2026-06-09,BKK-KIX,BKK,KIX,Japan,Osaka,2026-08-16,10920,THB
2026-06-09,BKK-KIX,BKK,KIX,Japan,Osaka,2026-08-17,9020,THB
2026-06-09,BKK-KIX,BKK,KIX,Japan,Osaka,2026-08-18,9160,THB
2026-06-09,BKK-KIX,BKK,KIX,Japan,Osaka,2026-08-19,8970,THB
2026-06-09,BKK-KIX,BKK,KIX,Japan,Osaka,2026-08-20,8480,THB
2026-06-09,BKK-KIX,BKK,KIX,Japan,Osaka,2026-08-21,10420,THB
2026-06-09,BKK-KIX,BKK,KIX,Japan,Osaka,2026-08-22,9630,THB
2026-06-09,BKK-KIX,BKK,KIX,Japan,Osaka,2026-08-23,10130,THB
2026-06-09,BKK-KIX,BKK,KIX,Japan,Osaka,2026-08-24,8820,THB
2026-06-09,BKK-KIX,BKK,KIX,Japan,Osaka,2026-08-25,8610,THB
2026-06-09,BKK-KIX,BKK,KIX,Japan,Osaka,2026-08-26,8580,THB
2026-06-09,BKK-KIX,BKK,KIX,Japan,Osaka,2026-08-27,9150,THB
2026-06-09,BKK-KIX,BKK,KIX,Japan,Osaka,2026-08-28,10070,THB
2026-06-09,BKK-KIX,BKK,KIX,Japan,Osaka,2026-08-29,9200,THB
2026-06-09,BKK-KIX,BKK,KIX,Japan,Osaka,2026-08-30,10480,THB
2026-06-09,BKK-KIX,BKK,KIX,Japan,Osaka,2026-08-31,9640,THB
2026-06-09,BKK-KIX,BKK,KIX,Japan,Osaka,2026-09-01,8230,THB
2026-06-09,BKK-KIX,BKK,KIX,Japan,Osaka,2026-09-02,8200,THB
2026-06-09,BKK-KIX,BKK,KIX,Japan,Osaka,2026-09-03,9810,THB
2026-06-09,BKK-KIX,BKK,KIX,Japan,Osaka,2026-09-04,10800,THB
2026-06-09,BKK-KIX,BKK,KIX,Japan,Osaka,2026-09-05,10260,THB
2026-06-09,BKK-KIX,BKK,KIX,Japan,Osaka,2026-09-06,9950,THB
2026-06-09,BKK-KIX,BKK,KIX,Japan,Osaka,2026-09-07,9580,THB
2026-06-09,BKK-KIX,BKK,KIX,Japan,Osaka,2026-09-08,8370,THB
2026-06-09,BKK-KIX,BKK,KIX,Japan,Osaka,2026-09-09,8560,THB
2026-06-09,BKK-KIX,BKK,KIX,Japan,Osaka,2026-09-10,8790,THB
2026-06-09,BKK-KIX,BKK,KIX,Japan,Osaka,2026-09-11,10930,THB
2026-06-09,BKK-KIX,BKK,KIX,Japan,Osaka,2026-09-12,9250,THB
2026-06-09,BKK-KIX,BKK,KIX,Japan,Osaka,2026-09-13,10780,THB
2026-06-09,BKK-KIX,BKK,KIX,Japan,Osaka,2026-09-14,9260,THB
2026-06-09,BKK-KIX,BKK,KIX,Japan,Osaka,2026-09-15,8350,THB
2026-06-09,BKK-KIX,BKK,KIX,Japan,Osaka,2026-09-16,8480,THB
2026-06-09,BKK-KIX,BKK,KIX,Japan,Osaka,2026-09-17,9540,THB
2026-06-09,BKK-KIX,BKK,KIX,Japan,Osaka,2026-09-18,9900,THB
2026-06-09,BKK-KIX,BKK,KIX,Japan,Osaka,2026-09-19,10090,THB
2026-06-09,BKK-KIX,BKK,KIX,Japan,Osaka,2026-09-20,9770,THB
2026-06-09,BKK-KIX,BKK,KIX,Japan,Osaka,2026-09-21,9370,THB
2026-06-09,BKK-KIX,BKK,KIX,Japan,Osaka,2026-09-22,8680,THB
2026-06-09,BKK-KIX,BKK,KIX,Japan,Osaka,2026-09-23,8260,THB
2026-06-09,BKK-KIX,BKK,KIX,Japan,Osaka,2026-09-24,9280,THB
2026-06-09,BKK-KIX,BKK,KIX,Japan,Osaka,2026-09-25,9540,THB
2026-06-09,BKK-KIX,BKK,KIX,Japan,Osaka,2026-09-26,9120,THB
2026-06-09,BKK-KIX,BKK,KIX,Japan,Osaka,2026-09-27,10090,THB
2026-06-09,BKK-KIX,BKK,KIX,Japan,Osaka,2026-09-28,9360,THB
2026-06-09,BKK-KIX,BKK,KIX,Japan,Osaka,2026-09-29,8020,THB
2026-06-09,BKK-KIX,BKK,KIX,Japan,Osaka,2026-09-30,8480,THB
2026-06-09,BKK-KIX,BKK,KIX,Japan,Osaka,2026-10-01,9170,THB
2026-06-09,BKK-KIX,BKK,KIX,Japan,Osaka,2026-10-02,10690,THB
2026-06-09,BKK-KIX,BKK,KIX,Japan,Osaka,2026-10-03,10000,THB
2026-06-09,BKK-KIX,BKK,KIX,Japan,Osaka,2026-10-04,9800,THB
2026-06-09,BKK-KIX,BKK,KIX,Japan,Osaka,2026-10-05,8530,THB
2026-06-09,BKK-KIX,BKK,KIX,Japan,Osaka,2026-10-06,8210,THB
2026-06-09,BKK-KIX,BKK,KIX,Japan,Osaka,2026-10-07,8740,THB
2026-06-09,BKK-KIX,BKK,KIX,Japan,Osaka,2026-10-08,8690,THB
2026-06-09,BKK-KIX,BKK,KIX,Japan,Osaka,2026-10-09,10130,THB
2026-06-09,BKK-KIX,BKK,KIX,Japan,Osaka,2026-10-10,10220,THB
2026-06-09,BKK-KIX,BKK,KIX,Japan,Osaka,2026-10-11,10660,THB
2026-06-09,BKK-KIX,BKK,KIX,Japan,Osaka,2026-10-12,8650,THB
2026-06-09,BKK-KIX,BKK,KIX,Japan,Osaka,2026-10-13,8840,THB
2026-06-09,BKK-KIX,BKK,KIX,Japan,Osaka,2026-10-14,7970,THB
2026-06-09,BKK-KIX,BKK,KIX,Japan,Osaka,2026-10-15,9480,THB
2026-06-09,BKK-KIX,BKK,KIX,Japan,Osaka,2026-10-16,10410,THB
2026-06-09,BKK-KIX,BKK,KIX,Japan,Osaka,2026-10-17,10370,THB
2026-06-09,BKK-KIX,BKK,KIX,Japan,Osaka,2026-10-18,10290,THB
2026-06-09,BKK-KIX,BKK,KIX,Japan,Osaka,2026-10-19,9620,THB
2026-06-09,BKK-KIX,BKK,KIX,Japan,Osaka,2026-10-20,8910,THB
2026-06-09,BKK-KIX,BKK,KIX,Japan,Osaka,2026-10-21,8960,THB
2026-06-09,BKK-KIX,BKK,KIX,Japan,Osaka,2026-10-22,8870,THB
2026-06-09,BKK-KIX,BKK,KIX,Japan,Osaka,2026-10-23,9720,THB
2026-06-09,BKK-KIX,BKK,KIX,Japan,Osaka,2026-10-24,9830,THB
2026-06-09,BKK-KIX,BKK,KIX,Japan,Osaka,2026-10-25,10860,THB
2026-06-09,BKK-KIX,BKK,KIX,Japan,Osaka,2026-10-26,9030,THB
2026-06-09,BKK-KIX,BKK,KIX,Japan,Osaka,2026-10-27,8020,THB
2026-06-09,BKK-KIX,BKK,KIX,Japan,Osaka,2026-10-28,8400,THB
2026-06-09,BKK-KIX,BKK,KIX,Japan,Osaka,2026-10-29,9140,THB
2026-06-09,BKK-KIX,BKK,KIX,Japan,Osaka,2026-10-30,10970,THB
2026-06-09,BKK-KIX,BKK,KIX,Japan,Osaka,2026-10-31,10140,THB
2026-06-09,BKK-KIX,BKK,KIX,Japan,Osaka,2026-11-01,11060,THB
2026-06-09,BKK-KIX,BKK,KIX,Japan,Osaka,2026-11-02,9240,THB
2026-06-09,BKK-KIX,BKK,KIX,Japan,Osaka,2026-11-03,8770,THB
2026-06-09,BKK-KIX,BKK,KIX,Japan,Osaka,2026-11-04,7970,THB
2026-06-09,BKK-KIX,BKK,KIX,Japan,Osaka,2026-11-05,8770,THB
2026-06-09,BKK-KIX,BKK,KIX,Japan,Osaka,2026-11-06,9990,THB
2026-06-09,BKK-KIX,BKK,KIX,Japan,Osaka,2026-11-07,10600,THB
2026-06-09,BKK-KIX,BKK,KIX,Japan,Osaka,2026-11-08,9720,THB
2026-06-09,BKK-KIX,BKK,KIX,Japan,Osaka,2026-11-09,9500,THB
2026-06-09,BKK-KIX,BKK,KIX,Japan,Osaka,2026-11-10,9230,THB
2026-06-09,BKK-KIX,BKK,KIX,Japan,Osaka,2026-11-11,8250,THB
2026-06-09,BKK-KIX,BKK,KIX,Japan,Osaka,2026-11-12,9510,THB
2026-06-09,BKK-KIX,BKK,KIX,Japan,Osaka,2026-11-13,9880,THB
2026-06-09,BKK-KIX,BKK,KIX,Japan,Osaka,2026-11-14,9420,THB
2026-06-09,BKK-KIX,BKK,KIX,Japan,Osaka,2026-11-15,10440,THB
2026-06-09,BKK-KIX,BKK,KIX,Japan,Osaka,2026-11-16,9010,THB
2026-06-09,BKK-KIX,BKK,KIX,Japan,Osaka,2026-11-17,8880,THB
2026-06-09,BKK-KIX,BKK,KIX,Japan,Osaka,2026-11-18,8350,THB
2026-06-09,BKK-KIX,BKK,KIX,Japan,Osaka,2026-11-19,8880,THB
2026-06-09,BKK-KIX,BKK,KIX,Japan,Osaka,2026-11-20,10550,THB
2026-06-09,BKK-KIX,BKK,KIX,Japan,Osaka,2026-11-21,10530,THB
2026-06-09,BKK-KIX,BKK,KIX,Japan,Osaka,2026-11-22,11190,THB
2026-06-09,BKK-KIX,BKK,KIX,Japan,Osaka,2026-11-23,8470,THB
2026-06-09,BKK-KIX,BKK,KIX,Japan,Osaka,2026-11-24,8780,THB
2026-06-09,BKK-KIX,BKK,KIX,Japan,Osaka,2026-11-25,9290,THB
2026-06-09,BKK-KIX,BKK,KIX,Japan,Osaka,2026-11-26,8610,THB
2026-06-09,BKK-KIX,BKK,KIX,Japan,Osaka,2026-11-27,10920,THB
2026-06-09,BKK-KIX,BKK,KIX,Japan,Osaka,2026-11-28,10570,THB
2026-06-09,BKK-KIX,BKK,KIX,Japan,Osaka,2026-11-29,9940,THB
2026-06-09,BKK-KIX,BKK,KIX,Japan,Osaka,2026-11-30,9480,THB
2026-06-09,BKK-KIX,BKK,KIX,Japan,Osaka,2026-12-01,8560,THB
2026-06-09,BKK-KIX,BKK,KIX,Japan,Osaka,2026-12-02,7760,THB
2026-06-09,BKK-KIX,BKK,KIX,Japan,Osaka,2026-12-03,8480,THB
2026-06-09,BKK-KIX,BKK,KIX,Japan,Osaka,2026-12-04,9470,THB
2026-06-09,BKK-KIX,BKK,KIX,Japan,Osaka,2026-12-05,9810,THB
2026-06-09,BKK-KIX,BKK,KIX,Japan,Osaka,2026-12-06,9380,THB
2026-06-09,BKK-KIX,BKK,KIX,Japan,Osaka,2026-12-07,9110,THB
2026-06-09,BKK-KIX,BKK,KIX,Japan,Osaka,2026-12-08,7890,THB
2026-06-09,BKK-SGN,BKK,SGN,Vietnam,Ho Chi Minh City,2026-06-12,4010,THB
2026-06-09,BKK-SGN,BKK,SGN,Vietnam,Ho Chi Minh City,2026-06-13,4150,THB
2026-06-09,BKK-SGN,BKK,SGN,Vietnam,Ho Chi Minh City,2026-06-14,4450,THB
2026-06-09,BKK-SGN,BKK,SGN,Vietnam,Ho Chi Minh City,2026-06-15,3800,THB
2026-06-09,BKK-SGN,BKK,SGN,Vietnam,Ho Chi Minh City,2026-06-16,3460,THB
2026-06-09,BKK-SGN,BKK,SGN,Vietnam,Ho Chi Minh City,2026-06-17,3460,THB
2026-06-09,BKK-SGN,BKK,SGN,Vietnam,Ho Chi Minh City,2026-06-18,3940,THB
2026-06-09,BKK-SGN,BKK,SGN,Vietnam,Ho Chi Minh City,2026-06-19,4480,THB
2026-06-09,BKK-SGN,BKK,SGN,Vietnam,Ho Chi Minh City,2026-06-20,3930,THB
2026-06-09,BKK-SGN,BKK,SGN,Vietnam,Ho Chi Minh City,2026-06-21,4440,THB
2026-06-09,BKK-SGN,BKK,SGN,Vietnam,Ho Chi Minh City,2026-06-22,3630,THB
2026-06-09,BKK-SGN,BKK,SGN,Vietnam,Ho Chi Minh City,2026-06-23,3620,THB
2026-06-09,BKK-SGN,BKK,SGN,Vietnam,Ho Chi Minh City,2026-06-24,3550,THB
2026-06-09,BKK-SGN,BKK,SGN,Vietnam,Ho Chi Minh City,2026-06-25,3840,THB
2026-06-09,BKK-SGN,BKK,SGN,Vietnam,Ho Chi Minh City,2026-06-26,4480,THB
2026-06-09,BKK-SGN,BKK,SGN,Vietnam,Ho Chi Minh City,2026-06-27,3890,THB
2026-06-09,BKK-SGN,BKK,SGN,Vietnam,Ho Chi Minh City,2026-06-28,4550,THB
2026-06-09,BKK-SGN,BKK,SGN,Vietnam,Ho Chi Minh City,2026-06-29,3550,THB
2026-06-09,BKK-SGN,BKK,SGN,Vietnam,Ho Chi Minh City,2026-06-30,3420,THB
2026-06-09,BKK-SGN,BKK,SGN,Vietnam,Ho Chi Minh City,2026-07-01,3540,THB
2026-06-09,BKK-SGN,BKK,SGN,Vietnam,Ho Chi Minh City,2026-07-02,3530,THB
2026-06-09,BKK-SGN,BKK,SGN,Vietnam,Ho Chi Minh City,2026-07-03,4560,THB
2026-06-09,BKK-SGN,BKK,SGN,Vietnam,Ho Chi Minh City,2026-07-04,4040,THB
2026-06-09,BKK-SGN,BKK,SGN,Vietnam,Ho Chi Minh City,2026-07-05,4690,THB
2026-06-09,BKK-SGN,BKK,SGN,Vietnam,Ho Chi Minh City,2026-07-06,3990,THB
2026-06-09,BKK-SGN,BKK,SGN,Vietnam,Ho Chi Minh City,2026-07-07,3440,THB
2026-06-09,BKK-SGN,BKK,SGN,Vietnam,Ho Chi Minh City,2026-07-08,3640,THB
2026-06-09,BKK-SGN,BKK,SGN,Vietnam,Ho Chi Minh City,2026-07-09,3950,THB
2026-06-09,BKK-SGN,BKK,SGN,Vietnam,Ho Chi Minh City,2026-07-10,4560,THB
2026-06-09,BKK-SGN,BKK,SGN,Vietnam,Ho Chi Minh City,2026-07-11,4050,THB
2026-06-09,BKK-SGN,BKK,SGN,Vietnam,Ho Chi Minh City,2026-07-12,4290,THB
2026-06-09,BKK-SGN,BKK,SGN,Vietnam,Ho Chi Minh City,2026-07-13,3990,THB
2026-06-09,BKK-SGN,BKK,SGN,Vietnam,Ho Chi Minh City,2026-07-14,3810,THB
2026-06-09,BKK-SGN,BKK,SGN,Vietnam,Ho Chi Minh City,2026-07-15,3780,THB
2026-06-09,BKK-SGN,BKK,SGN,Vietnam,Ho Chi Minh City,2026-07-16,4080,THB
2026-06-09,BKK-SGN,BKK,SGN,Vietnam,Ho Chi Minh City,2026-07-17,4220,THB
2026-06-09,BKK-SGN,BKK,SGN,Vietnam,Ho Chi Minh City,2026-07-18,4130,THB
2026-06-09,BKK-SGN,BKK,SGN,Vietnam,Ho Chi Minh City,2026-07-19,4130,THB
2026-06-09,BKK-SGN,BKK,SGN,Vietnam,Ho Chi Minh City,2026-07-20,3700,THB
2026-06-09,BKK-SGN,BKK,SGN,Vietnam,Ho Chi Minh City,2026-07-21,3830,THB
2026-06-09,BKK-SGN,BKK,SGN,Vietnam,Ho Chi Minh City,2026-07-22,3790,THB
2026-06-09,BKK-SGN,BKK,SGN,Vietnam,Ho Chi Minh City,2026-07-23,3530,THB
2026-06-09,BKK-SGN,BKK,SGN,Vietnam,Ho Chi Minh City,2026-07-24,4270,THB
2026-06-09,BKK-SGN,BKK,SGN,Vietnam,Ho Chi Minh City,2026-07-25,4340,THB
2026-06-09,BKK-SGN,BKK,SGN,Vietnam,Ho Chi Minh City,2026-07-26,4040,THB
2026-06-09,BKK-SGN,BKK,SGN,Vietnam,Ho Chi Minh City,2026-07-27,3490,THB
2026-06-09,BKK-SGN,BKK,SGN,Vietnam,Ho Chi Minh City,2026-07-28,3810,THB
2026-06-09,BKK-SGN,BKK,SGN,Vietnam,Ho Chi Minh City,2026-07-29,3500,THB
2026-06-09,BKK-SGN,BKK,SGN,Vietnam,Ho Chi Minh City,2026-07-30,4040,THB
2026-06-09,BKK-SGN,BKK,SGN,Vietnam,Ho Chi Minh City,2026-07-31,4580,THB
2026-06-09,BKK-SGN,BKK,SGN,Vietnam,Ho Chi Minh City,2026-08-01,4310,THB
2026-06-09,BKK-SGN,BKK,SGN,Vietnam,Ho Chi Minh City,2026-08-02,4370,THB
2026-06-09,BKK-SGN,BKK,SGN,Vietnam,Ho Chi Minh City,2026-08-03,4010,THB
2026-06-09,BKK-SGN,BKK,SGN,Vietnam,Ho Chi Minh City,2026-08-04,3820,THB
2026-06-09,BKK-SGN,BKK,SGN,Vietnam,Ho Chi Minh City,2026-08-05,3560,THB
2026-06-09,BKK-SGN,BKK,SGN,Vietnam,Ho Chi Minh City,2026-08-06,3570,THB
2026-06-09,BKK-SGN,BKK,SGN,Vietnam,Ho Chi Minh City,2026-08-07,4560,THB
2026-06-09,BKK-SGN,BKK,SGN,Vietnam,Ho Chi Minh City,2026-08-08,4140,THB
2026-06-09,BKK-SGN,BKK,SGN,Vietnam,Ho Chi Minh City,2026-08-09,4060,THB
2026-06-09,BKK-SGN,BKK,SGN,Vietnam,Ho Chi Minh City,2026-08-10,4030,THB
2026-06-09,BKK-SGN,BKK,SGN,Vietnam,Ho Chi Minh City,2026-08-11,3410,THB
2026-06-09,BKK-SGN,BKK,SGN,Vietnam,Ho Chi Minh City,2026-08-12,3340,THB
2026-06-09,BKK-SGN,BKK,SGN,Vietnam,Ho Chi Minh City,2026-08-13,3950,THB
2026-06-09,BKK-SGN,BKK,SGN,Vietnam,Ho Chi Minh City,2026-08-14,4520,THB
2026-06-09,BKK-SGN,BKK,SGN,Vietnam,Ho Chi Minh City,2026-08-15,4420,THB
2026-06-09,BKK-SGN,BKK,SGN,Vietnam,Ho Chi Minh City,2026-08-16,4100,THB
2026-06-09,BKK-SGN,BKK,SGN,Vietnam,Ho Chi Minh City,2026-08-17,3800,THB
2026-06-09,BKK-SGN,BKK,SGN,Vietnam,Ho Chi Minh City,2026-08-18,3530,THB
2026-06-09,BKK-SGN,BKK,SGN,Vietnam,Ho Chi Minh City,2026-08-19,3350,THB
2026-06-09,BKK-SGN,BKK,SGN,Vietnam,Ho Chi Minh City,2026-08-20,3750,THB
2026-06-09,BKK-SGN,BKK,SGN,Vietnam,Ho Chi Minh City,2026-08-21,4110,THB
2026-06-09,BKK-SGN,BKK,SGN,Vietnam,Ho Chi Minh City,2026-08-22,4290,THB
2026-06-09,BKK-SGN,BKK,SGN,Vietnam,Ho Chi Minh City,2026-08-23,4200,THB
2026-06-09,BKK-SGN,BKK,SGN,Vietnam,Ho Chi Minh City,2026-08-24,4020,THB
2026-06-09,BKK-SGN,BKK,SGN,Vietnam,Ho Chi Minh City,2026-08-25,3390,THB
2026-06-09,BKK-SGN,BKK,SGN,Vietnam,Ho Chi Minh City,2026-08-26,3560,THB
2026-06-09,BKK-SGN,BKK,SGN,Vietnam,Ho Chi Minh City,2026-08-27,3640,THB
2026-06-09,BKK-SGN,BKK,SGN,Vietnam,Ho Chi Minh City,2026-08-28,4130,THB
2026-06-09,BKK-SGN,BKK,SGN,Vietnam,Ho Chi Minh City,2026-08-29,4070,THB
2026-06-09,BKK-SGN,BKK,SGN,Vietnam,Ho Chi Minh City,2026-08-30,4680,THB
2026-06-09,BKK-SGN,BKK,SGN,Vietnam,Ho Chi Minh City,2026-08-31,3530,THB
2026-06-09,BKK-SGN,BKK,SGN,Vietnam,Ho Chi Minh City,2026-09-01,3480,THB
2026-06-09,BKK-SGN,BKK,SGN,Vietnam,Ho Chi Minh City,2026-09-02,3740,THB
2026-06-09,BKK-SGN,BKK,SGN,Vietnam,Ho Chi Minh City,2026-09-03,4140,THB
2026-06-09,BKK-SGN,BKK,SGN,Vietnam,Ho Chi Minh City,2026-09-04,4170,THB
2026-06-09,BKK-SGN,BKK,SGN,Vietnam,Ho Chi Minh City,2026-09-05,4080,THB
2026-06-09,BKK-SGN,BKK,SGN,Vietnam,Ho Chi Minh City,2026-09-06,4090,THB
2026-06-09,BKK-SGN,BKK,SGN,Vietnam,Ho Chi Minh City,2026-09-07,3650,THB
2026-06-09,BKK-SGN,BKK,SGN,Vietnam,Ho Chi Minh City,2026-09-08,3740,THB
2026-06-09,BKK-SGN,BKK,SGN,Vietnam,Ho Chi Minh City,2026-09-09,3390,THB
2026-06-09,BKK-SGN,BKK,SGN,Vietnam,Ho Chi Minh City,2026-09-10,3590,THB
2026-06-09,BKK-SGN,BKK,SGN,Vietnam,Ho Chi Minh City,2026-09-11,4250,THB
2026-06-09,BKK-SGN,BKK,SGN,Vietnam,Ho Chi Minh City,2026-09-12,3980,THB
2026-06-09,BKK-SGN,BKK,SGN,Vietnam,Ho Chi Minh City,2026-09-13,4130,THB
2026-06-09,BKK-SGN,BKK,SGN,Vietnam,Ho Chi Minh City,2026-09-14,3890,THB
2026-06-09,BKK-SGN,BKK,SGN,Vietnam,Ho Chi Minh City,2026-09-15,3430,THB
2026-06-09,BKK-SGN,BKK,SGN,Vietnam,Ho Chi Minh City,2026-09-16,3720,THB
2026-06-09,BKK-SGN,BKK,SGN,Vietnam,Ho Chi Minh City,2026-09-17,3840,THB
2026-06-09,BKK-SGN,BKK,SGN,Vietnam,Ho Chi Minh City,2026-09-18,4350,THB
2026-06-09,BKK-SGN,BKK,SGN,Vietnam,Ho Chi Minh City,2026-09-19,3950,THB
2026-06-09,BKK-SGN,BKK,SGN,Vietnam,Ho Chi Minh City,2026-09-20,4530,THB
2026-06-09,BKK-SGN,BKK,SGN,Vietnam,Ho Chi Minh City,2026-09-21,4040,THB
2026-06-09,BKK-SGN,BKK,SGN,Vietnam,Ho Chi Minh City,2026-09-22,3470,THB
2026-06-09,BKK-SGN,BKK,SGN,Vietnam,Ho Chi Minh City,2026-09-23,3380,THB
2026-06-09,BKK-SGN,BKK,SGN,Vietnam,Ho Chi Minh City,2026-09-24,4090,THB
2026-06-09,BKK-SGN,BKK,SGN,Vietnam,Ho Chi Minh City,2026-09-25,4150,THB
2026-06-09,BKK-SGN,BKK,SGN,Vietnam,Ho Chi Minh City,2026-09-26,4130,THB
2026-06-09,BKK-SGN,BKK,SGN,Vietnam,Ho Chi Minh City,2026-09-27,4540,THB
2026-06-09,BKK-SGN,BKK,SGN,Vietnam,Ho Chi Minh City,2026-09-28,3520,THB
2026-06-09,BKK-SGN,BKK,SGN,Vietnam,Ho Chi Minh City,2026-09-29,3530,THB
2026-06-09,BKK-SGN,BKK,SGN,Vietnam,Ho Chi Minh City,2026-09-30,3690,THB
2026-06-09,BKK-SGN,BKK,SGN,Vietnam,Ho Chi Minh City,2026-10-01,3950,THB
2026-06-09,BKK-SGN,BKK,SGN,Vietnam,Ho Chi Minh City,2026-10-02,4340,THB
2026-06-09,BKK-SGN,BKK,SGN,Vietnam,Ho Chi Minh City,2026-10-03,4120,THB
2026-06-09,BKK-SGN,BKK,SGN,Vietnam,Ho Chi Minh City,2026-10-04,4550,THB
2026-06-09,BKK-SGN,BKK,SGN,Vietnam,Ho Chi Minh City,2026-10-05,3870,THB
2026-06-09,BKK-SGN,BKK,SGN,Vietnam,Ho Chi Minh City,2026-10-06,3800,THB
2026-06-09,BKK-SGN,BKK,SGN,Vietnam,Ho Chi Minh City,2026-10-07,3790,THB
2026-06-09,BKK-SGN,BKK,SGN,Vietnam,Ho Chi Minh City,2026-10-08,3710,THB
2026-06-09,BKK-SGN,BKK,SGN,Vietnam,Ho Chi Minh City,2026-10-09,4450,THB
2026-06-09,BKK-SGN,BKK,SGN,Vietnam,Ho Chi Minh City,2026-10-10,4240,THB
2026-06-09,BKK-SGN,BKK,SGN,Vietnam,Ho Chi Minh City,2026-10-11,4630,THB
2026-06-09,BKK-SGN,BKK,SGN,Vietnam,Ho Chi Minh City,2026-10-12,3880,THB
2026-06-09,BKK-SGN,BKK,SGN,Vietnam,Ho Chi Minh City,2026-10-13,3470,THB
2026-06-09,BKK-SGN,BKK,SGN,Vietnam,Ho Chi Minh City,2026-10-14,3440,THB
2026-06-09,BKK-SGN,BKK,SGN,Vietnam,Ho Chi Minh City,2026-10-15,3650,THB
2026-06-09,BKK-SGN,BKK,SGN,Vietnam,Ho Chi Minh City,2026-10-16,4250,THB
2026-06-09,BKK-SGN,BKK,SGN,Vietnam,Ho Chi Minh City,2026-10-17,4440,THB
2026-06-09,BKK-SGN,BKK,SGN,Vietnam,Ho Chi Minh City,2026-10-18,4450,THB
2026-06-09,BKK-SGN,BKK,SGN,Vietnam,Ho Chi Minh City,2026-10-19,3530,THB
2026-06-09,BKK-SGN,BKK,SGN,Vietnam,Ho Chi Minh City,2026-10-20,3760,THB
2026-06-09,BKK-SGN,BKK,SGN,Vietnam,Ho Chi Minh City,2026-10-21,3520,THB
2026-06-09,BKK-SGN,BKK,SGN,Vietnam,Ho Chi Minh City,2026-10-22,3860,THB
2026-06-09,BKK-SGN,BKK,SGN,Vietnam,Ho Chi Minh City,2026-10-23,4300,THB
2026-06-09,BKK-SGN,BKK,SGN,Vietnam,Ho Chi Minh City,2026-10-24,4450,THB
2026-06-09,BKK-SGN,BKK,SGN,Vietnam,Ho Chi Minh City,2026-10-25,4130,THB
2026-06-09,BKK-SGN,BKK,SGN,Vietnam,Ho Chi Minh City,2026-10-26,3740,THB
2026-06-09,BKK-SGN,BKK,SGN,Vietnam,Ho Chi Minh City,2026-10-27,3400,THB
2026-06-09,BKK-SGN,BKK,SGN,Vietnam,Ho Chi Minh City,2026-10-28,3640,THB
2026-06-09,BKK-SGN,BKK,SGN,Vietnam,Ho Chi Minh City,2026-10-29,3800,THB
2026-06-09,BKK-SGN,BKK,SGN,Vietnam,Ho Chi Minh City,2026-10-30,4150,THB
2026-06-09,BKK-SGN,BKK,SGN,Vietnam,Ho Chi Minh City,2026-10-31,3990,THB
2026-06-09,BKK-SGN,BKK,SGN,Vietnam,Ho Chi Minh City,2026-11-01,4110,THB
2026-06-09,BKK-SGN,BKK,SGN,Vietnam,Ho Chi Minh City,2026-11-02,3670,THB
2026-06-09,BKK-SGN,BKK,SGN,Vietnam,Ho Chi Minh City,2026-11-03,3790,THB
2026-06-09,BKK-SGN,BKK,SGN,Vietnam,Ho Chi Minh City,2026-11-04,3840,THB
2026-06-09,BKK-SGN,BKK,SGN,Vietnam,Ho Chi Minh City,2026-11-05,4080,THB
2026-06-09,BKK-SGN,BKK,SGN,Vietnam,Ho Chi Minh City,2026-11-06,4570,THB
2026-06-09,BKK-SGN,BKK,SGN,Vietnam,Ho Chi Minh City,2026-11-07,4440,THB
2026-06-09,BKK-SGN,BKK,SGN,Vietnam,Ho Chi Minh City,2026-11-08,4650,THB
2026-06-09,BKK-SGN,BKK,SGN,Vietnam,Ho Chi Minh City,2026-11-09,3980,THB
2026-06-09,BKK-SGN,BKK,SGN,Vietnam,Ho Chi Minh City,2026-11-10,3930,THB
2026-06-09,BKK-SGN,BKK,SGN,Vietnam,Ho Chi Minh City,2026-11-11,3700,THB
2026-06-09,BKK-SGN,BKK,SGN,Vietnam,Ho Chi Minh City,2026-11-12,4140,THB
2026-06-09,BKK-SGN,BKK,SGN,Vietnam,Ho Chi Minh City,2026-11-13,4650,THB
2026-06-09,BKK-SGN,BKK,SGN,Vietnam,Ho Chi Minh City,2026-11-14,4070,THB
2026-06-09,BKK-SGN,BKK,SGN,Vietnam,Ho Chi Minh City,2026-11-15,4550,THB
2026-06-09,BKK-SGN,BKK,SGN,Vietnam,Ho Chi Minh City,2026-11-16,3940,THB
2026-06-09,BKK-SGN,BKK,SGN,Vietnam,Ho Chi Minh City,2026-11-17,3800,THB
2026-06-09,BKK-SGN,BKK,SGN,Vietnam,Ho Chi Minh City,2026-11-18,3570,THB
2026-06-09,BKK-SGN,BKK,SGN,Vietnam,Ho Chi Minh City,2026-11-19,3900,THB
2026-06-09,BKK-SGN,BKK,SGN,Vietnam,Ho Chi Minh City,2026-11-20,4030,THB
2026-06-09,BKK-SGN,BKK,SGN,Vietnam,Ho Chi Minh City,2026-11-21,3900,THB
2026-06-09,BKK-SGN,BKK,SGN,Vietnam,Ho Chi Minh City,2026-11-22,4690,THB
2026-06-09,BKK-SGN,BKK,SGN,Vietnam,Ho Chi Minh City,2026-11-23,3870,THB
2026-06-09,BKK-SGN,BKK,SGN,Vietnam,Ho Chi Minh City,2026-11-24,3440,THB
2026-06-09,BKK-SGN,BKK,SGN,Vietnam,Ho Chi Minh City,2026-11-25,3720,THB
2026-06-09,BKK-SGN,BKK,SGN,Vietnam,Ho Chi Minh City,2026-11-26,3820,THB
2026-06-09,BKK-SGN,BKK,SGN,Vietnam,Ho Chi Minh City,2026-11-27,4620,THB
2026-06-09,BKK-SGN,BKK,SGN,Vietnam,Ho Chi Minh City,2026-11-28,4440,THB
2026-06-09,BKK-SGN,BKK,SGN,Vietnam,Ho Chi Minh City,2026-11-29,4210,THB
2026-06-09,BKK-SGN,BKK,SGN,Vietnam,Ho Chi Minh City,2026-11-30,3830,THB
2026-06-09,BKK-SGN,BKK,SGN,Vietnam,Ho Chi Minh City,2026-12-01,3440,THB
2026-06-09,BKK-SGN,BKK,SGN,Vietnam,Ho Chi Minh City,2026-12-02,3710,THB
2026-06-09,BKK-SGN,BKK,SGN,Vietnam,Ho Chi Minh City,2026-12-03,3500,THB
2026-06-09,BKK-SGN,BKK,SGN,Vietnam,Ho Chi Minh City,2026-12-04,3920,THB
2026-06-09,BKK-SGN,BKK,SGN,Vietnam,Ho Chi Minh City,2026-12-05,3750,THB
2026-06-09,BKK-SGN,BKK,SGN,Vietnam,Ho Chi Minh City,2026-12-06,4270,THB
2026-06-09,BKK-SGN,BKK,SGN,Vietnam,Ho Chi Minh City,2026-12-07,3780,THB
2026-06-09,BKK-SGN,BKK,SGN,Vietnam,Ho Chi Minh City,2026-12-08,3400,THB
2026-06-09,BKK-HAN,BKK,HAN,Vietnam,Hanoi,2026-06-12,5060,THB
2026-06-09,BKK-HAN,BKK,HAN,Vietnam,Hanoi,2026-06-13,4470,THB
2026-06-09,BKK-HAN,BKK,HAN,Vietnam,Hanoi,2026-06-14,4630,THB
2026-06-09,BKK-HAN,BKK,HAN,Vietnam,Hanoi,2026-06-15,3950,THB
2026-06-09,BKK-HAN,BKK,HAN,Vietnam,Hanoi,2026-06-16,3960,THB
2026-06-09,BKK-HAN,BKK,HAN,Vietnam,Hanoi,2026-06-17,4010,THB
2026-06-09,BKK-HAN,BKK,HAN,Vietnam,Hanoi,2026-06-18,4400,THB
2026-06-09,BKK-HAN,BKK,HAN,Vietnam,Hanoi,2026-06-19,4490,THB
2026-06-09,BKK-HAN,BKK,HAN,Vietnam,Hanoi,2026-06-20,4410,THB
2026-06-09,BKK-HAN,BKK,HAN,Vietnam,Hanoi,2026-06-21,4630,THB
2026-06-09,BKK-HAN,BKK,HAN,Vietnam,Hanoi,2026-06-22,3860,THB
2026-06-09,BKK-HAN,BKK,HAN,Vietnam,Hanoi,2026-06-23,4220,THB
2026-06-09,BKK-HAN,BKK,HAN,Vietnam,Hanoi,2026-06-24,4200,THB
2026-06-09,BKK-HAN,BKK,HAN,Vietnam,Hanoi,2026-06-25,4120,THB
2026-06-09,BKK-HAN,BKK,HAN,Vietnam,Hanoi,2026-06-26,4940,THB
2026-06-09,BKK-HAN,BKK,HAN,Vietnam,Hanoi,2026-06-27,4740,THB
2026-06-09,BKK-HAN,BKK,HAN,Vietnam,Hanoi,2026-06-28,4460,THB
2026-06-09,BKK-HAN,BKK,HAN,Vietnam,Hanoi,2026-06-29,3850,THB
2026-06-09,BKK-HAN,BKK,HAN,Vietnam,Hanoi,2026-06-30,3950,THB
2026-06-09,BKK-HAN,BKK,HAN,Vietnam,Hanoi,2026-07-01,3880,THB
2026-06-09,BKK-HAN,BKK,HAN,Vietnam,Hanoi,2026-07-02,4220,THB
2026-06-09,BKK-HAN,BKK,HAN,Vietnam,Hanoi,2026-07-03,4780,THB
2026-06-09,BKK-HAN,BKK,HAN,Vietnam,Hanoi,2026-07-04,4560,THB
2026-06-09,BKK-HAN,BKK,HAN,Vietnam,Hanoi,2026-07-05,4530,THB
2026-06-09,BKK-HAN,BKK,HAN,Vietnam,Hanoi,2026-07-06,4070,THB
2026-06-09,BKK-HAN,BKK,HAN,Vietnam,Hanoi,2026-07-07,4150,THB
2026-06-09,BKK-HAN,BKK,HAN,Vietnam,Hanoi,2026-07-08,3660,THB
2026-06-09,BKK-HAN,BKK,HAN,Vietnam,Hanoi,2026-07-09,4270,THB
2026-06-09,BKK-HAN,BKK,HAN,Vietnam,Hanoi,2026-07-10,4920,THB
2026-06-09,BKK-HAN,BKK,HAN,Vietnam,Hanoi,2026-07-11,4840,THB
2026-06-09,BKK-HAN,BKK,HAN,Vietnam,Hanoi,2026-07-12,4890,THB
2026-06-09,BKK-HAN,BKK,HAN,Vietnam,Hanoi,2026-07-13,4460,THB
2026-06-09,BKK-HAN,BKK,HAN,Vietnam,Hanoi,2026-07-14,3960,THB
2026-06-09,BKK-HAN,BKK,HAN,Vietnam,Hanoi,2026-07-15,3990,THB
2026-06-09,BKK-HAN,BKK,HAN,Vietnam,Hanoi,2026-07-16,3890,THB
2026-06-09,BKK-HAN,BKK,HAN,Vietnam,Hanoi,2026-07-17,4520,THB
2026-06-09,BKK-HAN,BKK,HAN,Vietnam,Hanoi,2026-07-18,4600,THB
2026-06-09,BKK-HAN,BKK,HAN,Vietnam,Hanoi,2026-07-19,4920,THB
2026-06-09,BKK-HAN,BKK,HAN,Vietnam,Hanoi,2026-07-20,4430,THB
2026-06-09,BKK-HAN,BKK,HAN,Vietnam,Hanoi,2026-07-21,3950,THB
2026-06-09,BKK-HAN,BKK,HAN,Vietnam,Hanoi,2026-07-22,3740,THB
2026-06-09,BKK-HAN,BKK,HAN,Vietnam,Hanoi,2026-07-23,4250,THB
2026-06-09,BKK-HAN,BKK,HAN,Vietnam,Hanoi,2026-07-24,4620,THB
2026-06-09,BKK-HAN,BKK,HAN,Vietnam,Hanoi,2026-07-25,4390,THB
2026-06-09,BKK-HAN,BKK,HAN,Vietnam,Hanoi,2026-07-26,4900,THB
2026-06-09,BKK-HAN,BKK,HAN,Vietnam,Hanoi,2026-07-27,3980,THB
2026-06-09,BKK-HAN,BKK,HAN,Vietnam,Hanoi,2026-07-28,3860,THB
2026-06-09,BKK-HAN,BKK,HAN,Vietnam,Hanoi,2026-07-29,4170,THB
2026-06-09,BKK-HAN,BKK,HAN,Vietnam,Hanoi,2026-07-30,4190,THB
2026-06-09,BKK-HAN,BKK,HAN,Vietnam,Hanoi,2026-07-31,4460,THB
2026-06-09,BKK-HAN,BKK,HAN,Vietnam,Hanoi,2026-08-01,4870,THB
2026-06-09,BKK-HAN,BKK,HAN,Vietnam,Hanoi,2026-08-02,4620,THB
2026-06-09,BKK-HAN,BKK,HAN,Vietnam,Hanoi,2026-08-03,3940,THB
2026-06-09,BKK-HAN,BKK,HAN,Vietnam,Hanoi,2026-08-04,3680,THB
2026-06-09,BKK-HAN,BKK,HAN,Vietnam,Hanoi,2026-08-05,4170,THB
2026-06-09,BKK-HAN,BKK,HAN,Vietnam,Hanoi,2026-08-06,4530,THB
2026-06-09,BKK-HAN,BKK,HAN,Vietnam,Hanoi,2026-08-07,4590,THB
2026-06-09,BKK-HAN,BKK,HAN,Vietnam,Hanoi,2026-08-08,4700,THB
2026-06-09,BKK-HAN,BKK,HAN,Vietnam,Hanoi,2026-08-09,5160,THB
2026-06-09,BKK-HAN,BKK,HAN,Vietnam,Hanoi,2026-08-10,4320,THB
2026-06-09,BKK-HAN,BKK,HAN,Vietnam,Hanoi,2026-08-11,3770,THB
2026-06-09,BKK-HAN,BKK,HAN,Vietnam,Hanoi,2026-08-12,4100,THB
2026-06-09,BKK-HAN,BKK,HAN,Vietnam,Hanoi,2026-08-13,3960,THB
2026-06-09,BKK-HAN,BKK,HAN,Vietnam,Hanoi,2026-08-14,4770,THB
2026-06-09,BKK-HAN,BKK,HAN,Vietnam,Hanoi,2026-08-15,4550,THB
2026-06-09,BKK-HAN,BKK,HAN,Vietnam,Hanoi,2026-08-16,5000,THB
2026-06-09,BKK-HAN,BKK,HAN,Vietnam,Hanoi,2026-08-17,4260,THB
2026-06-09,BKK-HAN,BKK,HAN,Vietnam,Hanoi,2026-08-18,3970,THB
2026-06-09,BKK-HAN,BKK,HAN,Vietnam,Hanoi,2026-08-19,3890,THB
2026-06-09,BKK-HAN,BKK,HAN,Vietnam,Hanoi,2026-08-20,4280,THB
2026-06-09,BKK-HAN,BKK,HAN,Vietnam,Hanoi,2026-08-21,5080,THB
2026-06-09,BKK-HAN,BKK,HAN,Vietnam,Hanoi,2026-08-22,4570,THB
2026-06-09,BKK-HAN,BKK,HAN,Vietnam,Hanoi,2026-08-23,4460,THB
2026-06-09,BKK-HAN,BKK,HAN,Vietnam,Hanoi,2026-08-24,4460,THB
2026-06-09,BKK-HAN,BKK,HAN,Vietnam,Hanoi,2026-08-25,3830,THB
2026-06-09,BKK-HAN,BKK,HAN,Vietnam,Hanoi,2026-08-26,3840,THB
2026-06-09,BKK-HAN,BKK,HAN,Vietnam,Hanoi,2026-08-27,4350,THB
2026-06-09,BKK-HAN,BKK,HAN,Vietnam,Hanoi,2026-08-28,4760,THB
2026-06-09,BKK-HAN,BKK,HAN,Vietnam,Hanoi,2026-08-29,4840,THB
2026-06-09,BKK-HAN,BKK,HAN,Vietnam,Hanoi,2026-08-30,4570,THB
2026-06-09,BKK-HAN,BKK,HAN,Vietnam,Hanoi,2026-08-31,4480,THB
2026-06-09,BKK-HAN,BKK,HAN,Vietnam,Hanoi,2026-09-01,4160,THB
2026-06-09,BKK-HAN,BKK,HAN,Vietnam,Hanoi,2026-09-02,4210,THB
2026-06-09,BKK-HAN,BKK,HAN,Vietnam,Hanoi,2026-09-03,4530,THB
2026-06-09,BKK-HAN,BKK,HAN,Vietnam,Hanoi,2026-09-04,4570,THB
2026-06-09,BKK-HAN,BKK,HAN,Vietnam,Hanoi,2026-09-05,4500,THB
2026-06-09,BKK-HAN,BKK,HAN,Vietnam,Hanoi,2026-09-06,5050,THB
2026-06-09,BKK-HAN,BKK,HAN,Vietnam,Hanoi,2026-09-07,4530,THB
2026-06-09,BKK-HAN,BKK,HAN,Vietnam,Hanoi,2026-09-08,3790,THB
2026-06-09,BKK-HAN,BKK,HAN,Vietnam,Hanoi,2026-09-09,3710,THB
2026-06-09,BKK-HAN,BKK,HAN,Vietnam,Hanoi,2026-09-10,3990,THB
2026-06-09,BKK-HAN,BKK,HAN,Vietnam,Hanoi,2026-09-11,4790,THB
2026-06-09,BKK-HAN,BKK,HAN,Vietnam,Hanoi,2026-09-12,4910,THB
2026-06-09,BKK-HAN,BKK,HAN,Vietnam,Hanoi,2026-09-13,4770,THB
2026-06-09,BKK-HAN,BKK,HAN,Vietnam,Hanoi,2026-09-14,3960,THB
2026-06-09,BKK-HAN,BKK,HAN,Vietnam,Hanoi,2026-09-15,3820,THB
2026-06-09,BKK-HAN,BKK,HAN,Vietnam,Hanoi,2026-09-16,3770,THB
2026-06-09,BKK-HAN,BKK,HAN,Vietnam,Hanoi,2026-09-17,4440,THB
2026-06-09,BKK-HAN,BKK,HAN,Vietnam,Hanoi,2026-09-18,4470,THB
2026-06-09,BKK-HAN,BKK,HAN,Vietnam,Hanoi,2026-09-19,4590,THB
2026-06-09,BKK-HAN,BKK,HAN,Vietnam,Hanoi,2026-09-20,5150,THB
2026-06-09,BKK-HAN,BKK,HAN,Vietnam,Hanoi,2026-09-21,4220,THB
2026-06-09,BKK-HAN,BKK,HAN,Vietnam,Hanoi,2026-09-22,4150,THB
2026-06-09,BKK-HAN,BKK,HAN,Vietnam,Hanoi,2026-09-23,3930,THB
2026-06-09,BKK-HAN,BKK,HAN,Vietnam,Hanoi,2026-09-24,4430,THB
2026-06-09,BKK-HAN,BKK,HAN,Vietnam,Hanoi,2026-09-25,4940,THB
2026-06-09,BKK-HAN,BKK,HAN,Vietnam,Hanoi,2026-09-26,4880,THB
2026-06-09,BKK-HAN,BKK,HAN,Vietnam,Hanoi,2026-09-27,5010,THB
2026-06-09,BKK-HAN,BKK,HAN,Vietnam,Hanoi,2026-09-28,3990,THB
2026-06-09,BKK-HAN,BKK,HAN,Vietnam,Hanoi,2026-09-29,3960,THB
2026-06-09,BKK-HAN,BKK,HAN,Vietnam,Hanoi,2026-09-30,4120,THB
2026-06-09,BKK-HAN,BKK,HAN,Vietnam,Hanoi,2026-10-01,4460,THB
2026-06-09,BKK-HAN,BKK,HAN,Vietnam,Hanoi,2026-10-02,4760,THB
2026-06-09,BKK-HAN,BKK,HAN,Vietnam,Hanoi,2026-10-03,4890,THB
2026-06-09,BKK-HAN,BKK,HAN,Vietnam,Hanoi,2026-10-04,4590,THB
2026-06-09,BKK-HAN,BKK,HAN,Vietnam,Hanoi,2026-10-05,4490,THB
2026-06-09,BKK-HAN,BKK,HAN,Vietnam,Hanoi,2026-10-06,4010,THB
2026-06-09,BKK-HAN,BKK,HAN,Vietnam,Hanoi,2026-10-07,3980,THB
2026-06-09,BKK-HAN,BKK,HAN,Vietnam,Hanoi,2026-10-08,4280,THB
2026-06-09,BKK-HAN,BKK,HAN,Vietnam,Hanoi,2026-10-09,5040,THB
2026-06-09,BKK-HAN,BKK,HAN,Vietnam,Hanoi,2026-10-10,4740,THB
2026-06-09,BKK-HAN,BKK,HAN,Vietnam,Hanoi,2026-10-11,4800,THB
2026-06-09,BKK-HAN,BKK,HAN,Vietnam,Hanoi,2026-10-12,4240,THB
2026-06-09,BKK-HAN,BKK,HAN,Vietnam,Hanoi,2026-10-13,4160,THB
2026-06-09,BKK-HAN,BKK,HAN,Vietnam,Hanoi,2026-10-14,3870,THB
2026-06-09,BKK-HAN,BKK,HAN,Vietnam,Hanoi,2026-10-15,4450,THB
2026-06-09,BKK-HAN,BKK,HAN,Vietnam,Hanoi,2026-10-16,4820,THB
2026-06-09,BKK-HAN,BKK,HAN,Vietnam,Hanoi,2026-10-17,4710,THB
2026-06-09,BKK-HAN,BKK,HAN,Vietnam,Hanoi,2026-10-18,4710,THB
2026-06-09,BKK-HAN,BKK,HAN,Vietnam,Hanoi,2026-10-19,4290,THB
2026-06-09,BKK-HAN,BKK,HAN,Vietnam,Hanoi,2026-10-20,3930,THB
2026-06-09,BKK-HAN,BKK,HAN,Vietnam,Hanoi,2026-10-21,3950,THB
2026-06-09,BKK-HAN,BKK,HAN,Vietnam,Hanoi,2026-10-22,4310,THB
2026-06-09,BKK-HAN,BKK,HAN,Vietnam,Hanoi,2026-10-23,4470,THB
2026-06-09,BKK-HAN,BKK,HAN,Vietnam,Hanoi,2026-10-24,4490,THB
2026-06-09,BKK-HAN,BKK,HAN,Vietnam,Hanoi,2026-10-25,4590,THB
2026-06-09,BKK-HAN,BKK,HAN,Vietnam,Hanoi,2026-10-26,4290,THB
2026-06-09,BKK-HAN,BKK,HAN,Vietnam,Hanoi,2026-10-27,4080,THB
2026-06-09,BKK-HAN,BKK,HAN,Vietnam,Hanoi,2026-10-28,4250,THB
2026-06-09,BKK-HAN,BKK,HAN,Vietnam,Hanoi,2026-10-29,3970,THB
2026-06-09,BKK-HAN,BKK,HAN,Vietnam,Hanoi,2026-10-30,4860,THB
2026-06-09,BKK-HAN,BKK,HAN,Vietnam,Hanoi,2026-10-31,4280,THB
2026-06-09,BKK-HAN,BKK,HAN,Vietnam,Hanoi,2026-11-01,4820,THB
2026-06-09,BKK-HAN,BKK,HAN,Vietnam,Hanoi,2026-11-02,4450,THB
2026-06-09,BKK-HAN,BKK,HAN,Vietnam,Hanoi,2026-11-03,3820,THB
2026-06-09,BKK-HAN,BKK,HAN,Vietnam,Hanoi,2026-11-04,4260,THB
2026-06-09,BKK-HAN,BKK,HAN,Vietnam,Hanoi,2026-11-05,4570,THB
2026-06-09,BKK-HAN,BKK,HAN,Vietnam,Hanoi,2026-11-06,5010,THB
2026-06-09,BKK-HAN,BKK,HAN,Vietnam,Hanoi,2026-11-07,4770,THB
2026-06-09,BKK-HAN,BKK,HAN,Vietnam,Hanoi,2026-11-08,4570,THB
2026-06-09,BKK-HAN,BKK,HAN,Vietnam,Hanoi,2026-11-09,4470,THB
2026-06-09,BKK-HAN,BKK,HAN,Vietnam,Hanoi,2026-11-10,3940,THB
2026-06-09,BKK-HAN,BKK,HAN,Vietnam,Hanoi,2026-11-11,3780,THB
2026-06-09,BKK-HAN,BKK,HAN,Vietnam,Hanoi,2026-11-12,3960,THB
2026-06-09,BKK-HAN,BKK,HAN,Vietnam,Hanoi,2026-11-13,4740,THB
2026-06-09,BKK-HAN,BKK,HAN,Vietnam,Hanoi,2026-11-14,4300,THB
2026-06-09,BKK-HAN,BKK,HAN,Vietnam,Hanoi,2026-11-15,4660,THB
2026-06-09,BKK-HAN,BKK,HAN,Vietnam,Hanoi,2026-11-16,4560,THB
2026-06-09,BKK-HAN,BKK,HAN,Vietnam,Hanoi,2026-11-17,4000,THB
2026-06-09,BKK-HAN,BKK,HAN,Vietnam,Hanoi,2026-11-18,4280,THB
2026-06-09,BKK-HAN,BKK,HAN,Vietnam,Hanoi,2026-11-19,4130,THB
2026-06-09,BKK-HAN,BKK,HAN,Vietnam,Hanoi,2026-11-20,4750,THB
2026-06-09,BKK-HAN,BKK,HAN,Vietnam,Hanoi,2026-11-21,4570,THB
2026-06-09,BKK-HAN,BKK,HAN,Vietnam,Hanoi,2026-11-22,4930,THB
2026-06-09,BKK-HAN,BKK,HAN,Vietnam,Hanoi,2026-11-23,4440,THB
2026-06-09,BKK-HAN,BKK,HAN,Vietnam,Hanoi,2026-11-24,4220,THB
2026-06-09,BKK-HAN,BKK,HAN,Vietnam,Hanoi,2026-11-25,4210,THB
2026-06-09,BKK-HAN,BKK,HAN,Vietnam,Hanoi,2026-11-26,4090,THB
2026-06-09,BKK-HAN,BKK,HAN,Vietnam,Hanoi,2026-11-27,4520,THB
2026-06-09,BKK-HAN,BKK,HAN,Vietnam,Hanoi,2026-11-28,4550,THB
2026-06-09,BKK-HAN,BKK,HAN,Vietnam,Hanoi,2026-11-29,5070,THB
2026-06-09,BKK-HAN,BKK,HAN,Vietnam,Hanoi,2026-11-30,4360,THB
2026-06-09,BKK-HAN,BKK,HAN,Vietnam,Hanoi,2026-12-01,3620,THB
2026-06-09,BKK-HAN,BKK,HAN,Vietnam,Hanoi,2026-12-02,3790,THB
2026-06-09,BKK-HAN,BKK,HAN,Vietnam,Hanoi,2026-12-03,4380,THB
2026-06-09,BKK-HAN,BKK,HAN,Vietnam,Hanoi,2026-12-04,4740,THB
2026-06-09,BKK-HAN,BKK,HAN,Vietnam,Hanoi,2026-12-05,4550,THB
2026-06-09,BKK-HAN,BKK,HAN,Vietnam,Hanoi,2026-12-06,4440,THB
2026-06-09,BKK-HAN,BKK,HAN,Vietnam,Hanoi,2026-12-07,4360,THB
2026-06-09,BKK-HAN,BKK,HAN,Vietnam,Hanoi,2026-12-08,3880,THB
2026-06-09,BKK-DAD,BKK,DAD,Vietnam,Da Nang,2026-06-12,5140,THB
2026-06-09,BKK-DAD,BKK,DAD,Vietnam,Da Nang,2026-06-13,4560,THB
2026-06-09,BKK-DAD,BKK,DAD,Vietnam,Da Nang,2026-06-14,5190,THB
2026-06-09,BKK-DAD,BKK,DAD,Vietnam,Da Nang,2026-06-15,4750,THB
2026-06-09,BKK-DAD,BKK,DAD,Vietnam,Da Nang,2026-06-16,4400,THB
2026-06-09,BKK-DAD,BKK,DAD,Vietnam,Da Nang,2026-06-17,3950,THB
2026-06-09,BKK-DAD,BKK,DAD,Vietnam,Da Nang,2026-06-18,4270,THB
2026-06-09,BKK-DAD,BKK,DAD,Vietnam,Da Nang,2026-06-19,4700,THB
2026-06-09,BKK-DAD,BKK,DAD,Vietnam,Da Nang,2026-06-20,4850,THB
2026-06-09,BKK-DAD,BKK,DAD,Vietnam,Da Nang,2026-06-21,4800,THB
2026-06-09,BKK-DAD,BKK,DAD,Vietnam,Da Nang,2026-06-22,4790,THB
2026-06-09,BKK-DAD,BKK,DAD,Vietnam,Da Nang,2026-06-23,4160,THB
2026-06-09,BKK-DAD,BKK,DAD,Vietnam,Da Nang,2026-06-24,4290,THB
2026-06-09,BKK-DAD,BKK,DAD,Vietnam,Da Nang,2026-06-25,4250,THB
2026-06-09,BKK-DAD,BKK,DAD,Vietnam,Da Nang,2026-06-26,4940,THB
2026-06-09,BKK-DAD,BKK,DAD,Vietnam,Da Nang,2026-06-27,5180,THB
2026-06-09,BKK-DAD,BKK,DAD,Vietnam,Da Nang,2026-06-28,4810,THB
2026-06-09,BKK-DAD,BKK,DAD,Vietnam,Da Nang,2026-06-29,4540,THB
2026-06-09,BKK-DAD,BKK,DAD,Vietnam,Da Nang,2026-06-30,4110,THB
2026-06-09,BKK-DAD,BKK,DAD,Vietnam,Da Nang,2026-07-01,4400,THB
2026-06-09,BKK-DAD,BKK,DAD,Vietnam,Da Nang,2026-07-02,4170,THB
2026-06-09,BKK-DAD,BKK,DAD,Vietnam,Da Nang,2026-07-03,5310,THB
2026-06-09,BKK-DAD,BKK,DAD,Vietnam,Da Nang,2026-07-04,4640,THB
2026-06-09,BKK-DAD,BKK,DAD,Vietnam,Da Nang,2026-07-05,4780,THB
2026-06-09,BKK-DAD,BKK,DAD,Vietnam,Da Nang,2026-07-06,4560,THB
2026-06-09,BKK-DAD,BKK,DAD,Vietnam,Da Nang,2026-07-07,4150,THB
2026-06-09,BKK-DAD,BKK,DAD,Vietnam,Da Nang,2026-07-08,4120,THB
2026-06-09,BKK-DAD,BKK,DAD,Vietnam,Da Nang,2026-07-09,4370,THB
2026-06-09,BKK-DAD,BKK,DAD,Vietnam,Da Nang,2026-07-10,4920,THB
2026-06-09,BKK-DAD,BKK,DAD,Vietnam,Da Nang,2026-07-11,5240,THB
2026-06-09,BKK-DAD,BKK,DAD,Vietnam,Da Nang,2026-07-12,4950,THB
2026-06-09,BKK-DAD,BKK,DAD,Vietnam,Da Nang,2026-07-13,4330,THB
2026-06-09,BKK-DAD,BKK,DAD,Vietnam,Da Nang,2026-07-14,4560,THB
2026-06-09,BKK-DAD,BKK,DAD,Vietnam,Da Nang,2026-07-15,4300,THB
2026-06-09,BKK-DAD,BKK,DAD,Vietnam,Da Nang,2026-07-16,4800,THB
2026-06-09,BKK-DAD,BKK,DAD,Vietnam,Da Nang,2026-07-17,4920,THB
2026-06-09,BKK-DAD,BKK,DAD,Vietnam,Da Nang,2026-07-18,4730,THB
2026-06-09,BKK-DAD,BKK,DAD,Vietnam,Da Nang,2026-07-19,5540,THB
2026-06-09,BKK-DAD,BKK,DAD,Vietnam,Da Nang,2026-07-20,4670,THB
2026-06-09,BKK-DAD,BKK,DAD,Vietnam,Da Nang,2026-07-21,3940,THB
2026-06-09,BKK-DAD,BKK,DAD,Vietnam,Da Nang,2026-07-22,4570,THB
2026-06-09,BKK-DAD,BKK,DAD,Vietnam,Da Nang,2026-07-23,4540,THB
2026-06-09,BKK-DAD,BKK,DAD,Vietnam,Da Nang,2026-07-24,4730,THB
2026-06-09,BKK-DAD,BKK,DAD,Vietnam,Da Nang,2026-07-25,4860,THB
2026-06-09,BKK-DAD,BKK,DAD,Vietnam,Da Nang,2026-07-26,5440,THB
2026-06-09,BKK-DAD,BKK,DAD,Vietnam,Da Nang,2026-07-27,4740,THB
2026-06-09,BKK-DAD,BKK,DAD,Vietnam,Da Nang,2026-07-28,4080,THB
2026-06-09,BKK-DAD,BKK,DAD,Vietnam,Da Nang,2026-07-29,4190,THB
2026-06-09,BKK-DAD,BKK,DAD,Vietnam,Da Nang,2026-07-30,4540,THB
2026-06-09,BKK-DAD,BKK,DAD,Vietnam,Da Nang,2026-07-31,5370,THB
2026-06-09,BKK-DAD,BKK,DAD,Vietnam,Da Nang,2026-08-01,4560,THB
2026-06-09,BKK-DAD,BKK,DAD,Vietnam,Da Nang,2026-08-02,5310,THB
2026-06-09,BKK-DAD,BKK,DAD,Vietnam,Da Nang,2026-08-03,4480,THB
2026-06-09,BKK-DAD,BKK,DAD,Vietnam,Da Nang,2026-08-04,4370,THB
2026-06-09,BKK-DAD,BKK,DAD,Vietnam,Da Nang,2026-08-05,4000,THB
2026-06-09,BKK-DAD,BKK,DAD,Vietnam,Da Nang,2026-08-06,4850,THB
2026-06-09,BKK-DAD,BKK,DAD,Vietnam,Da Nang,2026-08-07,5150,THB
2026-06-09,BKK-DAD,BKK,DAD,Vietnam,Da Nang,2026-08-08,4820,THB
2026-06-09,BKK-DAD,BKK,DAD,Vietnam,Da Nang,2026-08-09,5050,THB
2026-06-09,BKK-DAD,BKK,DAD,Vietnam,Da Nang,2026-08-10,4550,THB
2026-06-09,BKK-DAD,BKK,DAD,Vietnam,Da Nang,2026-08-11,4430,THB
2026-06-09,BKK-DAD,BKK,DAD,Vietnam,Da Nang,2026-08-12,4220,THB
2026-06-09,BKK-DAD,BKK,DAD,Vietnam,Da Nang,2026-08-13,4570,THB
2026-06-09,BKK-DAD,BKK,DAD,Vietnam,Da Nang,2026-08-14,5170,THB
2026-06-09,BKK-DAD,BKK,DAD,Vietnam,Da Nang,2026-08-15,5050,THB
2026-06-09,BKK-DAD,BKK,DAD,Vietnam,Da Nang,2026-08-16,5190,THB
2026-06-09,BKK-DAD,BKK,DAD,Vietnam,Da Nang,2026-08-17,4390,THB
2026-06-09,BKK-DAD,BKK,DAD,Vietnam,Da Nang,2026-08-18,4550,THB
2026-06-09,BKK-DAD,BKK,DAD,Vietnam,Da Nang,2026-08-19,4350,THB
2026-06-09,BKK-DAD,BKK,DAD,Vietnam,Da Nang,2026-08-20,4380,THB
2026-06-09,BKK-DAD,BKK,DAD,Vietnam,Da Nang,2026-08-21,5220,THB
2026-06-09,BKK-DAD,BKK,DAD,Vietnam,Da Nang,2026-08-22,4970,THB
2026-06-09,BKK-DAD,BKK,DAD,Vietnam,Da Nang,2026-08-23,5080,THB
2026-06-09,BKK-DAD,BKK,DAD,Vietnam,Da Nang,2026-08-24,4840,THB
2026-06-09,BKK-DAD,BKK,DAD,Vietnam,Da Nang,2026-08-25,4030,THB
2026-06-09,BKK-DAD,BKK,DAD,Vietnam,Da Nang,2026-08-26,4060,THB
2026-06-09,BKK-DAD,BKK,DAD,Vietnam,Da Nang,2026-08-27,4390,THB
2026-06-09,BKK-DAD,BKK,DAD,Vietnam,Da Nang,2026-08-28,4890,THB
2026-06-09,BKK-DAD,BKK,DAD,Vietnam,Da Nang,2026-08-29,5060,THB
2026-06-09,BKK-DAD,BKK,DAD,Vietnam,Da Nang,2026-08-30,5150,THB
2026-06-09,BKK-DAD,BKK,DAD,Vietnam,Da Nang,2026-08-31,4260,THB
2026-06-09,BKK-DAD,BKK,DAD,Vietnam,Da Nang,2026-09-01,4100,THB
2026-06-09,BKK-DAD,BKK,DAD,Vietnam,Da Nang,2026-09-02,4030,THB
2026-06-09,BKK-DAD,BKK,DAD,Vietnam,Da Nang,2026-09-03,4770,THB
2026-06-09,BKK-DAD,BKK,DAD,Vietnam,Da Nang,2026-09-04,5280,THB
2026-06-09,BKK-DAD,BKK,DAD,Vietnam,Da Nang,2026-09-05,4710,THB
2026-06-09,BKK-DAD,BKK,DAD,Vietnam,Da Nang,2026-09-06,5380,THB
2026-06-09,BKK-DAD,BKK,DAD,Vietnam,Da Nang,2026-09-07,4800,THB
2026-06-09,BKK-DAD,BKK,DAD,Vietnam,Da Nang,2026-09-08,4110,THB
2026-06-09,BKK-DAD,BKK,DAD,Vietnam,Da Nang,2026-09-09,4120,THB
2026-06-09,BKK-DAD,BKK,DAD,Vietnam,Da Nang,2026-09-10,4700,THB
2026-06-09,BKK-DAD,BKK,DAD,Vietnam,Da Nang,2026-09-11,4740,THB
2026-06-09,BKK-DAD,BKK,DAD,Vietnam,Da Nang,2026-09-12,5010,THB
2026-06-09,BKK-DAD,BKK,DAD,Vietnam,Da Nang,2026-09-13,4890,THB
2026-06-09,BKK-DAD,BKK,DAD,Vietnam,Da Nang,2026-09-14,4600,THB
2026-06-09,BKK-DAD,BKK,DAD,Vietnam,Da Nang,2026-09-15,3980,THB
2026-06-09,BKK-DAD,BKK,DAD,Vietnam,Da Nang,2026-09-16,4550,THB
2026-06-09,BKK-DAD,BKK,DAD,Vietnam,Da Nang,2026-09-17,4520,THB
2026-06-09,BKK-DAD,BKK,DAD,Vietnam,Da Nang,2026-09-18,5310,THB
2026-06-09,BKK-DAD,BKK,DAD,Vietnam,Da Nang,2026-09-19,5230,THB
2026-06-09,BKK-DAD,BKK,DAD,Vietnam,Da Nang,2026-09-20,5420,THB
2026-06-09,BKK-DAD,BKK,DAD,Vietnam,Da Nang,2026-09-21,4850,THB
2026-06-09,BKK-DAD,BKK,DAD,Vietnam,Da Nang,2026-09-22,4500,THB
2026-06-09,BKK-DAD,BKK,DAD,Vietnam,Da Nang,2026-09-23,4150,THB
2026-06-09,BKK-DAD,BKK,DAD,Vietnam,Da Nang,2026-09-24,4560,THB
2026-06-09,BKK-DAD,BKK,DAD,Vietnam,Da Nang,2026-09-25,5420,THB
2026-06-09,BKK-DAD,BKK,DAD,Vietnam,Da Nang,2026-09-26,5100,THB
2026-06-09,BKK-DAD,BKK,DAD,Vietnam,Da Nang,2026-09-27,5450,THB
2026-06-09,BKK-DAD,BKK,DAD,Vietnam,Da Nang,2026-09-28,4240,THB
2026-06-09,BKK-DAD,BKK,DAD,Vietnam,Da Nang,2026-09-29,4340,THB
2026-06-09,BKK-DAD,BKK,DAD,Vietnam,Da Nang,2026-09-30,4490,THB
2026-06-09,BKK-DAD,BKK,DAD,Vietnam,Da Nang,2026-10-01,4470,THB
2026-06-09,BKK-DAD,BKK,DAD,Vietnam,Da Nang,2026-10-02,5080,THB
2026-06-09,BKK-DAD,BKK,DAD,Vietnam,Da Nang,2026-10-03,4670,THB
2026-06-09,BKK-DAD,BKK,DAD,Vietnam,Da Nang,2026-10-04,5030,THB
2026-06-09,BKK-DAD,BKK,DAD,Vietnam,Da Nang,2026-10-05,4690,THB
2026-06-09,BKK-DAD,BKK,DAD,Vietnam,Da Nang,2026-10-06,4320,THB
2026-06-09,BKK-DAD,BKK,DAD,Vietnam,Da Nang,2026-10-07,3980,THB
2026-06-09,BKK-DAD,BKK,DAD,Vietnam,Da Nang,2026-10-08,4910,THB
2026-06-09,BKK-DAD,BKK,DAD,Vietnam,Da Nang,2026-10-09,5340,THB
2026-06-09,BKK-DAD,BKK,DAD,Vietnam,Da Nang,2026-10-10,5120,THB
2026-06-09,BKK-DAD,BKK,DAD,Vietnam,Da Nang,2026-10-11,5010,THB
2026-06-09,BKK-DAD,BKK,DAD,Vietnam,Da Nang,2026-10-12,4270,THB
2026-06-09,BKK-DAD,BKK,DAD,Vietnam,Da Nang,2026-10-13,3980,THB
2026-06-09,BKK-DAD,BKK,DAD,Vietnam,Da Nang,2026-10-14,4350,THB
2026-06-09,BKK-DAD,BKK,DAD,Vietnam,Da Nang,2026-10-15,4450,THB
2026-06-09,BKK-DAD,BKK,DAD,Vietnam,Da Nang,2026-10-16,4750,THB
2026-06-09,BKK-DAD,BKK,DAD,Vietnam,Da Nang,2026-10-17,4980,THB
2026-06-09,BKK-DAD,BKK,DAD,Vietnam,Da Nang,2026-10-18,5500,THB
2026-06-09,BKK-DAD,BKK,DAD,Vietnam,Da Nang,2026-10-19,4820,THB
2026-06-09,BKK-DAD,BKK,DAD,Vietnam,Da Nang,2026-10-20,4590,THB
2026-06-09,BKK-DAD,BKK,DAD,Vietnam,Da Nang,2026-10-21,4120,THB
2026-06-09,BKK-DAD,BKK,DAD,Vietnam,Da Nang,2026-10-22,4890,THB
2026-06-09,BKK-DAD,BKK,DAD,Vietnam,Da Nang,2026-10-23,4740,THB
2026-06-09,BKK-DAD,BKK,DAD,Vietnam,Da Nang,2026-10-24,5180,THB
2026-06-09,BKK-DAD,BKK,DAD,Vietnam,Da Nang,2026-10-25,5220,THB
2026-06-09,BKK-DAD,BKK,DAD,Vietnam,Da Nang,2026-10-26,4690,THB
2026-06-09,BKK-DAD,BKK,DAD,Vietnam,Da Nang,2026-10-27,4470,THB
2026-06-09,BKK-DAD,BKK,DAD,Vietnam,Da Nang,2026-10-28,4250,THB
2026-06-09,BKK-DAD,BKK,DAD,Vietnam,Da Nang,2026-10-29,4580,THB
2026-06-09,BKK-DAD,BKK,DAD,Vietnam,Da Nang,2026-10-30,5280,THB
2026-06-09,BKK-DAD,BKK,DAD,Vietnam,Da Nang,2026-10-31,5280,THB
2026-06-09,BKK-DAD,BKK,DAD,Vietnam,Da Nang,2026-11-01,4850,THB
2026-06-09,BKK-DAD,BKK,DAD,Vietnam,Da Nang,2026-11-02,4620,THB
2026-06-09,BKK-DAD,BKK,DAD,Vietnam,Da Nang,2026-11-03,4490,THB
2026-06-09,BKK-DAD,BKK,DAD,Vietnam,Da Nang,2026-11-04,3990,THB
2026-06-09,BKK-DAD,BKK,DAD,Vietnam,Da Nang,2026-11-05,4470,THB
2026-06-09,BKK-DAD,BKK,DAD,Vietnam,Da Nang,2026-11-06,5020,THB
2026-06-09,BKK-DAD,BKK,DAD,Vietnam,Da Nang,2026-11-07,4600,THB
2026-06-09,BKK-DAD,BKK,DAD,Vietnam,Da Nang,2026-11-08,5550,THB
2026-06-09,BKK-DAD,BKK,DAD,Vietnam,Da Nang,2026-11-09,4520,THB
2026-06-09,BKK-DAD,BKK,DAD,Vietnam,Da Nang,2026-11-10,4010,THB
2026-06-09,BKK-DAD,BKK,DAD,Vietnam,Da Nang,2026-11-11,3990,THB
2026-06-09,BKK-DAD,BKK,DAD,Vietnam,Da Nang,2026-11-12,4460,THB
2026-06-09,BKK-DAD,BKK,DAD,Vietnam,Da Nang,2026-11-13,5460,THB
2026-06-09,BKK-DAD,BKK,DAD,Vietnam,Da Nang,2026-11-14,4650,THB
2026-06-09,BKK-DAD,BKK,DAD,Vietnam,Da Nang,2026-11-15,4860,THB
2026-06-09,BKK-DAD,BKK,DAD,Vietnam,Da Nang,2026-11-16,4610,THB
2026-06-09,BKK-DAD,BKK,DAD,Vietnam,Da Nang,2026-11-17,4280,THB
2026-06-09,BKK-DAD,BKK,DAD,Vietnam,Da Nang,2026-11-18,4400,THB
2026-06-09,BKK-DAD,BKK,DAD,Vietnam,Da Nang,2026-11-19,4950,THB
2026-06-09,BKK-DAD,BKK,DAD,Vietnam,Da Nang,2026-11-20,5540,THB
2026-06-09,BKK-DAD,BKK,DAD,Vietnam,Da Nang,2026-11-21,5280,THB
2026-06-09,BKK-DAD,BKK,DAD,Vietnam,Da Nang,2026-11-22,5330,THB
2026-06-09,BKK-DAD,BKK,DAD,Vietnam,Da Nang,2026-11-23,4260,THB
2026-06-09,BKK-DAD,BKK,DAD,Vietnam,Da Nang,2026-11-24,4390,THB
2026-06-09,BKK-DAD,BKK,DAD,Vietnam,Da Nang,2026-11-25,4340,THB
2026-06-09,BKK-DAD,BKK,DAD,Vietnam,Da Nang,2026-11-26,4540,THB
2026-06-09,BKK-DAD,BKK,DAD,Vietnam,Da Nang,2026-11-27,5410,THB
2026-06-09,BKK-DAD,BKK,DAD,Vietnam,Da Nang,2026-11-28,4610,THB
2026-06-09,BKK-DAD,BKK,DAD,Vietnam,Da Nang,2026-11-29,5040,THB
2026-06-09,BKK-DAD,BKK,DAD,Vietnam,Da Nang,2026-11-30,4800,THB
2026-06-09,BKK-DAD,BKK,DAD,Vietnam,Da Nang,2026-12-01,4120,THB
2026-06-09,BKK-DAD,BKK,DAD,Vietnam,Da Nang,2026-12-02,3850,THB
2026-06-09,BKK-DAD,BKK,DAD,Vietnam,Da Nang,2026-12-03,4330,THB
2026-06-09,BKK-DAD,BKK,DAD,Vietnam,Da Nang,2026-12-04,4830,THB
2026-06-09,BKK-DAD,BKK,DAD,Vietnam,Da Nang,2026-12-05,4620,THB
2026-06-09,BKK-DAD,BKK,DAD,Vietnam,Da Nang,2026-12-06,4940,THB
2026-06-09,BKK-DAD,BKK,DAD,Vietnam,Da Nang,2026-12-07,4210,THB
2026-06-09,BKK-DAD,BKK,DAD,Vietnam,Da Nang,2026-12-08,4380,THB
