date,route,origin,destination,country,city,departure_date,price,currency
2026-09-17,BKK-HKT,BKK,HKT,Thailand,Phuket,2026-09-17,2412,THB
2026-09-17,BKK-HKT,BKK,HKT,Thailand,Phuket,2026-09-18,2432,THB
2026-09-17,BKK-HKT,BKK,HKT,Thailand,Phuket,2026-09-19,2071,THB
2026-09-17,BKK-HKT,BKK,HKT,Thailand,Phuket,2026-09-20,2399,THB
2026-09-17,BKK-HKT,BKK,HKT,Thailand,Phuket,2026-09-21,2270,THB
2026-09-17,BKK-HKT,BKK,HKT,Thailand,Phuket,2026-09-22,2098,THB
2026-09-17,BKK-HKT,BKK,HKT,Thailand,Phuket,2026-09-23,2413,THB
2026-09-17,BKK-HKT,BKK,HKT,Thailand,Phuket,2026-09-24,2215,THB
2026-09-17,BKK-HKT,BKK,HKT,Thailand,Phuket,2026-09-25,2460,THB
2026-09-17,BKK-HKT,BKK,HKT,Thailand,Phuket,2026-09-26,2474,THB
2026-09-17,BKK-HKT,BKK,HKT,Thailand,Phuket,2026-09-27,2497,THB
2026-09-17,BKK-HKT,BKK,HKT,Thailand,Phuket,2026-09-28,2415,THB
2026-09-17,BKK-HKT,BKK,HKT,Thailand,Phuket,2026-09-29,2468,THB
2026-09-17,BKK-HKT,BKK,HKT,Thailand,Phuket,2026-09-30,2148,THB
2026-09-17,BKK-HKT,BKK,HKT,Thailand,Phuket,2026-10-01,2164,THB
2026-09-17,BKK-HKT,BKK,HKT,Thailand,Phuket,2026-10-02,2415,THB
2026-09-17,BKK-HKT,BKK,HKT,Thailand,Phuket,2026-10-03,2397,THB
2026-09-17,BKK-HKT,BKK,HKT,Thailand,Phuket,2026-10-04,2207,THB
2026-09-17,BKK-HKT,BKK,HKT,Thailand,Phuket,2026-10-05,2453,THB
2026-09-17,BKK-HKT,BKK,HKT,Thailand,Phuket,2026-10-06,2503,THB
2026-09-17,BKK-HKT,BKK,HKT,Thailand,Phuket,2026-10-07,2181,THB
2026-09-17,BKK-HKT,BKK,HKT,Thailand,Phuket,2026-10-08,2409,THB
2026-09-17,BKK-HKT,BKK,HKT,Thailand,Phuket,2026-10-09,2394,THB
2026-09-17,BKK-HKT,BKK,HKT,Thailand,Phuket,2026-10-10,2640,THB
2026-09-17,BKK-HKT,BKK,HKT,Thailand,Phuket,2026-10-11,2309,THB
2026-09-17,BKK-HKT,BKK,HKT,Thailand,Phuket,2026-10-12,2466,THB
2026-09-17,BKK-HKT,BKK,HKT,Thailand,Phuket,2026-10-13,2581,THB
2026-09-17,BKK-HKT,BKK,HKT,Thailand,Phuket,2026-10-14,2531,THB
2026-09-17,BKK-HKT,BKK,HKT,Thailand,Phuket,2026-10-15,2459,THB
2026-09-17,BKK-HKT,BKK,HKT,Thailand,Phuket,2026-10-16,2506,THB
2026-09-17,BKK-HKT,BKK,HKT,Thailand,Phuket,2026-10-17,2453,THB
2026-09-17,BKK-HKT,BKK,HKT,Thailand,Phuket,2026-10-18,2421,THB
2026-09-17,BKK-HKT,BKK,HKT,Thailand,Phuket,2026-10-19,2240,THB
2026-09-17,BKK-HKT,BKK,HKT,Thailand,Phuket,2026-10-20,2400,THB
2026-09-17,BKK-HKT,BKK,HKT,Thailand,Phuket,2026-10-21,2492,THB
2026-09-17,BKK-HKT,BKK,HKT,Thailand,Phuket,2026-10-22,2498,THB
2026-09-17,BKK-HKT,BKK,HKT,Thailand,Phuket,2026-10-23,2497,THB
2026-09-17,BKK-HKT,BKK,HKT,Thailand,Phuket,2026-10-24,2530,THB
2026-09-17,BKK-HKT,BKK,HKT,Thailand,Phuket,2026-10-25,2868,THB
2026-09-17,BKK-HKT,BKK,HKT,Thailand,Phuket,2026-10-26,2464,THB
2026-09-17,BKK-HKT,BKK,HKT,Thailand,Phuket,2026-10-27,2049,THB
2026-09-17,BKK-HKT,BKK,HKT,Thailand,Phuket,2026-10-28,2495,THB
2026-09-17,BKK-HKT,BKK,HKT,Thailand,Phuket,2026-10-29,2691,THB
2026-09-17,BKK-HKT,BKK,HKT,Thailand,Phuket,2026-10-30,2489,THB
2026-09-17,BKK-HKT,BKK,HKT,Thailand,Phuket,2026-10-31,2694,THB
2026-09-17,BKK-HKT,BKK,HKT,Thailand,Phuket,2026-11-01,2777,THB
2026-09-17,BKK-HKT,BKK,HKT,Thailand,Phuket,2026-11-02,2670,THB
2026-09-17,BKK-HKT,BKK,HKT,Thailand,Phuket,2026-11-03,2781,THB
2026-09-17,BKK-HKT,BKK,HKT,Thailand,Phuket,2026-11-04,2413,THB
2026-09-17,BKK-HKT,BKK,HKT,Thailand,Phuket,2026-11-05,2770,THB
2026-09-17,BKK-HKT,BKK,HKT,Thailand,Phuket,2026-11-06,2647,THB
2026-09-17,BKK-HKT,BKK,HKT,Thailand,Phuket,2026-11-07,2646,THB
2026-09-17,BKK-HKT,BKK,HKT,Thailand,Phuket,2026-11-08,2280,THB
2026-09-17,BKK-HKT,BKK,HKT,Thailand,Phuket,2026-11-09,2539,THB
2026-09-17,BKK-HKT,BKK,HKT,Thailand,Phuket,2026-11-10,2828,THB
2026-09-17,BKK-HKT,BKK,HKT,Thailand,Phuket,2026-11-11,2646,THB
2026-09-17,BKK-HKT,BKK,HKT,Thailand,Phuket,2026-11-12,2646,THB
2026-09-17,BKK-HKT,BKK,HKT,Thailand,Phuket,2026-11-13,2837,THB
2026-09-17,BKK-HKT,BKK,HKT,Thailand,Phuket,2026-11-14,2951,THB
2026-09-17,BKK-HKT,BKK,HKT,Thailand,Phuket,2026-11-15,2760,THB
2026-09-17,BKK-HKT,BKK,HKT,Thailand,Phuket,2026-11-16,2700,THB
2026-09-17,BKK-HKT,BKK,HKT,Thailand,Phuket,2026-11-17,2648,THB
2026-09-17,BKK-HKT,BKK,HKT,Thailand,Phuket,2026-11-18,2700,THB
2026-09-17,BKK-HKT,BKK,HKT,Thailand,Phuket,2026-11-19,2826,THB
2026-09-17,BKK-HKT,BKK,HKT,Thailand,Phuket,2026-11-20,2895,THB
2026-09-17,BKK-HKT,BKK,HKT,Thailand,Phuket,2026-11-21,2919,THB
2026-09-17,BKK-HKT,BKK,HKT,Thailand,Phuket,2026-11-22,2950,THB
2026-09-17,BKK-HKT,BKK,HKT,Thailand,Phuket,2026-11-23,2748,THB
2026-09-17,BKK-HKT,BKK,HKT,Thailand,Phuket,2026-11-24,2763,THB
2026-09-17,BKK-HKT,BKK,HKT,Thailand,Phuket,2026-11-25,2935,THB
2026-09-17,BKK-HKT,BKK,HKT,Thailand,Phuket,2026-11-26,2615,THB
2026-09-17,BKK-HKT,BKK,HKT,Thailand,Phuket,2026-11-27,3036,THB
2026-09-17,BKK-HKT,BKK,HKT,Thailand,Phuket,2026-11-28,2887,THB
2026-09-17,BKK-HKT,BKK,HKT,Thailand,Phuket,2026-11-29,2839,THB
2026-09-17,BKK-HKT,BKK,HKT,Thailand,Phuket,2026-11-30,2794,THB
2026-09-17,BKK-HKT,BKK,HKT,Thailand,Phuket,2026-12-01,3170,THB
2026-09-17,BKK-HKT,BKK,HKT,Thailand,Phuket,2026-12-02,3045,THB
2026-09-17,BKK-HKT,BKK,HKT,Thailand,Phuket,2026-12-03,2820,THB
2026-09-17,BKK-HKT,BKK,HKT,Thailand,Phuket,2026-12-04,3009,THB
2026-09-17,BKK-HKT,BKK,HKT,Thailand,Phuket,2026-12-05,3221,THB
2026-09-17,BKK-HKT,BKK,HKT,Thailand,Phuket,2026-12-06,3078,THB
2026-09-17,BKK-HKT,BKK,HKT,Thailand,Phuket,2026-12-07,3020,THB
2026-09-17,BKK-HKT,BKK,HKT,Thailand,Phuket,2026-12-08,3020,THB
2026-09-17,BKK-HKT,BKK,HKT,Thailand,Phuket,2026-12-09,3176,THB
2026-09-17,BKK-HKT,BKK,HKT,Thailand,Phuket,2026-12-10,3219,THB
2026-09-17,BKK-HKT,BKK,HKT,Thailand,Phuket,2026-12-11,2986,THB
2026-09-17,BKK-HKT,BKK,HKT,Thailand,Phuket,2026-12-12,3351,THB
2026-09-17,BKK-HKT,BKK,HKT,Thailand,Phuket,2026-12-13,3060,THB
2026-09-17,BKK-HKT,BKK,HKT,Thailand,Phuket,2026-12-14,3155,THB
2026-09-17,BKK-HKT,BKK,HKT,Thailand,Phuket,2026-12-15,3200,THB
2026-09-17,BKK-HKT,BKK,HKT,Thailand,Phuket,2026-12-16,2938,THB
2026-09-17,BKK-HKT,BKK,HKT,Thailand,Phuket,2026-12-17,3444,THB
2026-09-17,BKK-HKT,BKK,HKT,Thailand,Phuket,2026-12-18,3077,THB
2026-09-17,BKK-HKT,BKK,HKT,Thailand,Phuket,2026-12-19,2580,THB
2026-09-17,BKK-HKT,BKK,HKT,Thailand,Phuket,2026-12-20,3018,THB
2026-09-17,BKK-HKT,BKK,HKT,Thailand,Phuket,2026-12-21,3052,THB
2026-09-17,BKK-HKT,BKK,HKT,Thailand,Phuket,2026-12-22,3217,THB
2026-09-17,BKK-HKT,BKK,HKT,Thailand,Phuket,2026-12-23,3201,THB
2026-09-17,BKK-HKT,BKK,HKT,Thailand,Phuket,2026-12-24,3305,THB
2026-09-17,BKK-HKT,BKK,HKT,Thailand,Phuket,2026-12-25,3344,THB
2026-09-17,BKK-HKT,BKK,HKT,Thailand,Phuket,2026-12-26,3537,THB
2026-09-17,BKK-HKT,BKK,HKT,Thailand,Phuket,2026-12-27,3564,THB
2026-09-17,BKK-HKT,BKK,HKT,Thailand,Phuket,2026-12-28,3434,THB
2026-09-17,BKK-HKT,BKK,HKT,Thailand,Phuket,2026-12-29,4023,THB
2026-09-17,BKK-HKT,BKK,HKT,Thailand,Phuket,2026-12-30,4156,THB
2026-09-17,BKK-HKT,BKK,HKT,Thailand,Phuket,2026-12-31,3327,THB
2026-09-17,BKK-HKT,BKK,HKT,Thailand,Phuket,2027-01-01,3375,THB
2026-09-17,BKK-HKT,BKK,HKT,Thailand,Phuket,2027-01-02,3652,THB
2026-09-17,BKK-HKT,BKK,HKT,Thailand,Phuket,2027-01-03,3323,THB
2026-09-17,BKK-HKT,BKK,HKT,Thailand,Phuket,2027-01-04,3168,THB
2026-09-17,BKK-HKT,BKK,HKT,Thailand,Phuket,2027-01-05,2528,THB
2026-09-17,BKK-HKT,BKK,HKT,Thailand,Phuket,2027-01-06,2280,THB
2026-09-17,BKK-HKT,BKK,HKT,Thailand,Phuket,2027-01-07,2201,THB
2026-09-17,BKK-HKT,BKK,HKT,Thailand,Phuket,2027-01-08,2334,THB
2026-09-17,BKK-HKT,BKK,HKT,Thailand,Phuket,2027-01-09,1893,THB
2026-09-17,BKK-HKT,BKK,HKT,Thailand,Phuket,2027-01-10,2639,THB
2026-09-17,BKK-HKT,BKK,HKT,Thailand,Phuket,2027-01-11,2530,THB
2026-09-17,BKK-HKT,BKK,HKT,Thailand,Phuket,2027-01-12,1478,THB
2026-09-17,BKK-HKT,BKK,HKT,Thailand,Phuket,2027-01-13,2236,THB
2026-09-17,BKK-HKT,BKK,HKT,Thailand,Phuket,2027-01-14,2370,THB
2026-09-17,BKK-HKT,BKK,HKT,Thailand,Phuket,2027-01-15,2538,THB
2026-09-17,BKK-HKT,BKK,HKT,Thailand,Phuket,2027-01-16,2540,THB
2026-09-17,BKK-HKT,BKK,HKT,Thailand,Phuket,2027-01-17,2160,THB
2026-09-17,BKK-HKT,BKK,HKT,Thailand,Phuket,2027-01-18,1413,THB
2026-09-17,BKK-HKT,BKK,HKT,Thailand,Phuket,2027-01-19,2514,THB
2026-09-17,BKK-HKT,BKK,HKT,Thailand,Phuket,2027-01-20,1970,THB
2026-09-17,BKK-HKT,BKK,HKT,Thailand,Phuket,2027-01-21,2279,THB
2026-09-17,BKK-HKT,BKK,HKT,Thailand,Phuket,2027-01-22,2875,THB
2026-09-17,BKK-HKT,BKK,HKT,Thailand,Phuket,2027-01-23,2095,THB
2026-09-17,BKK-HKT,BKK,HKT,Thailand,Phuket,2027-01-24,1532,THB
2026-09-17,BKK-HKT,BKK,HKT,Thailand,Phuket,2027-01-25,2008,THB
2026-09-17,BKK-HKT,BKK,HKT,Thailand,Phuket,2027-01-26,2530,THB
2026-09-17,BKK-HKT,BKK,HKT,Thailand,Phuket,2027-01-27,1529,THB
2026-09-17,BKK-HKT,BKK,HKT,Thailand,Phuket,2027-01-28,1975,THB
2026-09-17,BKK-HKT,BKK,HKT,Thailand,Phuket,2027-01-29,2538,THB
2026-09-17,BKK-HKT,BKK,HKT,Thailand,Phuket,2027-01-30,2245,THB
2026-09-17,BKK-HKT,BKK,HKT,Thailand,Phuket,2027-01-31,2386,THB
2026-09-17,BKK-HKT,BKK,HKT,Thailand,Phuket,2027-02-01,2541,THB
2026-09-17,BKK-HKT,BKK,HKT,Thailand,Phuket,2027-02-02,2153,THB
2026-09-17,BKK-HKT,BKK,HKT,Thailand,Phuket,2027-02-03,2744,THB
2026-09-17,BKK-HKT,BKK,HKT,Thailand,Phuket,2027-02-04,3137,THB
2026-09-17,BKK-HKT,BKK,HKT,Thailand,Phuket,2027-02-05,2369,THB
2026-09-17,BKK-HKT,BKK,HKT,Thailand,Phuket,2027-02-06,2451,THB
2026-09-17,BKK-HKT,BKK,HKT,Thailand,Phuket,2027-02-07,2391,THB
2026-09-17,BKK-HKT,BKK,HKT,Thailand,Phuket,2027-02-08,1798,THB
2026-09-17,BKK-HKT,BKK,HKT,Thailand,Phuket,2027-02-09,2977,THB
2026-09-17,BKK-HKT,BKK,HKT,Thailand,Phuket,2027-02-10,1310,THB
2026-09-17,BKK-HKT,BKK,HKT,Thailand,Phuket,2027-02-11,2333,THB
2026-09-17,BKK-HKT,BKK,HKT,Thailand,Phuket,2027-02-12,2286,THB
2026-09-17,BKK-HKT,BKK,HKT,Thailand,Phuket,2027-02-13,2532,THB
2026-09-17,BKK-HKT,BKK,HKT,Thailand,Phuket,2027-02-14,2341,THB
2026-09-17,BKK-HKT,BKK,HKT,Thailand,Phuket,2027-02-15,2232,THB
2026-09-17,BKK-HKT,BKK,HKT,Thailand,Phuket,2027-02-16,1828,THB
2026-09-17,BKK-HKT,BKK,HKT,Thailand,Phuket,2027-02-17,2228,THB
2026-09-17,BKK-HKT,BKK,HKT,Thailand,Phuket,2027-02-18,2248,THB
2026-09-17,BKK-HKT,BKK,HKT,Thailand,Phuket,2027-02-19,2167,THB
2026-09-17,BKK-HKT,BKK,HKT,Thailand,Phuket,2027-02-20,2541,THB
2026-09-17,BKK-HKT,BKK,HKT,Thailand,Phuket,2027-02-21,2474,THB
2026-09-17,BKK-HKT,BKK,HKT,Thailand,Phuket,2027-02-22,1688,THB
2026-09-17,BKK-HKT,BKK,HKT,Thailand,Phuket,2027-02-23,2330,THB
2026-09-17,BKK-HKT,BKK,HKT,Thailand,Phuket,2027-02-24,2393,THB
2026-09-17,BKK-HKT,BKK,HKT,Thailand,Phuket,2027-02-25,1931,THB
2026-09-17,BKK-HKT,BKK,HKT,Thailand,Phuket,2027-02-27,1768,THB
2026-09-17,BKK-HKT,BKK,HKT,Thailand,Phuket,2027-02-28,2269,THB
2026-09-17,BKK-HKT,BKK,HKT,Thailand,Phuket,2027-03-01,1787,THB
2026-09-17,BKK-HKT,BKK,HKT,Thailand,Phuket,2027-03-02,2227,THB
2026-09-17,BKK-HKT,BKK,HKT,Thailand,Phuket,2027-03-03,2352,THB
2026-09-17,BKK-HKT,BKK,HKT,Thailand,Phuket,2027-03-04,2443,THB
2026-09-17,BKK-HKT,BKK,HKT,Thailand,Phuket,2027-03-05,3016,THB
2026-09-17,BKK-HKT,BKK,HKT,Thailand,Phuket,2027-03-06,2542,THB
2026-09-17,BKK-HKT,BKK,HKT,Thailand,Phuket,2027-03-07,2503,THB
2026-09-17,BKK-HKT,BKK,HKT,Thailand,Phuket,2027-03-08,2638,THB
2026-09-17,BKK-HKT,BKK,HKT,Thailand,Phuket,2027-03-09,3042,THB
2026-09-17,BKK-HKT,BKK,HKT,Thailand,Phuket,2027-03-10,2326,THB
2026-09-17,BKK-HKT,BKK,HKT,Thailand,Phuket,2027-03-11,3210,THB
2026-09-17,BKK-HKT,BKK,HKT,Thailand,Phuket,2027-03-12,2203,THB
2026-09-17,BKK-HKT,BKK,HKT,Thailand,Phuket,2027-03-13,2199,THB
2026-09-17,BKK-HKT,BKK,HKT,Thailand,Phuket,2027-03-14,3290,THB
2026-09-17,BKK-HKT,BKK,HKT,Thailand,Phuket,2027-03-15,2180,THB
2026-09-17,BKK-HKT,BKK,HKT,Thailand,Phuket,2027-03-16,2614,THB
2026-09-17,BKK-HKT,BKK,HKT,Thailand,Phuket,2027-03-17,1541,THB
2026-09-17,BKK-HKT,BKK,HKT,Thailand,Phuket,2027-03-18,2030,THB
2026-09-17,BKK-HKT,BKK,HKT,Thailand,Phuket,2027-03-20,2335,THB
2026-09-17,BKK-HKT,BKK,HKT,Thailand,Phuket,2027-03-21,2452,THB
2026-09-17,BKK-HKT,BKK,HKT,Thailand,Phuket,2027-03-22,1806,THB
2026-09-17,BKK-HKT,BKK,HKT,Thailand,Phuket,2027-03-23,3482,THB
2026-09-17,BKK-HKT,BKK,HKT,Thailand,Phuket,2027-03-24,2882,THB
2026-09-17,BKK-HKT,BKK,HKT,Thailand,Phuket,2027-03-25,2342,THB
2026-09-17,BKK-HKT,BKK,HKT,Thailand,Phuket,2027-03-26,2290,THB
2026-09-17,BKK-HKT,BKK,HKT,Thailand,Phuket,2027-03-27,2993,THB
2026-09-17,BKK-HKT,BKK,HKT,Thailand,Phuket,2027-03-30,4437,THB
2026-09-17,BKK-HKT,BKK,HKT,Thailand,Phuket,2027-03-31,3429,THB
2026-09-17,BKK-HKT,BKK,HKT,Thailand,Phuket,2027-04-01,2962,THB
2026-09-17,BKK-HKT,BKK,HKT,Thailand,Phuket,2027-04-02,3627,THB
2026-09-17,BKK-HKT,BKK,HKT,Thailand,Phuket,2027-04-09,4213,THB
2026-09-17,BKK-HKT,BKK,HKT,Thailand,Phuket,2027-04-10,5446,THB
2026-09-17,BKK-HKT,BKK,HKT,Thailand,Phuket,2027-04-12,3885,THB
2026-09-17,BKK-HKT,BKK,HKT,Thailand,Phuket,2027-04-15,2764,THB
2026-09-17,BKK-HKT,BKK,HKT,Thailand,Phuket,2027-04-23,2940,THB
2026-09-17,BKK-HKT,BKK,HKT,Thailand,Phuket,2027-04-26,3159,THB
2026-09-17,BKK-HKT,BKK,HKT,Thailand,Phuket,2027-04-28,1982,THB
2026-09-17,BKK-HKT,BKK,HKT,Thailand,Phuket,2027-05-01,3911,THB
2026-09-17,BKK-HKT,BKK,HKT,Thailand,Phuket,2027-05-04,3089,THB
2026-09-17,BKK-HKT,BKK,HKT,Thailand,Phuket,2027-05-06,2490,THB
2026-09-17,BKK-HKT,BKK,HKT,Thailand,Phuket,2027-05-11,3074,THB
2026-09-17,BKK-HKT,BKK,HKT,Thailand,Phuket,2027-05-28,2429,THB
2026-09-17,BKK-HKT,BKK,HKT,Thailand,Phuket,2027-06-01,2570,THB
2026-09-17,BKK-HKT,BKK,HKT,Thailand,Phuket,2027-06-05,1482,THB
2026-09-17,BKK-HKT,BKK,HKT,Thailand,Phuket,2027-06-08,2288,THB
2026-09-17,BKK-HKT,BKK,HKT,Thailand,Phuket,2027-06-11,2772,THB
2026-09-17,BKK-HKT,BKK,HKT,Thailand,Phuket,2027-06-30,2023,THB
2026-09-17,BKK-HKT,BKK,HKT,Thailand,Phuket,2027-07-14,2670,THB
2026-09-17,BKK-HKT,BKK,HKT,Thailand,Phuket,2027-07-16,3379,THB
2026-09-17,BKK-HKT,BKK,HKT,Thailand,Phuket,2027-07-17,2893,THB
2026-09-17,BKK-HKT,BKK,HKT,Thailand,Phuket,2027-08-14,3232,THB
2026-09-17,BKK-CNX,BKK,CNX,Thailand,Chiang Mai,2026-09-17,2505,THB
2026-09-17,BKK-CNX,BKK,CNX,Thailand,Chiang Mai,2026-09-18,3050,THB
2026-09-17,BKK-CNX,BKK,CNX,Thailand,Chiang Mai,2026-09-19,2599,THB
2026-09-17,BKK-CNX,BKK,CNX,Thailand,Chiang Mai,2026-09-20,2367,THB
2026-09-17,BKK-CNX,BKK,CNX,Thailand,Chiang Mai,2026-09-21,2567,THB
2026-09-17,BKK-CNX,BKK,CNX,Thailand,Chiang Mai,2026-09-23,2770,THB
2026-09-17,BKK-CNX,BKK,CNX,Thailand,Chiang Mai,2026-09-24,2622,THB
2026-09-17,BKK-CNX,BKK,CNX,Thailand,Chiang Mai,2026-09-25,2821,THB
2026-09-17,BKK-CNX,BKK,CNX,Thailand,Chiang Mai,2026-09-26,2929,THB
2026-09-17,BKK-CNX,BKK,CNX,Thailand,Chiang Mai,2026-09-28,2794,THB
2026-09-17,BKK-CNX,BKK,CNX,Thailand,Chiang Mai,2026-09-29,2597,THB
2026-09-17,BKK-CNX,BKK,CNX,Thailand,Chiang Mai,2026-09-30,2683,THB
2026-09-17,BKK-CNX,BKK,CNX,Thailand,Chiang Mai,2026-10-01,3112,THB
2026-09-17,BKK-CNX,BKK,CNX,Thailand,Chiang Mai,2026-10-02,3134,THB
2026-09-17,BKK-CNX,BKK,CNX,Thailand,Chiang Mai,2026-10-03,2581,THB
2026-09-17,BKK-CNX,BKK,CNX,Thailand,Chiang Mai,2026-10-04,2700,THB
2026-09-17,BKK-CNX,BKK,CNX,Thailand,Chiang Mai,2026-10-06,2726,THB
2026-09-17,BKK-CNX,BKK,CNX,Thailand,Chiang Mai,2026-10-07,2592,THB
2026-09-17,BKK-CNX,BKK,CNX,Thailand,Chiang Mai,2026-10-08,3341,THB
2026-09-17,BKK-CNX,BKK,CNX,Thailand,Chiang Mai,2026-10-10,3039,THB
2026-09-17,BKK-CNX,BKK,CNX,Thailand,Chiang Mai,2026-10-11,2529,THB
2026-09-17,BKK-CNX,BKK,CNX,Thailand,Chiang Mai,2026-10-12,3088,THB
2026-09-17,BKK-CNX,BKK,CNX,Thailand,Chiang Mai,2026-10-13,2938,THB
2026-09-17,BKK-CNX,BKK,CNX,Thailand,Chiang Mai,2026-10-14,3251,THB
2026-09-17,BKK-CNX,BKK,CNX,Thailand,Chiang Mai,2026-10-15,2826,THB
2026-09-17,BKK-CNX,BKK,CNX,Thailand,Chiang Mai,2026-10-16,2931,THB
2026-09-17,BKK-CNX,BKK,CNX,Thailand,Chiang Mai,2026-10-17,2797,THB
2026-09-17,BKK-CNX,BKK,CNX,Thailand,Chiang Mai,2026-10-20,3128,THB
2026-09-17,BKK-CNX,BKK,CNX,Thailand,Chiang Mai,2026-10-21,3203,THB
2026-09-17,BKK-CNX,BKK,CNX,Thailand,Chiang Mai,2026-10-22,3036,THB
2026-09-17,BKK-CNX,BKK,CNX,Thailand,Chiang Mai,2026-10-23,3345,THB
2026-09-17,BKK-CNX,BKK,CNX,Thailand,Chiang Mai,2026-10-24,2960,THB
2026-09-17,BKK-CNX,BKK,CNX,Thailand,Chiang Mai,2026-10-26,2861,THB
2026-09-17,BKK-CNX,BKK,CNX,Thailand,Chiang Mai,2026-10-27,2665,THB
2026-09-17,BKK-CNX,BKK,CNX,Thailand,Chiang Mai,2026-10-28,3323,THB
2026-09-17,BKK-CNX,BKK,CNX,Thailand,Chiang Mai,2026-10-31,3049,THB
2026-09-17,BKK-CNX,BKK,CNX,Thailand,Chiang Mai,2026-11-01,3261,THB
2026-09-17,BKK-CNX,BKK,CNX,Thailand,Chiang Mai,2026-11-03,2577,THB
2026-09-17,BKK-CNX,BKK,CNX,Thailand,Chiang Mai,2026-11-04,3100,THB
2026-09-17,BKK-CNX,BKK,CNX,Thailand,Chiang Mai,2026-11-05,3145,THB
2026-09-17,BKK-CNX,BKK,CNX,Thailand,Chiang Mai,2026-11-06,3301,THB
2026-09-17,BKK-CNX,BKK,CNX,Thailand,Chiang Mai,2026-11-07,3068,THB
2026-09-17,BKK-CNX,BKK,CNX,Thailand,Chiang Mai,2026-11-08,3318,THB
2026-09-17,BKK-CNX,BKK,CNX,Thailand,Chiang Mai,2026-11-11,2726,THB
2026-09-17,BKK-CNX,BKK,CNX,Thailand,Chiang Mai,2026-11-12,3666,THB
2026-09-17,BKK-CNX,BKK,CNX,Thailand,Chiang Mai,2026-11-14,4151,THB
2026-09-17,BKK-CNX,BKK,CNX,Thailand,Chiang Mai,2026-11-16,3395,THB
2026-09-17,BKK-CNX,BKK,CNX,Thailand,Chiang Mai,2026-11-17,2900,THB
2026-09-17,BKK-CNX,BKK,CNX,Thailand,Chiang Mai,2026-11-18,6579,THB
2026-09-17,BKK-CNX,BKK,CNX,Thailand,Chiang Mai,2026-11-19,4595,THB
2026-09-17,BKK-CNX,BKK,CNX,Thailand,Chiang Mai,2026-11-20,5111,THB
2026-09-17,BKK-CNX,BKK,CNX,Thailand,Chiang Mai,2026-11-21,5741,THB
2026-09-17,BKK-CNX,BKK,CNX,Thailand,Chiang Mai,2026-11-22,7048,THB
2026-09-17,BKK-CNX,BKK,CNX,Thailand,Chiang Mai,2026-11-23,6066,THB
2026-09-17,BKK-CNX,BKK,CNX,Thailand,Chiang Mai,2026-11-24,8794,THB
2026-09-17,BKK-CNX,BKK,CNX,Thailand,Chiang Mai,2026-11-25,4839,THB
2026-09-17,BKK-CNX,BKK,CNX,Thailand,Chiang Mai,2026-11-26,3521,THB
2026-09-17,BKK-CNX,BKK,CNX,Thailand,Chiang Mai,2026-11-27,4504,THB
2026-09-17,BKK-CNX,BKK,CNX,Thailand,Chiang Mai,2026-11-28,2873,THB
2026-09-17,BKK-CNX,BKK,CNX,Thailand,Chiang Mai,2026-12-01,3371,THB
2026-09-17,BKK-CNX,BKK,CNX,Thailand,Chiang Mai,2026-12-03,3946,THB
2026-09-17,BKK-CNX,BKK,CNX,Thailand,Chiang Mai,2026-12-04,4150,THB
2026-09-17,BKK-CNX,BKK,CNX,Thailand,Chiang Mai,2026-12-05,3340,THB
2026-09-17,BKK-CNX,BKK,CNX,Thailand,Chiang Mai,2026-12-07,3571,THB
2026-09-17,BKK-CNX,BKK,CNX,Thailand,Chiang Mai,2026-12-09,3554,THB
2026-09-17,BKK-CNX,BKK,CNX,Thailand,Chiang Mai,2026-12-11,2979,THB
2026-09-17,BKK-CNX,BKK,CNX,Thailand,Chiang Mai,2026-12-15,3136,THB
2026-09-17,BKK-CNX,BKK,CNX,Thailand,Chiang Mai,2026-12-16,2551,THB
2026-09-17,BKK-CNX,BKK,CNX,Thailand,Chiang Mai,2026-12-18,3176,THB
2026-09-17,BKK-CNX,BKK,CNX,Thailand,Chiang Mai,2026-12-20,3086,THB
2026-09-17,BKK-CNX,BKK,CNX,Thailand,Chiang Mai,2026-12-21,3029,THB
2026-09-17,BKK-CNX,BKK,CNX,Thailand,Chiang Mai,2026-12-23,3993,THB
2026-09-17,BKK-CNX,BKK,CNX,Thailand,Chiang Mai,2026-12-26,3537,THB
2026-09-17,BKK-CNX,BKK,CNX,Thailand,Chiang Mai,2026-12-27,4154,THB
2026-09-17,BKK-CNX,BKK,CNX,Thailand,Chiang Mai,2026-12-28,4519,THB
2026-09-17,BKK-CNX,BKK,CNX,Thailand,Chiang Mai,2026-12-29,4283,THB
2026-09-17,BKK-CNX,BKK,CNX,Thailand,Chiang Mai,2026-12-30,4397,THB
2026-09-17,BKK-CNX,BKK,CNX,Thailand,Chiang Mai,2026-12-31,4383,THB
2026-09-17,BKK-CNX,BKK,CNX,Thailand,Chiang Mai,2027-01-01,3616,THB
2026-09-17,BKK-CNX,BKK,CNX,Thailand,Chiang Mai,2027-01-02,3497,THB
2026-09-17,BKK-CNX,BKK,CNX,Thailand,Chiang Mai,2027-01-04,3321,THB
2026-09-17,BKK-CNX,BKK,CNX,Thailand,Chiang Mai,2027-01-05,2760,THB
2026-09-17,BKK-CNX,BKK,CNX,Thailand,Chiang Mai,2027-01-06,2531,THB
2026-09-17,BKK-CNX,BKK,CNX,Thailand,Chiang Mai,2027-01-07,3599,THB
2026-09-17,BKK-CNX,BKK,CNX,Thailand,Chiang Mai,2027-01-10,3160,THB
2026-09-17,BKK-CNX,BKK,CNX,Thailand,Chiang Mai,2027-01-11,2853,THB
2026-09-17,BKK-CNX,BKK,CNX,Thailand,Chiang Mai,2027-01-12,2328,THB
2026-09-17,BKK-CNX,BKK,CNX,Thailand,Chiang Mai,2027-01-15,3475,THB
2026-09-17,BKK-CNX,BKK,CNX,Thailand,Chiang Mai,2027-01-16,3098,THB
2026-09-17,BKK-CNX,BKK,CNX,Thailand,Chiang Mai,2027-01-21,3213,THB
2026-09-17,BKK-CNX,BKK,CNX,Thailand,Chiang Mai,2027-01-22,3070,THB
2026-09-17,BKK-CNX,BKK,CNX,Thailand,Chiang Mai,2027-01-23,3574,THB
2026-09-17,BKK-CNX,BKK,CNX,Thailand,Chiang Mai,2027-01-25,3100,THB
2026-09-17,BKK-CNX,BKK,CNX,Thailand,Chiang Mai,2027-01-29,3491,THB
2026-09-17,BKK-CNX,BKK,CNX,Thailand,Chiang Mai,2027-02-01,3279,THB
2026-09-17,BKK-CNX,BKK,CNX,Thailand,Chiang Mai,2027-02-02,3050,THB
2026-09-17,BKK-CNX,BKK,CNX,Thailand,Chiang Mai,2027-02-03,3005,THB
2026-09-17,BKK-CNX,BKK,CNX,Thailand,Chiang Mai,2027-02-05,3426,THB
2026-09-17,BKK-CNX,BKK,CNX,Thailand,Chiang Mai,2027-02-07,3231,THB
2026-09-17,BKK-CNX,BKK,CNX,Thailand,Chiang Mai,2027-02-08,3236,THB
2026-09-17,BKK-CNX,BKK,CNX,Thailand,Chiang Mai,2027-02-09,3099,THB
2026-09-17,BKK-CNX,BKK,CNX,Thailand,Chiang Mai,2027-02-10,3211,THB
2026-09-17,BKK-CNX,BKK,CNX,Thailand,Chiang Mai,2027-02-13,3061,THB
2026-09-17,BKK-CNX,BKK,CNX,Thailand,Chiang Mai,2027-02-18,3220,THB
2026-09-17,BKK-CNX,BKK,CNX,Thailand,Chiang Mai,2027-02-28,2871,THB
2026-09-17,BKK-CNX,BKK,CNX,Thailand,Chiang Mai,2027-03-01,2876,THB
2026-09-17,BKK-CNX,BKK,CNX,Thailand,Chiang Mai,2027-03-07,3136,THB
2026-09-17,BKK-CNX,BKK,CNX,Thailand,Chiang Mai,2027-03-10,2581,THB
2026-09-17,BKK-CNX,BKK,CNX,Thailand,Chiang Mai,2027-03-11,3040,THB
2026-09-17,BKK-CNX,BKK,CNX,Thailand,Chiang Mai,2027-03-13,2875,THB
2026-09-17,BKK-CNX,BKK,CNX,Thailand,Chiang Mai,2027-03-27,2967,THB
2026-09-17,BKK-CNX,BKK,CNX,Thailand,Chiang Mai,2027-04-16,4513,THB
2026-09-17,BKK-CNX,BKK,CNX,Thailand,Chiang Mai,2027-05-18,2988,THB
2026-09-17,BKK-CNX,BKK,CNX,Thailand,Chiang Mai,2027-07-20,2969,THB
2026-09-17,BKK-KBV,BKK,KBV,Thailand,Krabi,2026-09-17,3385,THB
2026-09-17,BKK-KBV,BKK,KBV,Thailand,Krabi,2026-09-18,2102,THB
2026-09-17,BKK-KBV,BKK,KBV,Thailand,Krabi,2026-09-19,2007,THB
2026-09-17,BKK-KBV,BKK,KBV,Thailand,Krabi,2026-09-20,1783,THB
2026-09-17,BKK-KBV,BKK,KBV,Thailand,Krabi,2026-09-21,2117,THB
2026-09-17,BKK-KBV,BKK,KBV,Thailand,Krabi,2026-09-22,1736,THB
2026-09-17,BKK-KBV,BKK,KBV,Thailand,Krabi,2026-09-23,2032,THB
2026-09-17,BKK-KBV,BKK,KBV,Thailand,Krabi,2026-09-24,2181,THB
2026-09-17,BKK-KBV,BKK,KBV,Thailand,Krabi,2026-09-25,2151,THB
2026-09-17,BKK-KBV,BKK,KBV,Thailand,Krabi,2026-09-26,2474,THB
2026-09-17,BKK-KBV,BKK,KBV,Thailand,Krabi,2026-09-27,2344,THB
2026-09-17,BKK-KBV,BKK,KBV,Thailand,Krabi,2026-09-28,2464,THB
2026-09-17,BKK-KBV,BKK,KBV,Thailand,Krabi,2026-09-29,2470,THB
2026-09-17,BKK-KBV,BKK,KBV,Thailand,Krabi,2026-09-30,2355,THB
2026-09-17,BKK-KBV,BKK,KBV,Thailand,Krabi,2026-10-01,2402,THB
2026-09-17,BKK-KBV,BKK,KBV,Thailand,Krabi,2026-10-02,2545,THB
2026-09-17,BKK-KBV,BKK,KBV,Thailand,Krabi,2026-10-03,2578,THB
2026-09-17,BKK-KBV,BKK,KBV,Thailand,Krabi,2026-10-04,2207,THB
2026-09-17,BKK-KBV,BKK,KBV,Thailand,Krabi,2026-10-05,2576,THB
2026-09-17,BKK-KBV,BKK,KBV,Thailand,Krabi,2026-10-06,2532,THB
2026-09-17,BKK-KBV,BKK,KBV,Thailand,Krabi,2026-10-07,2352,THB
2026-09-17,BKK-KBV,BKK,KBV,Thailand,Krabi,2026-10-08,2349,THB
2026-09-17,BKK-KBV,BKK,KBV,Thailand,Krabi,2026-10-09,2844,THB
2026-09-17,BKK-KBV,BKK,KBV,Thailand,Krabi,2026-10-10,2707,THB
2026-09-17,BKK-KBV,BKK,KBV,Thailand,Krabi,2026-10-11,2352,THB
2026-09-17,BKK-KBV,BKK,KBV,Thailand,Krabi,2026-10-12,2536,THB
2026-09-17,BKK-KBV,BKK,KBV,Thailand,Krabi,2026-10-13,2536,THB
2026-09-17,BKK-KBV,BKK,KBV,Thailand,Krabi,2026-10-14,2426,THB
2026-09-17,BKK-KBV,BKK,KBV,Thailand,Krabi,2026-10-15,2299,THB
2026-09-17,BKK-KBV,BKK,KBV,Thailand,Krabi,2026-10-16,2423,THB
2026-09-17,BKK-KBV,BKK,KBV,Thailand,Krabi,2026-10-17,2360,THB
2026-09-17,BKK-KBV,BKK,KBV,Thailand,Krabi,2026-10-18,2351,THB
2026-09-17,BKK-KBV,BKK,KBV,Thailand,Krabi,2026-10-19,2450,THB
2026-09-17,BKK-KBV,BKK,KBV,Thailand,Krabi,2026-10-20,2447,THB
2026-09-17,BKK-KBV,BKK,KBV,Thailand,Krabi,2026-10-21,2648,THB
2026-09-17,BKK-KBV,BKK,KBV,Thailand,Krabi,2026-10-22,2705,THB
2026-09-17,BKK-KBV,BKK,KBV,Thailand,Krabi,2026-10-23,2497,THB
2026-09-17,BKK-KBV,BKK,KBV,Thailand,Krabi,2026-10-24,2444,THB
2026-09-17,BKK-KBV,BKK,KBV,Thailand,Krabi,2026-10-25,2721,THB
2026-09-17,BKK-KBV,BKK,KBV,Thailand,Krabi,2026-10-26,2554,THB
2026-09-17,BKK-KBV,BKK,KBV,Thailand,Krabi,2026-10-27,2554,THB
2026-09-17,BKK-KBV,BKK,KBV,Thailand,Krabi,2026-10-28,2415,THB
2026-09-17,BKK-KBV,BKK,KBV,Thailand,Krabi,2026-10-29,2744,THB
2026-09-17,BKK-KBV,BKK,KBV,Thailand,Krabi,2026-10-30,2512,THB
2026-09-17,BKK-KBV,BKK,KBV,Thailand,Krabi,2026-10-31,2608,THB
2026-09-17,BKK-KBV,BKK,KBV,Thailand,Krabi,2026-11-01,2642,THB
2026-09-17,BKK-KBV,BKK,KBV,Thailand,Krabi,2026-11-02,2783,THB
2026-09-17,BKK-KBV,BKK,KBV,Thailand,Krabi,2026-11-03,2720,THB
2026-09-17,BKK-KBV,BKK,KBV,Thailand,Krabi,2026-11-04,2818,THB
2026-09-17,BKK-KBV,BKK,KBV,Thailand,Krabi,2026-11-05,2775,THB
2026-09-17,BKK-KBV,BKK,KBV,Thailand,Krabi,2026-11-06,2654,THB
2026-09-17,BKK-KBV,BKK,KBV,Thailand,Krabi,2026-11-07,2702,THB
2026-09-17,BKK-KBV,BKK,KBV,Thailand,Krabi,2026-11-08,2996,THB
2026-09-17,BKK-KBV,BKK,KBV,Thailand,Krabi,2026-11-09,2747,THB
2026-09-17,BKK-KBV,BKK,KBV,Thailand,Krabi,2026-11-10,2827,THB
2026-09-17,BKK-KBV,BKK,KBV,Thailand,Krabi,2026-11-11,2986,THB
2026-09-17,BKK-KBV,BKK,KBV,Thailand,Krabi,2026-11-12,2809,THB
2026-09-17,BKK-KBV,BKK,KBV,Thailand,Krabi,2026-11-13,2809,THB
2026-09-17,BKK-KBV,BKK,KBV,Thailand,Krabi,2026-11-14,2948,THB
2026-09-17,BKK-KBV,BKK,KBV,Thailand,Krabi,2026-11-15,3053,THB
2026-09-17,BKK-KBV,BKK,KBV,Thailand,Krabi,2026-11-16,3171,THB
2026-09-17,BKK-KBV,BKK,KBV,Thailand,Krabi,2026-11-17,2875,THB
2026-09-17,BKK-KBV,BKK,KBV,Thailand,Krabi,2026-11-18,3289,THB
2026-09-17,BKK-KBV,BKK,KBV,Thailand,Krabi,2026-11-19,3115,THB
2026-09-17,BKK-KBV,BKK,KBV,Thailand,Krabi,2026-11-20,2764,THB
2026-09-17,BKK-KBV,BKK,KBV,Thailand,Krabi,2026-11-21,2856,THB
2026-09-17,BKK-KBV,BKK,KBV,Thailand,Krabi,2026-11-22,2788,THB
2026-09-17,BKK-KBV,BKK,KBV,Thailand,Krabi,2026-11-23,2847,THB
2026-09-17,BKK-KBV,BKK,KBV,Thailand,Krabi,2026-11-24,2877,THB
2026-09-17,BKK-KBV,BKK,KBV,Thailand,Krabi,2026-11-25,2863,THB
2026-09-17,BKK-KBV,BKK,KBV,Thailand,Krabi,2026-11-26,3297,THB
2026-09-17,BKK-KBV,BKK,KBV,Thailand,Krabi,2026-11-27,3026,THB
2026-09-17,BKK-KBV,BKK,KBV,Thailand,Krabi,2026-11-28,2807,THB
2026-09-17,BKK-KBV,BKK,KBV,Thailand,Krabi,2026-11-29,3076,THB
2026-09-17,BKK-KBV,BKK,KBV,Thailand,Krabi,2026-11-30,2839,THB
2026-09-17,BKK-KBV,BKK,KBV,Thailand,Krabi,2026-12-01,3283,THB
2026-09-17,BKK-KBV,BKK,KBV,Thailand,Krabi,2026-12-02,2917,THB
2026-09-17,BKK-KBV,BKK,KBV,Thailand,Krabi,2026-12-03,2915,THB
2026-09-17,BKK-KBV,BKK,KBV,Thailand,Krabi,2026-12-04,3273,THB
2026-09-17,BKK-KBV,BKK,KBV,Thailand,Krabi,2026-12-05,3009,THB
2026-09-17,BKK-KBV,BKK,KBV,Thailand,Krabi,2026-12-06,3264,THB
2026-09-17,BKK-KBV,BKK,KBV,Thailand,Krabi,2026-12-07,2882,THB
2026-09-17,BKK-KBV,BKK,KBV,Thailand,Krabi,2026-12-08,2970,THB
2026-09-17,BKK-KBV,BKK,KBV,Thailand,Krabi,2026-12-09,2883,THB
2026-09-17,BKK-KBV,BKK,KBV,Thailand,Krabi,2026-12-10,2920,THB
2026-09-17,BKK-KBV,BKK,KBV,Thailand,Krabi,2026-12-11,3082,THB
2026-09-17,BKK-KBV,BKK,KBV,Thailand,Krabi,2026-12-12,2913,THB
2026-09-17,BKK-KBV,BKK,KBV,Thailand,Krabi,2026-12-13,2794,THB
2026-09-17,BKK-KBV,BKK,KBV,Thailand,Krabi,2026-12-14,3175,THB
2026-09-17,BKK-KBV,BKK,KBV,Thailand,Krabi,2026-12-15,2928,THB
2026-09-17,BKK-KBV,BKK,KBV,Thailand,Krabi,2026-12-17,3060,THB
2026-09-17,BKK-KBV,BKK,KBV,Thailand,Krabi,2026-12-18,2955,THB
2026-09-17,BKK-KBV,BKK,KBV,Thailand,Krabi,2026-12-19,3099,THB
2026-09-17,BKK-KBV,BKK,KBV,Thailand,Krabi,2026-12-20,6366,THB
2026-09-17,BKK-KBV,BKK,KBV,Thailand,Krabi,2026-12-22,3653,THB
2026-09-17,BKK-KBV,BKK,KBV,Thailand,Krabi,2026-12-23,6094,THB
2026-09-17,BKK-KBV,BKK,KBV,Thailand,Krabi,2026-12-25,4698,THB
2026-09-17,BKK-KBV,BKK,KBV,Thailand,Krabi,2026-12-26,5743,THB
2026-09-17,BKK-KBV,BKK,KBV,Thailand,Krabi,2026-12-27,3967,THB
2026-09-17,BKK-KBV,BKK,KBV,Thailand,Krabi,2026-12-28,4299,THB
2026-09-17,BKK-KBV,BKK,KBV,Thailand,Krabi,2026-12-29,4078,THB
2026-09-17,BKK-KBV,BKK,KBV,Thailand,Krabi,2026-12-30,3951,THB
2026-09-17,BKK-KBV,BKK,KBV,Thailand,Krabi,2026-12-31,3592,THB
2026-09-17,BKK-KBV,BKK,KBV,Thailand,Krabi,2027-01-01,2804,THB
2026-09-17,BKK-KBV,BKK,KBV,Thailand,Krabi,2027-01-02,3459,THB
2026-09-17,BKK-KBV,BKK,KBV,Thailand,Krabi,2027-01-03,3043,THB
2026-09-17,BKK-KBV,BKK,KBV,Thailand,Krabi,2027-01-04,2910,THB
2026-09-17,BKK-KBV,BKK,KBV,Thailand,Krabi,2027-01-05,2548,THB
2026-09-17,BKK-KBV,BKK,KBV,Thailand,Krabi,2027-01-06,2532,THB
2026-09-17,BKK-KBV,BKK,KBV,Thailand,Krabi,2027-01-07,2506,THB
2026-09-17,BKK-KBV,BKK,KBV,Thailand,Krabi,2027-01-08,2319,THB
2026-09-17,BKK-KBV,BKK,KBV,Thailand,Krabi,2027-01-09,2531,THB
2026-09-17,BKK-KBV,BKK,KBV,Thailand,Krabi,2027-01-11,1829,THB
2026-09-17,BKK-KBV,BKK,KBV,Thailand,Krabi,2027-01-12,2637,THB
2026-09-17,BKK-KBV,BKK,KBV,Thailand,Krabi,2027-01-13,2255,THB
2026-09-17,BKK-KBV,BKK,KBV,Thailand,Krabi,2027-01-14,2812,THB
2026-09-17,BKK-KBV,BKK,KBV,Thailand,Krabi,2027-01-15,2798,THB
2026-09-17,BKK-KBV,BKK,KBV,Thailand,Krabi,2027-01-20,2617,THB
2026-09-17,BKK-KBV,BKK,KBV,Thailand,Krabi,2027-01-21,2040,THB
2026-09-17,BKK-KBV,BKK,KBV,Thailand,Krabi,2027-01-22,2757,THB
2026-09-17,BKK-KBV,BKK,KBV,Thailand,Krabi,2027-01-23,2640,THB
2026-09-17,BKK-KBV,BKK,KBV,Thailand,Krabi,2027-01-24,2071,THB
2026-09-17,BKK-KBV,BKK,KBV,Thailand,Krabi,2027-01-25,2288,THB
2026-09-17,BKK-KBV,BKK,KBV,Thailand,Krabi,2027-01-26,2819,THB
2026-09-17,BKK-KBV,BKK,KBV,Thailand,Krabi,2027-01-27,1282,THB
2026-09-17,BKK-KBV,BKK,KBV,Thailand,Krabi,2027-01-28,2372,THB
2026-09-17,BKK-KBV,BKK,KBV,Thailand,Krabi,2027-01-29,2647,THB
2026-09-17,BKK-KBV,BKK,KBV,Thailand,Krabi,2027-01-31,2640,THB
2026-09-17,BKK-KBV,BKK,KBV,Thailand,Krabi,2027-02-01,2576,THB
2026-09-17,BKK-KBV,BKK,KBV,Thailand,Krabi,2027-02-02,2396,THB
2026-09-17,BKK-KBV,BKK,KBV,Thailand,Krabi,2027-02-03,2536,THB
2026-09-17,BKK-KBV,BKK,KBV,Thailand,Krabi,2027-02-04,2636,THB
2026-09-17,BKK-KBV,BKK,KBV,Thailand,Krabi,2027-02-05,2832,THB
2026-09-17,BKK-KBV,BKK,KBV,Thailand,Krabi,2027-02-06,2816,THB
2026-09-17,BKK-KBV,BKK,KBV,Thailand,Krabi,2027-02-07,2588,THB
2026-09-17,BKK-KBV,BKK,KBV,Thailand,Krabi,2027-02-08,2763,THB
2026-09-17,BKK-KBV,BKK,KBV,Thailand,Krabi,2027-02-09,2937,THB
2026-09-17,BKK-KBV,BKK,KBV,Thailand,Krabi,2027-02-10,2039,THB
2026-09-17,BKK-KBV,BKK,KBV,Thailand,Krabi,2027-02-11,2853,THB
2026-09-17,BKK-KBV,BKK,KBV,Thailand,Krabi,2027-02-12,2640,THB
2026-09-17,BKK-KBV,BKK,KBV,Thailand,Krabi,2027-02-13,2415,THB
2026-09-17,BKK-KBV,BKK,KBV,Thailand,Krabi,2027-02-14,3074,THB
2026-09-17,BKK-KBV,BKK,KBV,Thailand,Krabi,2027-02-15,2843,THB
2026-09-17,BKK-KBV,BKK,KBV,Thailand,Krabi,2027-02-16,3006,THB
2026-09-17,BKK-KBV,BKK,KBV,Thailand,Krabi,2027-02-17,2391,THB
2026-09-17,BKK-KBV,BKK,KBV,Thailand,Krabi,2027-02-19,2878,THB
2026-09-17,BKK-KBV,BKK,KBV,Thailand,Krabi,2027-02-20,2918,THB
2026-09-17,BKK-KBV,BKK,KBV,Thailand,Krabi,2027-02-21,2523,THB
2026-09-17,BKK-KBV,BKK,KBV,Thailand,Krabi,2027-02-23,2948,THB
2026-09-17,BKK-KBV,BKK,KBV,Thailand,Krabi,2027-02-25,2853,THB
2026-09-17,BKK-KBV,BKK,KBV,Thailand,Krabi,2027-02-26,2435,THB
2026-09-17,BKK-KBV,BKK,KBV,Thailand,Krabi,2027-02-27,2429,THB
2026-09-17,BKK-KBV,BKK,KBV,Thailand,Krabi,2027-02-28,1737,THB
2026-09-17,BKK-KBV,BKK,KBV,Thailand,Krabi,2027-03-01,2493,THB
2026-09-17,BKK-KBV,BKK,KBV,Thailand,Krabi,2027-03-02,2486,THB
2026-09-17,BKK-KBV,BKK,KBV,Thailand,Krabi,2027-03-05,2627,THB
2026-09-17,BKK-KBV,BKK,KBV,Thailand,Krabi,2027-03-06,2539,THB
2026-09-17,BKK-KBV,BKK,KBV,Thailand,Krabi,2027-03-07,1604,THB
2026-09-17,BKK-KBV,BKK,KBV,Thailand,Krabi,2027-03-08,2122,THB
2026-09-17,BKK-KBV,BKK,KBV,Thailand,Krabi,2027-03-10,1940,THB
2026-09-17,BKK-KBV,BKK,KBV,Thailand,Krabi,2027-03-11,2351,THB
2026-09-17,BKK-KBV,BKK,KBV,Thailand,Krabi,2027-03-12,1975,THB
2026-09-17,BKK-KBV,BKK,KBV,Thailand,Krabi,2027-03-13,2461,THB
2026-09-17,BKK-KBV,BKK,KBV,Thailand,Krabi,2027-03-14,1908,THB
2026-09-17,BKK-KBV,BKK,KBV,Thailand,Krabi,2027-03-15,2515,THB
2026-09-17,BKK-KBV,BKK,KBV,Thailand,Krabi,2027-03-18,2198,THB
2026-09-17,BKK-KBV,BKK,KBV,Thailand,Krabi,2027-03-19,2524,THB
2026-09-17,BKK-KBV,BKK,KBV,Thailand,Krabi,2027-03-21,2453,THB
2026-09-17,BKK-KBV,BKK,KBV,Thailand,Krabi,2027-03-25,2753,THB
2026-09-17,BKK-KBV,BKK,KBV,Thailand,Krabi,2027-03-26,2977,THB
2026-09-17,BKK-KBV,BKK,KBV,Thailand,Krabi,2027-04-12,3922,THB
2026-09-17,BKK-KBV,BKK,KBV,Thailand,Krabi,2027-05-10,2414,THB
2026-09-17,BKK-KBV,BKK,KBV,Thailand,Krabi,2027-05-19,2612,THB
2026-09-17,BKK-KBV,BKK,KBV,Thailand,Krabi,2027-07-16,2538,THB
2026-09-17,BKK-KBV,BKK,KBV,Thailand,Krabi,2027-07-17,2523,THB
2026-09-17,BKK-KBV,BKK,KBV,Thailand,Krabi,2027-07-18,2284,THB
2026-09-17,BKK-CEI,BKK,CEI,Thailand,Chiang Rai,2026-09-17,2159,THB
2026-09-17,BKK-CEI,BKK,CEI,Thailand,Chiang Rai,2026-09-18,4198,THB
2026-09-17,BKK-CEI,BKK,CEI,Thailand,Chiang Rai,2026-09-19,2411,THB
2026-09-17,BKK-CEI,BKK,CEI,Thailand,Chiang Rai,2026-09-22,2044,THB
2026-09-17,BKK-CEI,BKK,CEI,Thailand,Chiang Rai,2026-09-23,2173,THB
2026-09-17,BKK-CEI,BKK,CEI,Thailand,Chiang Rai,2026-09-24,2173,THB
2026-09-17,BKK-CEI,BKK,CEI,Thailand,Chiang Rai,2026-09-25,2795,THB
2026-09-17,BKK-CEI,BKK,CEI,Thailand,Chiang Rai,2026-09-26,2843,THB
2026-09-17,BKK-CEI,BKK,CEI,Thailand,Chiang Rai,2026-09-27,2266,THB
2026-09-17,BKK-CEI,BKK,CEI,Thailand,Chiang Rai,2026-09-28,2622,THB
2026-09-17,BKK-CEI,BKK,CEI,Thailand,Chiang Rai,2026-10-01,2214,THB
2026-09-17,BKK-CEI,BKK,CEI,Thailand,Chiang Rai,2026-10-02,2180,THB
2026-09-17,BKK-CEI,BKK,CEI,Thailand,Chiang Rai,2026-10-03,2259,THB
2026-09-17,BKK-CEI,BKK,CEI,Thailand,Chiang Rai,2026-10-05,2862,THB
2026-09-17,BKK-CEI,BKK,CEI,Thailand,Chiang Rai,2026-10-06,2396,THB
2026-09-17,BKK-CEI,BKK,CEI,Thailand,Chiang Rai,2026-10-08,2614,THB
2026-09-17,BKK-CEI,BKK,CEI,Thailand,Chiang Rai,2026-10-11,3188,THB
2026-09-17,BKK-CEI,BKK,CEI,Thailand,Chiang Rai,2026-10-12,3043,THB
2026-09-17,BKK-CEI,BKK,CEI,Thailand,Chiang Rai,2026-10-16,2418,THB
2026-09-17,BKK-CEI,BKK,CEI,Thailand,Chiang Rai,2026-10-17,2607,THB
2026-09-17,BKK-CEI,BKK,CEI,Thailand,Chiang Rai,2026-10-19,2675,THB
2026-09-17,BKK-CEI,BKK,CEI,Thailand,Chiang Rai,2026-10-21,2521,THB
2026-09-17,BKK-CEI,BKK,CEI,Thailand,Chiang Rai,2026-10-22,4054,THB
2026-09-17,BKK-CEI,BKK,CEI,Thailand,Chiang Rai,2026-10-24,2941,THB
2026-09-17,BKK-CEI,BKK,CEI,Thailand,Chiang Rai,2026-10-27,2605,THB
2026-09-17,BKK-CEI,BKK,CEI,Thailand,Chiang Rai,2026-10-29,2385,THB
2026-09-17,BKK-CEI,BKK,CEI,Thailand,Chiang Rai,2026-10-31,2350,THB
2026-09-17,BKK-CEI,BKK,CEI,Thailand,Chiang Rai,2026-11-05,2589,THB
2026-09-17,BKK-CEI,BKK,CEI,Thailand,Chiang Rai,2026-11-06,2662,THB
2026-09-17,BKK-CEI,BKK,CEI,Thailand,Chiang Rai,2026-11-10,2625,THB
2026-09-17,BKK-CEI,BKK,CEI,Thailand,Chiang Rai,2026-11-12,2992,THB
2026-09-17,BKK-CEI,BKK,CEI,Thailand,Chiang Rai,2026-11-13,2981,THB
2026-09-17,BKK-CEI,BKK,CEI,Thailand,Chiang Rai,2026-11-17,2915,THB
2026-09-17,BKK-CEI,BKK,CEI,Thailand,Chiang Rai,2026-11-21,3810,THB
2026-09-17,BKK-CEI,BKK,CEI,Thailand,Chiang Rai,2026-11-22,5458,THB
2026-09-17,BKK-CEI,BKK,CEI,Thailand,Chiang Rai,2026-11-23,5891,THB
2026-09-17,BKK-CEI,BKK,CEI,Thailand,Chiang Rai,2026-11-24,5222,THB
2026-09-17,BKK-CEI,BKK,CEI,Thailand,Chiang Rai,2026-12-01,2809,THB
2026-09-17,BKK-CEI,BKK,CEI,Thailand,Chiang Rai,2026-12-04,3841,THB
2026-09-17,BKK-CEI,BKK,CEI,Thailand,Chiang Rai,2026-12-06,3508,THB
2026-09-17,BKK-CEI,BKK,CEI,Thailand,Chiang Rai,2026-12-08,2831,THB
2026-09-17,BKK-CEI,BKK,CEI,Thailand,Chiang Rai,2026-12-10,2102,THB
2026-09-17,BKK-CEI,BKK,CEI,Thailand,Chiang Rai,2026-12-11,3037,THB
2026-09-17,BKK-CEI,BKK,CEI,Thailand,Chiang Rai,2026-12-12,2686,THB
2026-09-17,BKK-CEI,BKK,CEI,Thailand,Chiang Rai,2026-12-22,2419,THB
2026-09-17,BKK-CEI,BKK,CEI,Thailand,Chiang Rai,2026-12-24,2759,THB
2026-09-17,BKK-CEI,BKK,CEI,Thailand,Chiang Rai,2027-01-10,2840,THB
2026-09-17,BKK-CEI,BKK,CEI,Thailand,Chiang Rai,2027-01-27,2656,THB
2026-09-17,BKK-CEI,BKK,CEI,Thailand,Chiang Rai,2027-01-28,2171,THB
2026-09-17,BKK-CEI,BKK,CEI,Thailand,Chiang Rai,2027-02-04,2804,THB
2026-09-17,BKK-CEI,BKK,CEI,Thailand,Chiang Rai,2027-02-09,2470,THB
2026-09-17,BKK-CEI,BKK,CEI,Thailand,Chiang Rai,2027-02-16,2614,THB
2026-09-17,BKK-CEI,BKK,CEI,Thailand,Chiang Rai,2027-04-13,5572,THB
2026-09-17,BKK-PVG,BKK,PVG,China,Shanghai,2026-09-17,8670,THB
2026-09-17,BKK-PVG,BKK,PVG,China,Shanghai,2026-09-18,7287,THB
2026-09-17,BKK-PVG,BKK,PVG,China,Shanghai,2026-09-19,7206,THB
2026-09-17,BKK-PVG,BKK,PVG,China,Shanghai,2026-09-20,7174,THB
2026-09-17,BKK-PVG,BKK,PVG,China,Shanghai,2026-09-22,7120,THB
2026-09-17,BKK-PVG,BKK,PVG,China,Shanghai,2026-09-24,7046,THB
2026-09-17,BKK-PVG,BKK,PVG,China,Shanghai,2026-09-25,6707,THB
2026-09-17,BKK-PVG,BKK,PVG,China,Shanghai,2026-09-26,9604,THB
2026-09-17,BKK-PVG,BKK,PVG,China,Shanghai,2026-09-28,9173,THB
2026-09-17,BKK-PVG,BKK,PVG,China,Shanghai,2026-09-29,6442,THB
2026-09-17,BKK-PVG,BKK,PVG,China,Shanghai,2026-10-01,5712,THB
2026-09-17,BKK-PVG,BKK,PVG,China,Shanghai,2026-10-02,5697,THB
2026-09-17,BKK-PVG,BKK,PVG,China,Shanghai,2026-10-03,8292,THB
2026-09-17,BKK-PVG,BKK,PVG,China,Shanghai,2026-10-05,15299,THB
2026-09-17,BKK-PVG,BKK,PVG,China,Shanghai,2026-10-06,14591,THB
2026-09-17,BKK-PVG,BKK,PVG,China,Shanghai,2026-10-09,10979,THB
2026-09-17,BKK-PVG,BKK,PVG,China,Shanghai,2026-10-10,10585,THB
2026-09-17,BKK-PVG,BKK,PVG,China,Shanghai,2026-10-11,10453,THB
2026-09-17,BKK-PVG,BKK,PVG,China,Shanghai,2026-10-12,10385,THB
2026-09-17,BKK-PVG,BKK,PVG,China,Shanghai,2026-10-13,9347,THB
2026-09-17,BKK-PVG,BKK,PVG,China,Shanghai,2026-10-14,9523,THB
2026-09-17,BKK-PVG,BKK,PVG,China,Shanghai,2026-10-15,8140,THB
2026-09-17,BKK-PVG,BKK,PVG,China,Shanghai,2026-10-16,8428,THB
2026-09-17,BKK-PVG,BKK,PVG,China,Shanghai,2026-10-17,7692,THB
2026-09-17,BKK-PVG,BKK,PVG,China,Shanghai,2026-10-18,8037,THB
2026-09-17,BKK-PVG,BKK,PVG,China,Shanghai,2026-10-19,7355,THB
2026-09-17,BKK-PVG,BKK,PVG,China,Shanghai,2026-10-20,7736,THB
2026-09-17,BKK-PVG,BKK,PVG,China,Shanghai,2026-10-21,7841,THB
2026-09-17,BKK-PVG,BKK,PVG,China,Shanghai,2026-10-22,8595,THB
2026-09-17,BKK-PVG,BKK,PVG,China,Shanghai,2026-10-23,7220,THB
2026-09-17,BKK-PVG,BKK,PVG,China,Shanghai,2026-10-24,6511,THB
2026-09-17,BKK-PVG,BKK,PVG,China,Shanghai,2026-10-26,7022,THB
2026-09-17,BKK-PVG,BKK,PVG,China,Shanghai,2026-10-27,7045,THB
2026-09-17,BKK-PVG,BKK,PVG,China,Shanghai,2026-11-02,7589,THB
2026-09-17,BKK-PVG,BKK,PVG,China,Shanghai,2026-11-03,7198,THB
2026-09-17,BKK-PVG,BKK,PVG,China,Shanghai,2026-11-04,6916,THB
2026-09-17,BKK-PVG,BKK,PVG,China,Shanghai,2026-11-07,7527,THB
2026-09-17,BKK-PVG,BKK,PVG,China,Shanghai,2026-11-09,10418,THB
2026-09-17,BKK-PVG,BKK,PVG,China,Shanghai,2026-11-11,6809,THB
2026-09-17,BKK-PVG,BKK,PVG,China,Shanghai,2026-11-12,6809,THB
2026-09-17,BKK-PVG,BKK,PVG,China,Shanghai,2026-11-16,7270,THB
2026-09-17,BKK-PVG,BKK,PVG,China,Shanghai,2026-11-23,6893,THB
2026-09-17,BKK-PVG,BKK,PVG,China,Shanghai,2026-11-26,7728,THB
2026-09-17,BKK-PVG,BKK,PVG,China,Shanghai,2026-11-27,7702,THB
2026-09-17,BKK-PVG,BKK,PVG,China,Shanghai,2026-12-01,7924,THB
2026-09-17,BKK-PVG,BKK,PVG,China,Shanghai,2026-12-02,7795,THB
2026-09-17,BKK-PVG,BKK,PVG,China,Shanghai,2026-12-03,7737,THB
2026-09-17,BKK-PVG,BKK,PVG,China,Shanghai,2026-12-08,6856,THB
2026-09-17,BKK-PVG,BKK,PVG,China,Shanghai,2026-12-10,7291,THB
2026-09-17,BKK-PVG,BKK,PVG,China,Shanghai,2026-12-14,7601,THB
2026-09-17,BKK-PVG,BKK,PVG,China,Shanghai,2026-12-15,7628,THB
2026-09-17,BKK-PVG,BKK,PVG,China,Shanghai,2026-12-16,7883,THB
2026-09-17,BKK-PVG,BKK,PVG,China,Shanghai,2026-12-17,8006,THB
2026-09-17,BKK-PVG,BKK,PVG,China,Shanghai,2026-12-18,7369,THB
2026-09-17,BKK-PVG,BKK,PVG,China,Shanghai,2026-12-19,7590,THB
2026-09-17,BKK-PVG,BKK,PVG,China,Shanghai,2026-12-21,6940,THB
2026-09-17,BKK-PVG,BKK,PVG,China,Shanghai,2026-12-22,8806,THB
2026-09-17,BKK-PVG,BKK,PVG,China,Shanghai,2026-12-24,8489,THB
2026-09-17,BKK-PVG,BKK,PVG,China,Shanghai,2026-12-27,9650,THB
2026-09-17,BKK-PVG,BKK,PVG,China,Shanghai,2026-12-29,9113,THB
2026-09-17,BKK-PVG,BKK,PVG,China,Shanghai,2026-12-30,9301,THB
2026-09-17,BKK-PVG,BKK,PVG,China,Shanghai,2026-12-31,8855,THB
2026-09-17,BKK-PVG,BKK,PVG,China,Shanghai,2027-01-01,9189,THB
2026-09-17,BKK-PVG,BKK,PVG,China,Shanghai,2027-01-02,8704,THB
2026-09-17,BKK-PVG,BKK,PVG,China,Shanghai,2027-01-03,8981,THB
2026-09-17,BKK-PVG,BKK,PVG,China,Shanghai,2027-01-06,6936,THB
2026-09-17,BKK-PVG,BKK,PVG,China,Shanghai,2027-01-07,7467,THB
2026-09-17,BKK-PVG,BKK,PVG,China,Shanghai,2027-01-09,6879,THB
2026-09-17,BKK-PVG,BKK,PVG,China,Shanghai,2027-01-18,7340,THB
2026-09-17,BKK-PVG,BKK,PVG,China,Shanghai,2027-01-19,9688,THB
2026-09-17,BKK-PVG,BKK,PVG,China,Shanghai,2027-01-20,7401,THB
2026-09-17,BKK-PVG,BKK,PVG,China,Shanghai,2027-01-25,9321,THB
2026-09-17,BKK-PVG,BKK,PVG,China,Shanghai,2027-01-27,9691,THB
2026-09-17,BKK-PVG,BKK,PVG,China,Shanghai,2027-01-29,10160,THB
2026-09-17,BKK-PVG,BKK,PVG,China,Shanghai,2027-02-06,7422,THB
2026-09-17,BKK-PVG,BKK,PVG,China,Shanghai,2027-02-07,7653,THB
2026-09-17,BKK-PVG,BKK,PVG,China,Shanghai,2027-02-14,12425,THB
2026-09-17,BKK-PVG,BKK,PVG,China,Shanghai,2027-02-16,9527,THB
2026-09-17,BKK-PVG,BKK,PVG,China,Shanghai,2027-03-06,7263,THB
2026-09-17,BKK-PVG,BKK,PVG,China,Shanghai,2027-03-09,7412,THB
2026-09-17,BKK-PVG,BKK,PVG,China,Shanghai,2027-03-15,7311,THB
2026-09-17,BKK-PVG,BKK,PVG,China,Shanghai,2027-03-23,7357,THB
2026-09-17,BKK-PVG,BKK,PVG,China,Shanghai,2027-03-26,9185,THB
2026-09-17,BKK-PVG,BKK,PVG,China,Shanghai,2027-03-29,7449,THB
2026-09-17,BKK-PVG,BKK,PVG,China,Shanghai,2027-04-05,8799,THB
2026-09-17,BKK-PVG,BKK,PVG,China,Shanghai,2027-04-10,14577,THB
2026-09-17,BKK-PVG,BKK,PVG,China,Shanghai,2027-04-12,12417,THB
2026-09-17,BKK-PVG,BKK,PVG,China,Shanghai,2027-04-20,9503,THB
2026-09-17,BKK-PVG,BKK,PVG,China,Shanghai,2027-05-04,11035,THB
2026-09-17,BKK-PVG,BKK,PVG,China,Shanghai,2027-05-12,8424,THB
2026-09-17,BKK-PVG,BKK,PVG,China,Shanghai,2027-05-15,8678,THB
2026-09-17,BKK-PVG,BKK,PVG,China,Shanghai,2027-06-11,9149,THB
2026-09-17,BKK-PVG,BKK,PVG,China,Shanghai,2027-06-24,8678,THB
2026-09-17,BKK-PVG,BKK,PVG,China,Shanghai,2027-06-28,8730,THB
2026-09-17,BKK-PVG,BKK,PVG,China,Shanghai,2027-07-15,9681,THB
2026-09-17,BKK-PVG,BKK,PVG,China,Shanghai,2027-07-16,9877,THB
2026-09-17,BKK-PVG,BKK,PVG,China,Shanghai,2027-07-18,10532,THB
2026-09-17,BKK-PVG,BKK,PVG,China,Shanghai,2027-07-20,10134,THB
2026-09-17,BKK-PVG,BKK,PVG,China,Shanghai,2027-07-30,9913,THB
2026-09-17,BKK-PVG,BKK,PVG,China,Shanghai,2027-08-28,9429,THB
2026-09-17,BKK-PEK,BKK,PEK,China,Beijing,2026-09-17,9541,THB
2026-09-17,BKK-PEK,BKK,PEK,China,Beijing,2026-09-18,7045,THB
2026-09-17,BKK-PEK,BKK,PEK,China,Beijing,2026-09-19,8081,THB
2026-09-17,BKK-PEK,BKK,PEK,China,Beijing,2026-09-21,7434,THB
2026-09-17,BKK-PEK,BKK,PEK,China,Beijing,2026-09-23,7716,THB
2026-09-17,BKK-PEK,BKK,PEK,China,Beijing,2026-09-25,6279,THB
2026-09-17,BKK-PEK,BKK,PEK,China,Beijing,2026-09-26,7385,THB
2026-09-17,BKK-PEK,BKK,PEK,China,Beijing,2026-09-28,6778,THB
2026-09-17,BKK-PEK,BKK,PEK,China,Beijing,2026-10-01,7009,THB
2026-09-17,BKK-PEK,BKK,PEK,China,Beijing,2026-10-03,9117,THB
2026-09-17,BKK-PEK,BKK,PEK,China,Beijing,2026-10-05,15235,THB
2026-09-17,BKK-PEK,BKK,PEK,China,Beijing,2026-10-06,23578,THB
2026-09-17,BKK-PEK,BKK,PEK,China,Beijing,2026-10-07,17708,THB
2026-09-17,BKK-PEK,BKK,PEK,China,Beijing,2026-10-08,13004,THB
2026-09-17,BKK-PEK,BKK,PEK,China,Beijing,2026-10-09,13030,THB
2026-09-17,BKK-PEK,BKK,PEK,China,Beijing,2026-10-10,11857,THB
2026-09-17,BKK-PEK,BKK,PEK,China,Beijing,2026-10-11,10345,THB
2026-09-17,BKK-PEK,BKK,PEK,China,Beijing,2026-10-12,11145,THB
2026-09-17,BKK-PEK,BKK,PEK,China,Beijing,2026-10-15,8909,THB
2026-09-17,BKK-PEK,BKK,PEK,China,Beijing,2026-10-17,8463,THB
2026-09-17,BKK-PEK,BKK,PEK,China,Beijing,2026-10-18,8162,THB
2026-09-17,BKK-PEK,BKK,PEK,China,Beijing,2026-10-19,10520,THB
2026-09-17,BKK-PEK,BKK,PEK,China,Beijing,2026-10-20,8063,THB
2026-09-17,BKK-PEK,BKK,PEK,China,Beijing,2026-10-21,9198,THB
2026-09-17,BKK-PEK,BKK,PEK,China,Beijing,2026-10-22,11492,THB
2026-09-17,BKK-PEK,BKK,PEK,China,Beijing,2026-10-23,10583,THB
2026-09-17,BKK-PEK,BKK,PEK,China,Beijing,2026-10-24,9292,THB
2026-09-17,BKK-PEK,BKK,PEK,China,Beijing,2026-10-26,9223,THB
2026-09-17,BKK-PEK,BKK,PEK,China,Beijing,2026-10-27,9418,THB
2026-09-17,BKK-PEK,BKK,PEK,China,Beijing,2026-10-28,10493,THB
2026-09-17,BKK-PEK,BKK,PEK,China,Beijing,2026-10-29,10170,THB
2026-09-17,BKK-PEK,BKK,PEK,China,Beijing,2026-10-30,10437,THB
2026-09-17,BKK-PEK,BKK,PEK,China,Beijing,2026-10-31,10663,THB
2026-09-17,BKK-PEK,BKK,PEK,China,Beijing,2026-11-01,10349,THB
2026-09-17,BKK-PEK,BKK,PEK,China,Beijing,2026-11-02,10504,THB
2026-09-17,BKK-PEK,BKK,PEK,China,Beijing,2026-11-06,9676,THB
2026-09-17,BKK-PEK,BKK,PEK,China,Beijing,2026-11-10,10513,THB
2026-09-17,BKK-PEK,BKK,PEK,China,Beijing,2026-11-11,10078,THB
2026-09-17,BKK-PEK,BKK,PEK,China,Beijing,2026-11-12,9856,THB
2026-09-17,BKK-PEK,BKK,PEK,China,Beijing,2026-11-13,10615,THB
2026-09-17,BKK-PEK,BKK,PEK,China,Beijing,2026-11-15,9588,THB
2026-09-17,BKK-PEK,BKK,PEK,China,Beijing,2026-11-16,10479,THB
2026-09-17,BKK-PEK,BKK,PEK,China,Beijing,2026-11-17,9623,THB
2026-09-17,BKK-PEK,BKK,PEK,China,Beijing,2026-11-20,9616,THB
2026-09-17,BKK-PEK,BKK,PEK,China,Beijing,2026-11-21,9592,THB
2026-09-17,BKK-PEK,BKK,PEK,China,Beijing,2026-11-22,10258,THB
2026-09-17,BKK-PEK,BKK,PEK,China,Beijing,2026-11-23,9636,THB
2026-09-17,BKK-PEK,BKK,PEK,China,Beijing,2026-11-29,10344,THB
2026-09-17,BKK-PEK,BKK,PEK,China,Beijing,2026-12-01,9438,THB
2026-09-17,BKK-PEK,BKK,PEK,China,Beijing,2026-12-07,9305,THB
2026-09-17,BKK-PEK,BKK,PEK,China,Beijing,2026-12-12,8617,THB
2026-09-17,BKK-PEK,BKK,PEK,China,Beijing,2026-12-14,9764,THB
2026-09-17,BKK-PEK,BKK,PEK,China,Beijing,2026-12-15,9661,THB
2026-09-17,BKK-PEK,BKK,PEK,China,Beijing,2026-12-17,11236,THB
2026-09-17,BKK-PEK,BKK,PEK,China,Beijing,2026-12-18,10303,THB
2026-09-17,BKK-PEK,BKK,PEK,China,Beijing,2026-12-19,11021,THB
2026-09-17,BKK-PEK,BKK,PEK,China,Beijing,2026-12-20,9533,THB
2026-09-17,BKK-PEK,BKK,PEK,China,Beijing,2026-12-21,10574,THB
2026-09-17,BKK-PEK,BKK,PEK,China,Beijing,2026-12-22,10314,THB
2026-09-17,BKK-PEK,BKK,PEK,China,Beijing,2026-12-23,10309,THB
2026-09-17,BKK-PEK,BKK,PEK,China,Beijing,2026-12-24,14357,THB
2026-09-17,BKK-PEK,BKK,PEK,China,Beijing,2026-12-25,10728,THB
2026-09-17,BKK-PEK,BKK,PEK,China,Beijing,2026-12-26,12180,THB
2026-09-17,BKK-PEK,BKK,PEK,China,Beijing,2026-12-27,10499,THB
2026-09-17,BKK-PEK,BKK,PEK,China,Beijing,2026-12-28,10510,THB
2026-09-17,BKK-PEK,BKK,PEK,China,Beijing,2026-12-29,11673,THB
2026-09-17,BKK-PEK,BKK,PEK,China,Beijing,2026-12-30,11286,THB
2026-09-17,BKK-PEK,BKK,PEK,China,Beijing,2026-12-31,10313,THB
2026-09-17,BKK-PEK,BKK,PEK,China,Beijing,2027-01-01,9790,THB
2026-09-17,BKK-PEK,BKK,PEK,China,Beijing,2027-01-02,9909,THB
2026-09-17,BKK-PEK,BKK,PEK,China,Beijing,2027-01-03,10961,THB
2026-09-17,BKK-PEK,BKK,PEK,China,Beijing,2027-01-04,9771,THB
2026-09-17,BKK-PEK,BKK,PEK,China,Beijing,2027-01-05,10989,THB
2026-09-17,BKK-PEK,BKK,PEK,China,Beijing,2027-01-06,10626,THB
2026-09-17,BKK-PEK,BKK,PEK,China,Beijing,2027-01-07,13306,THB
2026-09-17,BKK-PEK,BKK,PEK,China,Beijing,2027-01-08,10889,THB
2026-09-17,BKK-PEK,BKK,PEK,China,Beijing,2027-01-10,10960,THB
2026-09-17,BKK-PEK,BKK,PEK,China,Beijing,2027-01-11,10865,THB
2026-09-17,BKK-PEK,BKK,PEK,China,Beijing,2027-01-12,10960,THB
2026-09-17,BKK-PEK,BKK,PEK,China,Beijing,2027-01-14,8556,THB
2026-09-17,BKK-PEK,BKK,PEK,China,Beijing,2027-01-18,11030,THB
2026-09-17,BKK-PEK,BKK,PEK,China,Beijing,2027-01-19,10990,THB
2026-09-17,BKK-PEK,BKK,PEK,China,Beijing,2027-01-20,11460,THB
2026-09-17,BKK-PEK,BKK,PEK,China,Beijing,2027-01-24,10908,THB
2026-09-17,BKK-PEK,BKK,PEK,China,Beijing,2027-01-27,10961,THB
2026-09-17,BKK-PEK,BKK,PEK,China,Beijing,2027-01-29,11070,THB
2026-09-17,BKK-PEK,BKK,PEK,China,Beijing,2027-01-31,11267,THB
2026-09-17,BKK-PEK,BKK,PEK,China,Beijing,2027-02-03,10954,THB
2026-09-17,BKK-PEK,BKK,PEK,China,Beijing,2027-02-04,11282,THB
2026-09-17,BKK-PEK,BKK,PEK,China,Beijing,2027-02-07,10998,THB
2026-09-17,BKK-PEK,BKK,PEK,China,Beijing,2027-02-10,15929,THB
2026-09-17,BKK-PEK,BKK,PEK,China,Beijing,2027-02-11,11583,THB
2026-09-17,BKK-PEK,BKK,PEK,China,Beijing,2027-02-13,15484,THB
2026-09-17,BKK-PEK,BKK,PEK,China,Beijing,2027-02-14,15542,THB
2026-09-17,BKK-PEK,BKK,PEK,China,Beijing,2027-02-16,10555,THB
2026-09-17,BKK-PEK,BKK,PEK,China,Beijing,2027-02-22,13021,THB
2026-09-17,BKK-PEK,BKK,PEK,China,Beijing,2027-03-02,8544,THB
2026-09-17,BKK-PEK,BKK,PEK,China,Beijing,2027-03-05,8575,THB
2026-09-17,BKK-PEK,BKK,PEK,China,Beijing,2027-03-13,12690,THB
2026-09-17,BKK-PEK,BKK,PEK,China,Beijing,2027-05-19,11513,THB
2026-09-17,BKK-PEK,BKK,PEK,China,Beijing,2027-07-22,10994,THB
2026-09-17,BKK-CAN,BKK,CAN,China,Guangzhou,2026-09-18,6709,THB
2026-09-17,BKK-CAN,BKK,CAN,China,Guangzhou,2026-09-19,6626,THB
2026-09-17,BKK-CAN,BKK,CAN,China,Guangzhou,2026-09-20,6805,THB
2026-09-17,BKK-CAN,BKK,CAN,China,Guangzhou,2026-09-21,7269,THB
2026-09-17,BKK-CAN,BKK,CAN,China,Guangzhou,2026-09-22,7713,THB
2026-09-17,BKK-CAN,BKK,CAN,China,Guangzhou,2026-09-23,7129,THB
2026-09-17,BKK-CAN,BKK,CAN,China,Guangzhou,2026-09-24,8227,THB
2026-09-17,BKK-CAN,BKK,CAN,China,Guangzhou,2026-09-25,5325,THB
2026-09-17,BKK-CAN,BKK,CAN,China,Guangzhou,2026-09-27,5137,THB
2026-09-17,BKK-CAN,BKK,CAN,China,Guangzhou,2026-09-28,4824,THB
2026-09-17,BKK-CAN,BKK,CAN,China,Guangzhou,2026-09-29,4220,THB
2026-09-17,BKK-CAN,BKK,CAN,China,Guangzhou,2026-10-01,6227,THB
2026-09-17,BKK-CAN,BKK,CAN,China,Guangzhou,2026-10-02,4760,THB
2026-09-17,BKK-CAN,BKK,CAN,China,Guangzhou,2026-10-06,12103,THB
2026-09-17,BKK-CAN,BKK,CAN,China,Guangzhou,2026-10-07,10490,THB
2026-09-17,BKK-CAN,BKK,CAN,China,Guangzhou,2026-10-08,10876,THB
2026-09-17,BKK-CAN,BKK,CAN,China,Guangzhou,2026-10-10,8003,THB
2026-09-17,BKK-CAN,BKK,CAN,China,Guangzhou,2026-10-11,6908,THB
2026-09-17,BKK-CAN,BKK,CAN,China,Guangzhou,2026-10-12,7832,THB
2026-09-17,BKK-CAN,BKK,CAN,China,Guangzhou,2026-10-13,8862,THB
2026-09-17,BKK-CAN,BKK,CAN,China,Guangzhou,2026-10-14,9049,THB
2026-09-17,BKK-CAN,BKK,CAN,China,Guangzhou,2026-10-15,8599,THB
2026-09-17,BKK-CAN,BKK,CAN,China,Guangzhou,2026-10-16,6647,THB
2026-09-17,BKK-CAN,BKK,CAN,China,Guangzhou,2026-10-17,6675,THB
2026-09-17,BKK-CAN,BKK,CAN,China,Guangzhou,2026-10-18,5996,THB
2026-09-17,BKK-CAN,BKK,CAN,China,Guangzhou,2026-10-20,6052,THB
2026-09-17,BKK-CAN,BKK,CAN,China,Guangzhou,2026-10-22,6905,THB
2026-09-17,BKK-CAN,BKK,CAN,China,Guangzhou,2026-10-23,8316,THB
2026-09-17,BKK-CAN,BKK,CAN,China,Guangzhou,2026-10-24,8060,THB
2026-09-17,BKK-CAN,BKK,CAN,China,Guangzhou,2026-10-25,5515,THB
2026-09-17,BKK-CAN,BKK,CAN,China,Guangzhou,2026-10-26,5169,THB
2026-09-17,BKK-CAN,BKK,CAN,China,Guangzhou,2026-10-27,5055,THB
2026-09-17,BKK-CAN,BKK,CAN,China,Guangzhou,2026-10-31,5739,THB
2026-09-17,BKK-CAN,BKK,CAN,China,Guangzhou,2026-11-01,6116,THB
2026-09-17,BKK-CAN,BKK,CAN,China,Guangzhou,2026-11-02,5252,THB
2026-09-17,BKK-CAN,BKK,CAN,China,Guangzhou,2026-11-03,5700,THB
2026-09-17,BKK-CAN,BKK,CAN,China,Guangzhou,2026-11-04,6203,THB
2026-09-17,BKK-CAN,BKK,CAN,China,Guangzhou,2026-11-05,5725,THB
2026-09-17,BKK-CAN,BKK,CAN,China,Guangzhou,2026-11-06,6305,THB
2026-09-17,BKK-CAN,BKK,CAN,China,Guangzhou,2026-11-09,8383,THB
2026-09-17,BKK-CAN,BKK,CAN,China,Guangzhou,2026-11-12,5723,THB
2026-09-17,BKK-CAN,BKK,CAN,China,Guangzhou,2026-11-17,6294,THB
2026-09-17,BKK-CAN,BKK,CAN,China,Guangzhou,2026-11-18,6617,THB
2026-09-17,BKK-CAN,BKK,CAN,China,Guangzhou,2026-11-22,6303,THB
2026-09-17,BKK-CAN,BKK,CAN,China,Guangzhou,2026-11-23,6527,THB
2026-09-17,BKK-CAN,BKK,CAN,China,Guangzhou,2026-11-24,5696,THB
2026-09-17,BKK-CAN,BKK,CAN,China,Guangzhou,2026-11-25,6273,THB
2026-09-17,BKK-CAN,BKK,CAN,China,Guangzhou,2026-11-27,6811,THB
2026-09-17,BKK-CAN,BKK,CAN,China,Guangzhou,2026-12-02,6372,THB
2026-09-17,BKK-CAN,BKK,CAN,China,Guangzhou,2026-12-04,7064,THB
2026-09-17,BKK-CAN,BKK,CAN,China,Guangzhou,2026-12-05,7539,THB
2026-09-17,BKK-CAN,BKK,CAN,China,Guangzhou,2026-12-06,7442,THB
2026-09-17,BKK-CAN,BKK,CAN,China,Guangzhou,2026-12-07,6792,THB
2026-09-17,BKK-CAN,BKK,CAN,China,Guangzhou,2026-12-11,7244,THB
2026-09-17,BKK-CAN,BKK,CAN,China,Guangzhou,2026-12-12,6561,THB
2026-09-17,BKK-CAN,BKK,CAN,China,Guangzhou,2026-12-13,7728,THB
2026-09-17,BKK-CAN,BKK,CAN,China,Guangzhou,2026-12-15,6436,THB
2026-09-17,BKK-CAN,BKK,CAN,China,Guangzhou,2026-12-16,7262,THB
2026-09-17,BKK-CAN,BKK,CAN,China,Guangzhou,2026-12-17,7324,THB
2026-09-17,BKK-CAN,BKK,CAN,China,Guangzhou,2026-12-20,7541,THB
2026-09-17,BKK-CAN,BKK,CAN,China,Guangzhou,2026-12-22,6419,THB
2026-09-17,BKK-CAN,BKK,CAN,China,Guangzhou,2026-12-23,7867,THB
2026-09-17,BKK-CAN,BKK,CAN,China,Guangzhou,2026-12-25,8336,THB
2026-09-17,BKK-CAN,BKK,CAN,China,Guangzhou,2026-12-26,8307,THB
2026-09-17,BKK-CAN,BKK,CAN,China,Guangzhou,2026-12-27,7309,THB
2026-09-17,BKK-CAN,BKK,CAN,China,Guangzhou,2026-12-29,8014,THB
2026-09-17,BKK-CAN,BKK,CAN,China,Guangzhou,2026-12-30,7179,THB
2026-09-17,BKK-CAN,BKK,CAN,China,Guangzhou,2027-01-01,6834,THB
2026-09-17,BKK-CAN,BKK,CAN,China,Guangzhou,2027-01-02,7324,THB
2026-09-17,BKK-CAN,BKK,CAN,China,Guangzhou,2027-01-03,7418,THB
2026-09-17,BKK-CAN,BKK,CAN,China,Guangzhou,2027-01-05,6843,THB
2026-09-17,BKK-CAN,BKK,CAN,China,Guangzhou,2027-01-06,6223,THB
2026-09-17,BKK-CAN,BKK,CAN,China,Guangzhou,2027-01-07,6876,THB
2026-09-17,BKK-CAN,BKK,CAN,China,Guangzhou,2027-01-09,6335,THB
2026-09-17,BKK-CAN,BKK,CAN,China,Guangzhou,2027-01-10,6228,THB
2026-09-17,BKK-CAN,BKK,CAN,China,Guangzhou,2027-01-11,6279,THB
2026-09-17,BKK-CAN,BKK,CAN,China,Guangzhou,2027-01-12,6806,THB
2026-09-17,BKK-CAN,BKK,CAN,China,Guangzhou,2027-01-14,6790,THB
2026-09-17,BKK-CAN,BKK,CAN,China,Guangzhou,2027-01-26,7904,THB
2026-09-17,BKK-CAN,BKK,CAN,China,Guangzhou,2027-01-29,6229,THB
2026-09-17,BKK-CAN,BKK,CAN,China,Guangzhou,2027-01-30,6989,THB
2026-09-17,BKK-CAN,BKK,CAN,China,Guangzhou,2027-02-04,8892,THB
2026-09-17,BKK-CAN,BKK,CAN,China,Guangzhou,2027-02-06,7279,THB
2026-09-17,BKK-CAN,BKK,CAN,China,Guangzhou,2027-02-07,7506,THB
2026-09-17,BKK-CAN,BKK,CAN,China,Guangzhou,2027-02-11,11091,THB
2026-09-17,BKK-CAN,BKK,CAN,China,Guangzhou,2027-02-15,9537,THB
2026-09-17,BKK-CAN,BKK,CAN,China,Guangzhou,2027-02-16,8117,THB
2026-09-17,BKK-CAN,BKK,CAN,China,Guangzhou,2027-02-18,8049,THB
2026-09-17,BKK-CAN,BKK,CAN,China,Guangzhou,2027-02-26,5962,THB
2026-09-17,BKK-CAN,BKK,CAN,China,Guangzhou,2027-02-28,7147,THB
2026-09-17,BKK-CAN,BKK,CAN,China,Guangzhou,2027-03-01,6989,THB
2026-09-17,BKK-CAN,BKK,CAN,China,Guangzhou,2027-03-09,8586,THB
2026-09-17,BKK-CAN,BKK,CAN,China,Guangzhou,2027-03-11,7138,THB
2026-09-17,BKK-CAN,BKK,CAN,China,Guangzhou,2027-03-12,6030,THB
2026-09-17,BKK-CAN,BKK,CAN,China,Guangzhou,2027-03-15,7214,THB
2026-09-17,BKK-CAN,BKK,CAN,China,Guangzhou,2027-03-22,7127,THB
2026-09-17,BKK-CAN,BKK,CAN,China,Guangzhou,2027-06-05,6652,THB
2026-09-17,BKK-NRT,BKK,NRT,Japan,Tokyo (Narita),2026-09-17,13811,THB
2026-09-17,BKK-NRT,BKK,NRT,Japan,Tokyo (Narita),2026-09-18,14325,THB
2026-09-17,BKK-NRT,BKK,NRT,Japan,Tokyo (Narita),2026-09-19,13247,THB
2026-09-17,BKK-NRT,BKK,NRT,Japan,Tokyo (Narita),2026-09-20,13252,THB
2026-09-17,BKK-NRT,BKK,NRT,Japan,Tokyo (Narita),2026-09-21,13296,THB
2026-09-17,BKK-NRT,BKK,NRT,Japan,Tokyo (Narita),2026-09-22,19761,THB
2026-09-17,BKK-NRT,BKK,NRT,Japan,Tokyo (Narita),2026-09-23,13873,THB
2026-09-17,BKK-NRT,BKK,NRT,Japan,Tokyo (Narita),2026-09-24,17988,THB
2026-09-17,BKK-NRT,BKK,NRT,Japan,Tokyo (Narita),2026-09-25,17243,THB
2026-09-17,BKK-NRT,BKK,NRT,Japan,Tokyo (Narita),2026-09-27,15588,THB
2026-09-17,BKK-NRT,BKK,NRT,Japan,Tokyo (Narita),2026-09-28,15145,THB
2026-09-17,BKK-NRT,BKK,NRT,Japan,Tokyo (Narita),2026-09-29,14504,THB
2026-09-17,BKK-NRT,BKK,NRT,Japan,Tokyo (Narita),2026-09-30,14216,THB
2026-09-17,BKK-NRT,BKK,NRT,Japan,Tokyo (Narita),2026-10-01,12703,THB
2026-09-17,BKK-NRT,BKK,NRT,Japan,Tokyo (Narita),2026-10-02,12132,THB
2026-09-17,BKK-NRT,BKK,NRT,Japan,Tokyo (Narita),2026-10-03,14332,THB
2026-09-17,BKK-NRT,BKK,NRT,Japan,Tokyo (Narita),2026-10-04,13313,THB
2026-09-17,BKK-NRT,BKK,NRT,Japan,Tokyo (Narita),2026-10-05,14669,THB
2026-09-17,BKK-NRT,BKK,NRT,Japan,Tokyo (Narita),2026-10-07,15418,THB
2026-09-17,BKK-NRT,BKK,NRT,Japan,Tokyo (Narita),2026-10-08,15302,THB
2026-09-17,BKK-NRT,BKK,NRT,Japan,Tokyo (Narita),2026-10-09,14520,THB
2026-09-17,BKK-NRT,BKK,NRT,Japan,Tokyo (Narita),2026-10-10,14830,THB
2026-09-17,BKK-NRT,BKK,NRT,Japan,Tokyo (Narita),2026-10-11,15013,THB
2026-09-17,BKK-NRT,BKK,NRT,Japan,Tokyo (Narita),2026-10-12,15865,THB
2026-09-17,BKK-NRT,BKK,NRT,Japan,Tokyo (Narita),2026-10-13,14890,THB
2026-09-17,BKK-NRT,BKK,NRT,Japan,Tokyo (Narita),2026-10-14,14208,THB
2026-09-17,BKK-NRT,BKK,NRT,Japan,Tokyo (Narita),2026-10-15,14731,THB
2026-09-17,BKK-NRT,BKK,NRT,Japan,Tokyo (Narita),2026-10-16,14541,THB
2026-09-17,BKK-NRT,BKK,NRT,Japan,Tokyo (Narita),2026-10-17,15498,THB
2026-09-17,BKK-NRT,BKK,NRT,Japan,Tokyo (Narita),2026-10-18,13839,THB
2026-09-17,BKK-NRT,BKK,NRT,Japan,Tokyo (Narita),2026-10-19,13028,THB
2026-09-17,BKK-NRT,BKK,NRT,Japan,Tokyo (Narita),2026-10-20,13277,THB
2026-09-17,BKK-NRT,BKK,NRT,Japan,Tokyo (Narita),2026-10-21,13028,THB
2026-09-17,BKK-NRT,BKK,NRT,Japan,Tokyo (Narita),2026-10-22,14116,THB
2026-09-17,BKK-NRT,BKK,NRT,Japan,Tokyo (Narita),2026-10-23,12878,THB
2026-09-17,BKK-NRT,BKK,NRT,Japan,Tokyo (Narita),2026-10-24,15050,THB
2026-09-17,BKK-NRT,BKK,NRT,Japan,Tokyo (Narita),2026-10-25,12969,THB
2026-09-17,BKK-NRT,BKK,NRT,Japan,Tokyo (Narita),2026-10-26,12954,THB
2026-09-17,BKK-NRT,BKK,NRT,Japan,Tokyo (Narita),2026-10-27,13818,THB
2026-09-17,BKK-NRT,BKK,NRT,Japan,Tokyo (Narita),2026-10-28,13046,THB
2026-09-17,BKK-NRT,BKK,NRT,Japan,Tokyo (Narita),2026-10-29,13921,THB
2026-09-17,BKK-NRT,BKK,NRT,Japan,Tokyo (Narita),2026-10-30,12962,THB
2026-09-17,BKK-NRT,BKK,NRT,Japan,Tokyo (Narita),2026-10-31,12960,THB
2026-09-17,BKK-NRT,BKK,NRT,Japan,Tokyo (Narita),2026-11-01,14173,THB
2026-09-17,BKK-NRT,BKK,NRT,Japan,Tokyo (Narita),2026-11-02,14234,THB
2026-09-17,BKK-NRT,BKK,NRT,Japan,Tokyo (Narita),2026-11-03,12980,THB
2026-09-17,BKK-NRT,BKK,NRT,Japan,Tokyo (Narita),2026-11-04,13620,THB
2026-09-17,BKK-NRT,BKK,NRT,Japan,Tokyo (Narita),2026-11-05,13483,THB
2026-09-17,BKK-NRT,BKK,NRT,Japan,Tokyo (Narita),2026-11-07,16625,THB
2026-09-17,BKK-NRT,BKK,NRT,Japan,Tokyo (Narita),2026-11-08,14535,THB
2026-09-17,BKK-NRT,BKK,NRT,Japan,Tokyo (Narita),2026-11-09,12899,THB
2026-09-17,BKK-NRT,BKK,NRT,Japan,Tokyo (Narita),2026-11-10,13006,THB
2026-09-17,BKK-NRT,BKK,NRT,Japan,Tokyo (Narita),2026-11-11,13847,THB
2026-09-17,BKK-NRT,BKK,NRT,Japan,Tokyo (Narita),2026-11-12,15836,THB
2026-09-17,BKK-NRT,BKK,NRT,Japan,Tokyo (Narita),2026-11-13,15615,THB
2026-09-17,BKK-NRT,BKK,NRT,Japan,Tokyo (Narita),2026-11-14,13490,THB
2026-09-17,BKK-NRT,BKK,NRT,Japan,Tokyo (Narita),2026-11-15,15143,THB
2026-09-17,BKK-NRT,BKK,NRT,Japan,Tokyo (Narita),2026-11-16,12966,THB
2026-09-17,BKK-NRT,BKK,NRT,Japan,Tokyo (Narita),2026-11-18,13564,THB
2026-09-17,BKK-NRT,BKK,NRT,Japan,Tokyo (Narita),2026-11-19,13537,THB
2026-09-17,BKK-NRT,BKK,NRT,Japan,Tokyo (Narita),2026-11-20,15239,THB
2026-09-17,BKK-NRT,BKK,NRT,Japan,Tokyo (Narita),2026-11-21,15023,THB
2026-09-17,BKK-NRT,BKK,NRT,Japan,Tokyo (Narita),2026-11-22,15559,THB
2026-09-17,BKK-NRT,BKK,NRT,Japan,Tokyo (Narita),2026-11-23,12859,THB
2026-09-17,BKK-NRT,BKK,NRT,Japan,Tokyo (Narita),2026-11-24,12896,THB
2026-09-17,BKK-NRT,BKK,NRT,Japan,Tokyo (Narita),2026-11-26,13211,THB
2026-09-17,BKK-NRT,BKK,NRT,Japan,Tokyo (Narita),2026-11-27,13090,THB
2026-09-17,BKK-NRT,BKK,NRT,Japan,Tokyo (Narita),2026-12-01,12959,THB
2026-09-17,BKK-NRT,BKK,NRT,Japan,Tokyo (Narita),2026-12-02,12878,THB
2026-09-17,BKK-NRT,BKK,NRT,Japan,Tokyo (Narita),2026-12-04,15351,THB
2026-09-17,BKK-NRT,BKK,NRT,Japan,Tokyo (Narita),2026-12-05,14717,THB
2026-09-17,BKK-NRT,BKK,NRT,Japan,Tokyo (Narita),2026-12-07,13604,THB
2026-09-17,BKK-NRT,BKK,NRT,Japan,Tokyo (Narita),2026-12-08,12380,THB
2026-09-17,BKK-NRT,BKK,NRT,Japan,Tokyo (Narita),2026-12-10,13015,THB
2026-09-17,BKK-NRT,BKK,NRT,Japan,Tokyo (Narita),2026-12-12,13063,THB
2026-09-17,BKK-NRT,BKK,NRT,Japan,Tokyo (Narita),2026-12-13,15215,THB
2026-09-17,BKK-NRT,BKK,NRT,Japan,Tokyo (Narita),2026-12-14,15089,THB
2026-09-17,BKK-NRT,BKK,NRT,Japan,Tokyo (Narita),2026-12-18,15648,THB
2026-09-17,BKK-NRT,BKK,NRT,Japan,Tokyo (Narita),2026-12-20,16907,THB
2026-09-17,BKK-NRT,BKK,NRT,Japan,Tokyo (Narita),2026-12-21,16750,THB
2026-09-17,BKK-NRT,BKK,NRT,Japan,Tokyo (Narita),2026-12-22,15270,THB
2026-09-17,BKK-NRT,BKK,NRT,Japan,Tokyo (Narita),2026-12-23,21766,THB
2026-09-17,BKK-NRT,BKK,NRT,Japan,Tokyo (Narita),2026-12-24,22480,THB
2026-09-17,BKK-NRT,BKK,NRT,Japan,Tokyo (Narita),2026-12-25,18340,THB
2026-09-17,BKK-NRT,BKK,NRT,Japan,Tokyo (Narita),2026-12-26,15341,THB
2026-09-17,BKK-NRT,BKK,NRT,Japan,Tokyo (Narita),2026-12-27,16354,THB
2026-09-17,BKK-NRT,BKK,NRT,Japan,Tokyo (Narita),2026-12-28,16959,THB
2026-09-17,BKK-NRT,BKK,NRT,Japan,Tokyo (Narita),2026-12-29,21384,THB
2026-09-17,BKK-NRT,BKK,NRT,Japan,Tokyo (Narita),2026-12-30,17358,THB
2026-09-17,BKK-NRT,BKK,NRT,Japan,Tokyo (Narita),2027-01-01,18540,THB
2026-09-17,BKK-NRT,BKK,NRT,Japan,Tokyo (Narita),2027-01-02,19508,THB
2026-09-17,BKK-NRT,BKK,NRT,Japan,Tokyo (Narita),2027-01-03,18603,THB
2026-09-17,BKK-NRT,BKK,NRT,Japan,Tokyo (Narita),2027-01-04,16038,THB
2026-09-17,BKK-NRT,BKK,NRT,Japan,Tokyo (Narita),2027-01-05,15447,THB
2026-09-17,BKK-NRT,BKK,NRT,Japan,Tokyo (Narita),2027-01-06,16059,THB
2026-09-17,BKK-NRT,BKK,NRT,Japan,Tokyo (Narita),2027-01-09,15454,THB
2026-09-17,BKK-NRT,BKK,NRT,Japan,Tokyo (Narita),2027-01-13,15343,THB
2026-09-17,BKK-NRT,BKK,NRT,Japan,Tokyo (Narita),2027-01-14,15825,THB
2026-09-17,BKK-NRT,BKK,NRT,Japan,Tokyo (Narita),2027-01-15,15763,THB
2026-09-17,BKK-NRT,BKK,NRT,Japan,Tokyo (Narita),2027-01-18,15963,THB
2026-09-17,BKK-NRT,BKK,NRT,Japan,Tokyo (Narita),2027-01-19,13992,THB
2026-09-17,BKK-NRT,BKK,NRT,Japan,Tokyo (Narita),2027-01-22,16993,THB
2026-09-17,BKK-NRT,BKK,NRT,Japan,Tokyo (Narita),2027-01-23,18046,THB
2026-09-17,BKK-NRT,BKK,NRT,Japan,Tokyo (Narita),2027-01-27,15251,THB
2026-09-17,BKK-NRT,BKK,NRT,Japan,Tokyo (Narita),2027-01-28,17170,THB
2026-09-17,BKK-NRT,BKK,NRT,Japan,Tokyo (Narita),2027-01-29,15394,THB
2026-09-17,BKK-NRT,BKK,NRT,Japan,Tokyo (Narita),2027-01-30,15465,THB
2026-09-17,BKK-NRT,BKK,NRT,Japan,Tokyo (Narita),2027-02-01,15828,THB
2026-09-17,BKK-NRT,BKK,NRT,Japan,Tokyo (Narita),2027-02-02,16313,THB
2026-09-17,BKK-NRT,BKK,NRT,Japan,Tokyo (Narita),2027-02-03,16727,THB
2026-09-17,BKK-NRT,BKK,NRT,Japan,Tokyo (Narita),2027-02-04,15315,THB
2026-09-17,BKK-NRT,BKK,NRT,Japan,Tokyo (Narita),2027-02-05,15850,THB
2026-09-17,BKK-NRT,BKK,NRT,Japan,Tokyo (Narita),2027-02-08,15470,THB
2026-09-17,BKK-NRT,BKK,NRT,Japan,Tokyo (Narita),2027-02-11,15456,THB
2026-09-17,BKK-NRT,BKK,NRT,Japan,Tokyo (Narita),2027-02-12,15721,THB
2026-09-17,BKK-NRT,BKK,NRT,Japan,Tokyo (Narita),2027-02-14,16897,THB
2026-09-17,BKK-NRT,BKK,NRT,Japan,Tokyo (Narita),2027-02-15,16722,THB
2026-09-17,BKK-NRT,BKK,NRT,Japan,Tokyo (Narita),2027-02-20,14221,THB
2026-09-17,BKK-NRT,BKK,NRT,Japan,Tokyo (Narita),2027-02-21,16071,THB
2026-09-17,BKK-NRT,BKK,NRT,Japan,Tokyo (Narita),2027-02-22,16039,THB
2026-09-17,BKK-NRT,BKK,NRT,Japan,Tokyo (Narita),2027-02-23,16007,THB
2026-09-17,BKK-NRT,BKK,NRT,Japan,Tokyo (Narita),2027-02-26,15890,THB
2026-09-17,BKK-NRT,BKK,NRT,Japan,Tokyo (Narita),2027-03-04,14122,THB
2026-09-17,BKK-NRT,BKK,NRT,Japan,Tokyo (Narita),2027-03-05,17004,THB
2026-09-17,BKK-NRT,BKK,NRT,Japan,Tokyo (Narita),2027-03-06,15028,THB
2026-09-17,BKK-NRT,BKK,NRT,Japan,Tokyo (Narita),2027-03-08,13484,THB
2026-09-17,BKK-NRT,BKK,NRT,Japan,Tokyo (Narita),2027-03-09,16204,THB
2026-09-17,BKK-NRT,BKK,NRT,Japan,Tokyo (Narita),2027-03-11,15705,THB
2026-09-17,BKK-NRT,BKK,NRT,Japan,Tokyo (Narita),2027-03-16,13550,THB
2026-09-17,BKK-NRT,BKK,NRT,Japan,Tokyo (Narita),2027-03-19,16882,THB
2026-09-17,BKK-NRT,BKK,NRT,Japan,Tokyo (Narita),2027-03-22,15787,THB
2026-09-17,BKK-NRT,BKK,NRT,Japan,Tokyo (Narita),2027-03-25,16285,THB
2026-09-17,BKK-NRT,BKK,NRT,Japan,Tokyo (Narita),2027-04-01,17373,THB
2026-09-17,BKK-NRT,BKK,NRT,Japan,Tokyo (Narita),2027-04-05,16117,THB
2026-09-17,BKK-NRT,BKK,NRT,Japan,Tokyo (Narita),2027-04-19,17124,THB
2026-09-17,BKK-NRT,BKK,NRT,Japan,Tokyo (Narita),2027-04-20,16009,THB
2026-09-17,BKK-NRT,BKK,NRT,Japan,Tokyo (Narita),2027-04-22,16362,THB
2026-09-17,BKK-NRT,BKK,NRT,Japan,Tokyo (Narita),2027-04-23,13709,THB
2026-09-17,BKK-NRT,BKK,NRT,Japan,Tokyo (Narita),2027-04-24,13732,THB
2026-09-17,BKK-NRT,BKK,NRT,Japan,Tokyo (Narita),2027-04-25,13709,THB
2026-09-17,BKK-NRT,BKK,NRT,Japan,Tokyo (Narita),2027-04-29,13453,THB
2026-09-17,BKK-NRT,BKK,NRT,Japan,Tokyo (Narita),2027-04-30,14205,THB
2026-09-17,BKK-NRT,BKK,NRT,Japan,Tokyo (Narita),2027-06-20,12556,THB
2026-09-17,BKK-NRT,BKK,NRT,Japan,Tokyo (Narita),2027-07-02,14159,THB
2026-09-17,BKK-NRT,BKK,NRT,Japan,Tokyo (Narita),2027-08-21,14378,THB
2026-09-17,BKK-HND,BKK,HND,Japan,Tokyo (Haneda),2026-09-17,19547,THB
2026-09-17,BKK-HND,BKK,HND,Japan,Tokyo (Haneda),2026-09-18,15214,THB
2026-09-17,BKK-HND,BKK,HND,Japan,Tokyo (Haneda),2026-09-19,15134,THB
2026-09-17,BKK-HND,BKK,HND,Japan,Tokyo (Haneda),2026-09-20,14074,THB
2026-09-17,BKK-HND,BKK,HND,Japan,Tokyo (Haneda),2026-09-21,15843,THB
2026-09-17,BKK-HND,BKK,HND,Japan,Tokyo (Haneda),2026-09-22,31506,THB
2026-09-17,BKK-HND,BKK,HND,Japan,Tokyo (Haneda),2026-09-23,20766,THB
2026-09-17,BKK-HND,BKK,HND,Japan,Tokyo (Haneda),2026-09-24,21404,THB
2026-09-17,BKK-HND,BKK,HND,Japan,Tokyo (Haneda),2026-09-25,19970,THB
2026-09-17,BKK-HND,BKK,HND,Japan,Tokyo (Haneda),2026-09-27,20159,THB
2026-09-17,BKK-HND,BKK,HND,Japan,Tokyo (Haneda),2026-09-28,17505,THB
2026-09-17,BKK-HND,BKK,HND,Japan,Tokyo (Haneda),2026-09-29,17203,THB
2026-09-17,BKK-HND,BKK,HND,Japan,Tokyo (Haneda),2026-09-30,19584,THB
2026-09-17,BKK-HND,BKK,HND,Japan,Tokyo (Haneda),2026-10-01,17449,THB
2026-09-17,BKK-HND,BKK,HND,Japan,Tokyo (Haneda),2026-10-02,16053,THB
2026-09-17,BKK-HND,BKK,HND,Japan,Tokyo (Haneda),2026-10-03,15756,THB
2026-09-17,BKK-HND,BKK,HND,Japan,Tokyo (Haneda),2026-10-04,19556,THB
2026-09-17,BKK-HND,BKK,HND,Japan,Tokyo (Haneda),2026-10-05,17006,THB
2026-09-17,BKK-HND,BKK,HND,Japan,Tokyo (Haneda),2026-10-07,21009,THB
2026-09-17,BKK-HND,BKK,HND,Japan,Tokyo (Haneda),2026-10-08,18833,THB
2026-09-17,BKK-HND,BKK,HND,Japan,Tokyo (Haneda),2026-10-09,15975,THB
2026-09-17,BKK-HND,BKK,HND,Japan,Tokyo (Haneda),2026-10-10,18277,THB
2026-09-17,BKK-HND,BKK,HND,Japan,Tokyo (Haneda),2026-10-11,16747,THB
2026-09-17,BKK-HND,BKK,HND,Japan,Tokyo (Haneda),2026-10-12,19942,THB
2026-09-17,BKK-HND,BKK,HND,Japan,Tokyo (Haneda),2026-10-13,15315,THB
2026-09-17,BKK-HND,BKK,HND,Japan,Tokyo (Haneda),2026-10-14,14468,THB
2026-09-17,BKK-HND,BKK,HND,Japan,Tokyo (Haneda),2026-10-15,15651,THB
2026-09-17,BKK-HND,BKK,HND,Japan,Tokyo (Haneda),2026-10-16,15856,THB
2026-09-17,BKK-HND,BKK,HND,Japan,Tokyo (Haneda),2026-10-17,18377,THB
2026-09-17,BKK-HND,BKK,HND,Japan,Tokyo (Haneda),2026-10-18,15479,THB
2026-09-17,BKK-HND,BKK,HND,Japan,Tokyo (Haneda),2026-10-19,15961,THB
2026-09-17,BKK-HND,BKK,HND,Japan,Tokyo (Haneda),2026-10-20,14669,THB
2026-09-17,BKK-HND,BKK,HND,Japan,Tokyo (Haneda),2026-10-21,14856,THB
2026-09-17,BKK-HND,BKK,HND,Japan,Tokyo (Haneda),2026-10-22,15196,THB
2026-09-17,BKK-HND,BKK,HND,Japan,Tokyo (Haneda),2026-10-23,15016,THB
2026-09-17,BKK-HND,BKK,HND,Japan,Tokyo (Haneda),2026-10-24,15274,THB
2026-09-17,BKK-HND,BKK,HND,Japan,Tokyo (Haneda),2026-10-25,15289,THB
2026-09-17,BKK-HND,BKK,HND,Japan,Tokyo (Haneda),2026-10-26,15191,THB
2026-09-17,BKK-HND,BKK,HND,Japan,Tokyo (Haneda),2026-10-27,15183,THB
2026-09-17,BKK-HND,BKK,HND,Japan,Tokyo (Haneda),2026-10-28,14884,THB
2026-09-17,BKK-HND,BKK,HND,Japan,Tokyo (Haneda),2026-10-29,14613,THB
2026-09-17,BKK-HND,BKK,HND,Japan,Tokyo (Haneda),2026-10-30,15389,THB
2026-09-17,BKK-HND,BKK,HND,Japan,Tokyo (Haneda),2026-10-31,14852,THB
2026-09-17,BKK-HND,BKK,HND,Japan,Tokyo (Haneda),2026-11-01,14308,THB
2026-09-17,BKK-HND,BKK,HND,Japan,Tokyo (Haneda),2026-11-02,14459,THB
2026-09-17,BKK-HND,BKK,HND,Japan,Tokyo (Haneda),2026-11-03,13573,THB
2026-09-17,BKK-HND,BKK,HND,Japan,Tokyo (Haneda),2026-11-04,14305,THB
2026-09-17,BKK-HND,BKK,HND,Japan,Tokyo (Haneda),2026-11-05,14822,THB
2026-09-17,BKK-HND,BKK,HND,Japan,Tokyo (Haneda),2026-11-07,17739,THB
2026-09-17,BKK-HND,BKK,HND,Japan,Tokyo (Haneda),2026-11-08,15467,THB
2026-09-17,BKK-HND,BKK,HND,Japan,Tokyo (Haneda),2026-11-09,17342,THB
2026-09-17,BKK-HND,BKK,HND,Japan,Tokyo (Haneda),2026-11-10,14937,THB
2026-09-17,BKK-HND,BKK,HND,Japan,Tokyo (Haneda),2026-11-11,15497,THB
2026-09-17,BKK-HND,BKK,HND,Japan,Tokyo (Haneda),2026-11-12,15895,THB
2026-09-17,BKK-HND,BKK,HND,Japan,Tokyo (Haneda),2026-11-13,15463,THB
2026-09-17,BKK-HND,BKK,HND,Japan,Tokyo (Haneda),2026-11-14,15297,THB
2026-09-17,BKK-HND,BKK,HND,Japan,Tokyo (Haneda),2026-11-15,16261,THB
2026-09-17,BKK-HND,BKK,HND,Japan,Tokyo (Haneda),2026-11-16,15405,THB
2026-09-17,BKK-HND,BKK,HND,Japan,Tokyo (Haneda),2026-11-18,14904,THB
2026-09-17,BKK-HND,BKK,HND,Japan,Tokyo (Haneda),2026-11-19,14902,THB
2026-09-17,BKK-HND,BKK,HND,Japan,Tokyo (Haneda),2026-11-20,15384,THB
2026-09-17,BKK-HND,BKK,HND,Japan,Tokyo (Haneda),2026-11-21,15776,THB
2026-09-17,BKK-HND,BKK,HND,Japan,Tokyo (Haneda),2026-11-22,14923,THB
2026-09-17,BKK-HND,BKK,HND,Japan,Tokyo (Haneda),2026-11-23,17237,THB
2026-09-17,BKK-HND,BKK,HND,Japan,Tokyo (Haneda),2026-11-24,16186,THB
2026-09-17,BKK-HND,BKK,HND,Japan,Tokyo (Haneda),2026-11-26,13494,THB
2026-09-17,BKK-HND,BKK,HND,Japan,Tokyo (Haneda),2026-11-27,16060,THB
2026-09-17,BKK-HND,BKK,HND,Japan,Tokyo (Haneda),2026-12-01,15173,THB
2026-09-17,BKK-HND,BKK,HND,Japan,Tokyo (Haneda),2026-12-02,15904,THB
2026-09-17,BKK-HND,BKK,HND,Japan,Tokyo (Haneda),2026-12-04,16793,THB
2026-09-17,BKK-HND,BKK,HND,Japan,Tokyo (Haneda),2026-12-05,15739,THB
2026-09-17,BKK-HND,BKK,HND,Japan,Tokyo (Haneda),2026-12-07,14588,THB
2026-09-17,BKK-HND,BKK,HND,Japan,Tokyo (Haneda),2026-12-08,14597,THB
2026-09-17,BKK-HND,BKK,HND,Japan,Tokyo (Haneda),2026-12-10,17346,THB
2026-09-17,BKK-HND,BKK,HND,Japan,Tokyo (Haneda),2026-12-12,15713,THB
2026-09-17,BKK-HND,BKK,HND,Japan,Tokyo (Haneda),2026-12-13,20167,THB
2026-09-17,BKK-HND,BKK,HND,Japan,Tokyo (Haneda),2026-12-14,17455,THB
2026-09-17,BKK-HND,BKK,HND,Japan,Tokyo (Haneda),2026-12-18,20115,THB
2026-09-17,BKK-HND,BKK,HND,Japan,Tokyo (Haneda),2026-12-20,19883,THB
2026-09-17,BKK-HND,BKK,HND,Japan,Tokyo (Haneda),2026-12-21,21278,THB
2026-09-17,BKK-HND,BKK,HND,Japan,Tokyo (Haneda),2026-12-22,16654,THB
2026-09-17,BKK-HND,BKK,HND,Japan,Tokyo (Haneda),2026-12-23,25366,THB
2026-09-17,BKK-HND,BKK,HND,Japan,Tokyo (Haneda),2026-12-24,23410,THB
2026-09-17,BKK-HND,BKK,HND,Japan,Tokyo (Haneda),2026-12-25,20554,THB
2026-09-17,BKK-HND,BKK,HND,Japan,Tokyo (Haneda),2026-12-26,17363,THB
2026-09-17,BKK-HND,BKK,HND,Japan,Tokyo (Haneda),2026-12-27,18924,THB
2026-09-17,BKK-HND,BKK,HND,Japan,Tokyo (Haneda),2026-12-28,20452,THB
2026-09-17,BKK-HND,BKK,HND,Japan,Tokyo (Haneda),2026-12-29,19290,THB
2026-09-17,BKK-HND,BKK,HND,Japan,Tokyo (Haneda),2026-12-30,21355,THB
2026-09-17,BKK-HND,BKK,HND,Japan,Tokyo (Haneda),2027-01-01,18603,THB
2026-09-17,BKK-HND,BKK,HND,Japan,Tokyo (Haneda),2027-01-02,22147,THB
2026-09-17,BKK-HND,BKK,HND,Japan,Tokyo (Haneda),2027-01-03,15898,THB
2026-09-17,BKK-HND,BKK,HND,Japan,Tokyo (Haneda),2027-01-04,15904,THB
2026-09-17,BKK-HND,BKK,HND,Japan,Tokyo (Haneda),2027-01-05,16612,THB
2026-09-17,BKK-HND,BKK,HND,Japan,Tokyo (Haneda),2027-01-06,16246,THB
2026-09-17,BKK-HND,BKK,HND,Japan,Tokyo (Haneda),2027-01-09,16268,THB
2026-09-17,BKK-HND,BKK,HND,Japan,Tokyo (Haneda),2027-01-13,16115,THB
2026-09-17,BKK-HND,BKK,HND,Japan,Tokyo (Haneda),2027-01-14,15451,THB
2026-09-17,BKK-HND,BKK,HND,Japan,Tokyo (Haneda),2027-01-15,16220,THB
2026-09-17,BKK-HND,BKK,HND,Japan,Tokyo (Haneda),2027-01-18,17528,THB
2026-09-17,BKK-HND,BKK,HND,Japan,Tokyo (Haneda),2027-01-19,15030,THB
2026-09-17,BKK-HND,BKK,HND,Japan,Tokyo (Haneda),2027-01-22,16749,THB
2026-09-17,BKK-HND,BKK,HND,Japan,Tokyo (Haneda),2027-01-23,19113,THB
2026-09-17,BKK-HND,BKK,HND,Japan,Tokyo (Haneda),2027-01-27,17042,THB
2026-09-17,BKK-HND,BKK,HND,Japan,Tokyo (Haneda),2027-01-28,16848,THB
2026-09-17,BKK-HND,BKK,HND,Japan,Tokyo (Haneda),2027-01-29,18321,THB
2026-09-17,BKK-HND,BKK,HND,Japan,Tokyo (Haneda),2027-01-30,16890,THB
2026-09-17,BKK-HND,BKK,HND,Japan,Tokyo (Haneda),2027-02-01,18835,THB
2026-09-17,BKK-HND,BKK,HND,Japan,Tokyo (Haneda),2027-02-02,19964,THB
2026-09-17,BKK-HND,BKK,HND,Japan,Tokyo (Haneda),2027-02-03,20547,THB
2026-09-17,BKK-HND,BKK,HND,Japan,Tokyo (Haneda),2027-02-04,17710,THB
2026-09-17,BKK-HND,BKK,HND,Japan,Tokyo (Haneda),2027-02-05,15931,THB
2026-09-17,BKK-HND,BKK,HND,Japan,Tokyo (Haneda),2027-02-08,16722,THB
2026-09-17,BKK-HND,BKK,HND,Japan,Tokyo (Haneda),2027-02-11,18744,THB
2026-09-17,BKK-HND,BKK,HND,Japan,Tokyo (Haneda),2027-02-12,18297,THB
2026-09-17,BKK-HND,BKK,HND,Japan,Tokyo (Haneda),2027-02-14,19313,THB
2026-09-17,BKK-HND,BKK,HND,Japan,Tokyo (Haneda),2027-02-15,18297,THB
2026-09-17,BKK-HND,BKK,HND,Japan,Tokyo (Haneda),2027-02-20,15527,THB
2026-09-17,BKK-HND,BKK,HND,Japan,Tokyo (Haneda),2027-02-21,17031,THB
2026-09-17,BKK-HND,BKK,HND,Japan,Tokyo (Haneda),2027-02-22,17223,THB
2026-09-17,BKK-HND,BKK,HND,Japan,Tokyo (Haneda),2027-02-23,15529,THB
2026-09-17,BKK-HND,BKK,HND,Japan,Tokyo (Haneda),2027-02-26,15569,THB
2026-09-17,BKK-HND,BKK,HND,Japan,Tokyo (Haneda),2027-03-04,17305,THB
2026-09-17,BKK-HND,BKK,HND,Japan,Tokyo (Haneda),2027-03-05,16475,THB
2026-09-17,BKK-HND,BKK,HND,Japan,Tokyo (Haneda),2027-03-06,16592,THB
2026-09-17,BKK-HND,BKK,HND,Japan,Tokyo (Haneda),2027-03-08,14651,THB
2026-09-17,BKK-HND,BKK,HND,Japan,Tokyo (Haneda),2027-03-09,17302,THB
2026-09-17,BKK-HND,BKK,HND,Japan,Tokyo (Haneda),2027-03-11,15739,THB
2026-09-17,BKK-HND,BKK,HND,Japan,Tokyo (Haneda),2027-03-16,14903,THB
2026-09-17,BKK-HND,BKK,HND,Japan,Tokyo (Haneda),2027-03-19,20084,THB
2026-09-17,BKK-HND,BKK,HND,Japan,Tokyo (Haneda),2027-03-22,17688,THB
2026-09-17,BKK-HND,BKK,HND,Japan,Tokyo (Haneda),2027-03-25,18527,THB
2026-09-17,BKK-HND,BKK,HND,Japan,Tokyo (Haneda),2027-04-01,20430,THB
2026-09-17,BKK-HND,BKK,HND,Japan,Tokyo (Haneda),2027-04-05,17701,THB
2026-09-17,BKK-HND,BKK,HND,Japan,Tokyo (Haneda),2027-04-19,19170,THB
2026-09-17,BKK-HND,BKK,HND,Japan,Tokyo (Haneda),2027-04-20,18510,THB
2026-09-17,BKK-HND,BKK,HND,Japan,Tokyo (Haneda),2027-04-22,18352,THB
2026-09-17,BKK-HND,BKK,HND,Japan,Tokyo (Haneda),2027-04-23,14340,THB
2026-09-17,BKK-HND,BKK,HND,Japan,Tokyo (Haneda),2027-04-24,14340,THB
2026-09-17,BKK-HND,BKK,HND,Japan,Tokyo (Haneda),2027-04-25,14196,THB
2026-09-17,BKK-HND,BKK,HND,Japan,Tokyo (Haneda),2027-04-29,14094,THB
2026-09-17,BKK-HND,BKK,HND,Japan,Tokyo (Haneda),2027-04-30,15637,THB
2026-09-17,BKK-HND,BKK,HND,Japan,Tokyo (Haneda),2027-06-20,11882,THB
2026-09-17,BKK-HND,BKK,HND,Japan,Tokyo (Haneda),2027-07-02,13416,THB
2026-09-17,BKK-HND,BKK,HND,Japan,Tokyo (Haneda),2027-08-21,14442,THB
2026-09-17,BKK-KIX,BKK,KIX,Japan,Osaka,2026-09-17,16579,THB
2026-09-17,BKK-KIX,BKK,KIX,Japan,Osaka,2026-09-19,12070,THB
2026-09-17,BKK-KIX,BKK,KIX,Japan,Osaka,2026-09-21,14379,THB
2026-09-17,BKK-KIX,BKK,KIX,Japan,Osaka,2026-09-25,14717,THB
2026-09-17,BKK-KIX,BKK,KIX,Japan,Osaka,2026-09-26,14779,THB
2026-09-17,BKK-KIX,BKK,KIX,Japan,Osaka,2026-09-27,14858,THB
2026-09-17,BKK-KIX,BKK,KIX,Japan,Osaka,2026-10-05,12501,THB
2026-09-17,BKK-KIX,BKK,KIX,Japan,Osaka,2026-10-09,16608,THB
2026-09-17,BKK-KIX,BKK,KIX,Japan,Osaka,2026-10-10,15687,THB
2026-09-17,BKK-KIX,BKK,KIX,Japan,Osaka,2026-10-13,13315,THB
2026-09-17,BKK-KIX,BKK,KIX,Japan,Osaka,2026-10-14,13710,THB
2026-09-17,BKK-KIX,BKK,KIX,Japan,Osaka,2026-10-16,12873,THB
2026-09-17,BKK-KIX,BKK,KIX,Japan,Osaka,2026-10-17,12467,THB
2026-09-17,BKK-KIX,BKK,KIX,Japan,Osaka,2026-10-21,13369,THB
2026-09-17,BKK-KIX,BKK,KIX,Japan,Osaka,2026-10-22,13172,THB
2026-09-17,BKK-KIX,BKK,KIX,Japan,Osaka,2026-10-25,14846,THB
2026-09-17,BKK-KIX,BKK,KIX,Japan,Osaka,2026-10-27,12678,THB
2026-09-17,BKK-KIX,BKK,KIX,Japan,Osaka,2026-11-01,13061,THB
2026-09-17,BKK-KIX,BKK,KIX,Japan,Osaka,2026-11-05,13604,THB
2026-09-17,BKK-KIX,BKK,KIX,Japan,Osaka,2026-11-07,13261,THB
2026-09-17,BKK-KIX,BKK,KIX,Japan,Osaka,2026-11-08,13033,THB
2026-09-17,BKK-KIX,BKK,KIX,Japan,Osaka,2026-11-09,12327,THB
2026-09-17,BKK-KIX,BKK,KIX,Japan,Osaka,2026-11-17,14112,THB
2026-09-17,BKK-KIX,BKK,KIX,Japan,Osaka,2026-11-22,13400,THB
2026-09-17,BKK-KIX,BKK,KIX,Japan,Osaka,2026-12-01,13128,THB
2026-09-17,BKK-KIX,BKK,KIX,Japan,Osaka,2026-12-03,14614,THB
2026-09-17,BKK-KIX,BKK,KIX,Japan,Osaka,2026-12-10,13123,THB
2026-09-17,BKK-KIX,BKK,KIX,Japan,Osaka,2026-12-12,13123,THB
2026-09-17,BKK-KIX,BKK,KIX,Japan,Osaka,2026-12-18,13203,THB
2026-09-17,BKK-KIX,BKK,KIX,Japan,Osaka,2026-12-21,15203,THB
2026-09-17,BKK-KIX,BKK,KIX,Japan,Osaka,2026-12-23,20577,THB
2026-09-17,BKK-KIX,BKK,KIX,Japan,Osaka,2026-12-24,18139,THB
2026-09-17,BKK-KIX,BKK,KIX,Japan,Osaka,2026-12-25,17668,THB
2026-09-17,BKK-KIX,BKK,KIX,Japan,Osaka,2026-12-30,15138,THB
2026-09-17,BKK-KIX,BKK,KIX,Japan,Osaka,2027-01-03,14981,THB
2026-09-17,BKK-KIX,BKK,KIX,Japan,Osaka,2027-01-04,15594,THB
2026-09-17,BKK-KIX,BKK,KIX,Japan,Osaka,2027-01-09,14345,THB
2026-09-17,BKK-KIX,BKK,KIX,Japan,Osaka,2027-01-14,13853,THB
2026-09-17,BKK-KIX,BKK,KIX,Japan,Osaka,2027-01-15,12706,THB
2026-09-17,BKK-KIX,BKK,KIX,Japan,Osaka,2027-01-18,13630,THB
2026-09-17,BKK-KIX,BKK,KIX,Japan,Osaka,2027-01-19,12550,THB
2026-09-17,BKK-KIX,BKK,KIX,Japan,Osaka,2027-01-30,13599,THB
2026-09-17,BKK-KIX,BKK,KIX,Japan,Osaka,2027-02-07,14813,THB
2026-09-17,BKK-KIX,BKK,KIX,Japan,Osaka,2027-02-10,14172,THB
2026-09-17,BKK-KIX,BKK,KIX,Japan,Osaka,2027-02-11,14621,THB
2026-09-17,BKK-KIX,BKK,KIX,Japan,Osaka,2027-02-16,13090,THB
2026-09-17,BKK-KIX,BKK,KIX,Japan,Osaka,2027-02-26,12201,THB
2026-09-17,BKK-KIX,BKK,KIX,Japan,Osaka,2027-03-04,14354,THB
2026-09-17,BKK-KIX,BKK,KIX,Japan,Osaka,2027-03-10,14261,THB
2026-09-17,BKK-KIX,BKK,KIX,Japan,Osaka,2027-03-22,19690,THB
2026-09-17,BKK-KIX,BKK,KIX,Japan,Osaka,2027-03-27,15858,THB
2026-09-17,BKK-KIX,BKK,KIX,Japan,Osaka,2027-04-01,16842,THB
2026-09-17,BKK-KIX,BKK,KIX,Japan,Osaka,2027-04-09,15199,THB
2026-09-17,BKK-KIX,BKK,KIX,Japan,Osaka,2027-04-10,16472,THB
2026-09-17,BKK-KIX,BKK,KIX,Japan,Osaka,2027-05-29,12147,THB
2026-09-17,BKK-SGN,BKK,SGN,Vietnam,Ho Chi Minh City,2026-09-17,4776,THB
2026-09-17,BKK-SGN,BKK,SGN,Vietnam,Ho Chi Minh City,2026-09-18,4386,THB
2026-09-17,BKK-SGN,BKK,SGN,Vietnam,Ho Chi Minh City,2026-09-19,4453,THB
2026-09-17,BKK-SGN,BKK,SGN,Vietnam,Ho Chi Minh City,2026-09-20,5049,THB
2026-09-17,BKK-SGN,BKK,SGN,Vietnam,Ho Chi Minh City,2026-09-21,4720,THB
2026-09-17,BKK-SGN,BKK,SGN,Vietnam,Ho Chi Minh City,2026-09-22,5069,THB
2026-09-17,BKK-SGN,BKK,SGN,Vietnam,Ho Chi Minh City,2026-09-23,4506,THB
2026-09-17,BKK-SGN,BKK,SGN,Vietnam,Ho Chi Minh City,2026-09-24,4686,THB
2026-09-17,BKK-SGN,BKK,SGN,Vietnam,Ho Chi Minh City,2026-09-25,4815,THB
2026-09-17,BKK-SGN,BKK,SGN,Vietnam,Ho Chi Minh City,2026-09-27,5114,THB
2026-09-17,BKK-SGN,BKK,SGN,Vietnam,Ho Chi Minh City,2026-09-28,5298,THB
2026-09-17,BKK-SGN,BKK,SGN,Vietnam,Ho Chi Minh City,2026-09-29,5298,THB
2026-09-17,BKK-SGN,BKK,SGN,Vietnam,Ho Chi Minh City,2026-09-30,5298,THB
2026-09-17,BKK-SGN,BKK,SGN,Vietnam,Ho Chi Minh City,2026-10-01,4674,THB
2026-09-17,BKK-SGN,BKK,SGN,Vietnam,Ho Chi Minh City,2026-10-02,5298,THB
2026-09-17,BKK-SGN,BKK,SGN,Vietnam,Ho Chi Minh City,2026-10-03,5298,THB
2026-09-17,BKK-SGN,BKK,SGN,Vietnam,Ho Chi Minh City,2026-10-05,4561,THB
2026-09-17,BKK-SGN,BKK,SGN,Vietnam,Ho Chi Minh City,2026-10-08,5203,THB
2026-09-17,BKK-SGN,BKK,SGN,Vietnam,Ho Chi Minh City,2026-10-09,5243,THB
2026-09-17,BKK-SGN,BKK,SGN,Vietnam,Ho Chi Minh City,2026-10-10,5376,THB
2026-09-17,BKK-SGN,BKK,SGN,Vietnam,Ho Chi Minh City,2026-10-11,5322,THB
2026-09-17,BKK-SGN,BKK,SGN,Vietnam,Ho Chi Minh City,2026-10-13,5219,THB
2026-09-17,BKK-SGN,BKK,SGN,Vietnam,Ho Chi Minh City,2026-10-15,5043,THB
2026-09-17,BKK-SGN,BKK,SGN,Vietnam,Ho Chi Minh City,2026-10-16,5087,THB
2026-09-17,BKK-SGN,BKK,SGN,Vietnam,Ho Chi Minh City,2026-10-17,4978,THB
2026-09-17,BKK-SGN,BKK,SGN,Vietnam,Ho Chi Minh City,2026-10-18,5087,THB
2026-09-17,BKK-SGN,BKK,SGN,Vietnam,Ho Chi Minh City,2026-10-20,6135,THB
2026-09-17,BKK-SGN,BKK,SGN,Vietnam,Ho Chi Minh City,2026-10-21,4494,THB
2026-09-17,BKK-SGN,BKK,SGN,Vietnam,Ho Chi Minh City,2026-10-22,5201,THB
2026-09-17,BKK-SGN,BKK,SGN,Vietnam,Ho Chi Minh City,2026-10-25,5498,THB
2026-09-17,BKK-SGN,BKK,SGN,Vietnam,Ho Chi Minh City,2026-10-31,5324,THB
2026-09-17,BKK-SGN,BKK,SGN,Vietnam,Ho Chi Minh City,2026-11-01,5770,THB
2026-09-17,BKK-SGN,BKK,SGN,Vietnam,Ho Chi Minh City,2026-11-02,5350,THB
2026-09-17,BKK-SGN,BKK,SGN,Vietnam,Ho Chi Minh City,2026-11-06,4906,THB
2026-09-17,BKK-SGN,BKK,SGN,Vietnam,Ho Chi Minh City,2026-11-08,5078,THB
2026-09-17,BKK-SGN,BKK,SGN,Vietnam,Ho Chi Minh City,2026-11-09,5078,THB
2026-09-17,BKK-SGN,BKK,SGN,Vietnam,Ho Chi Minh City,2026-11-10,5078,THB
2026-09-17,BKK-SGN,BKK,SGN,Vietnam,Ho Chi Minh City,2026-11-11,5056,THB
2026-09-17,BKK-SGN,BKK,SGN,Vietnam,Ho Chi Minh City,2026-11-12,5078,THB
2026-09-17,BKK-SGN,BKK,SGN,Vietnam,Ho Chi Minh City,2026-11-13,5003,THB
2026-09-17,BKK-SGN,BKK,SGN,Vietnam,Ho Chi Minh City,2026-11-14,5131,THB
2026-09-17,BKK-SGN,BKK,SGN,Vietnam,Ho Chi Minh City,2026-11-15,5265,THB
2026-09-17,BKK-SGN,BKK,SGN,Vietnam,Ho Chi Minh City,2026-11-16,5305,THB
2026-09-17,BKK-SGN,BKK,SGN,Vietnam,Ho Chi Minh City,2026-11-17,5265,THB
2026-09-17,BKK-SGN,BKK,SGN,Vietnam,Ho Chi Minh City,2026-11-18,5446,THB
2026-09-17,BKK-SGN,BKK,SGN,Vietnam,Ho Chi Minh City,2026-11-20,5239,THB
2026-09-17,BKK-SGN,BKK,SGN,Vietnam,Ho Chi Minh City,2026-11-26,5698,THB
2026-09-17,BKK-SGN,BKK,SGN,Vietnam,Ho Chi Minh City,2026-11-28,5362,THB
2026-09-17,BKK-SGN,BKK,SGN,Vietnam,Ho Chi Minh City,2026-12-02,5464,THB
2026-09-17,BKK-SGN,BKK,SGN,Vietnam,Ho Chi Minh City,2026-12-04,6173,THB
2026-09-17,BKK-SGN,BKK,SGN,Vietnam,Ho Chi Minh City,2026-12-05,5496,THB
2026-09-17,BKK-SGN,BKK,SGN,Vietnam,Ho Chi Minh City,2026-12-08,5806,THB
2026-09-17,BKK-SGN,BKK,SGN,Vietnam,Ho Chi Minh City,2026-12-09,7078,THB
2026-09-17,BKK-SGN,BKK,SGN,Vietnam,Ho Chi Minh City,2026-12-10,5705,THB
2026-09-17,BKK-SGN,BKK,SGN,Vietnam,Ho Chi Minh City,2026-12-11,6024,THB
2026-09-17,BKK-SGN,BKK,SGN,Vietnam,Ho Chi Minh City,2026-12-14,5833,THB
2026-09-17,BKK-SGN,BKK,SGN,Vietnam,Ho Chi Minh City,2026-12-17,5342,THB
2026-09-17,BKK-SGN,BKK,SGN,Vietnam,Ho Chi Minh City,2026-12-18,4947,THB
2026-09-17,BKK-SGN,BKK,SGN,Vietnam,Ho Chi Minh City,2026-12-19,5332,THB
2026-09-17,BKK-SGN,BKK,SGN,Vietnam,Ho Chi Minh City,2026-12-20,6279,THB
2026-09-17,BKK-SGN,BKK,SGN,Vietnam,Ho Chi Minh City,2026-12-22,5181,THB
2026-09-17,BKK-SGN,BKK,SGN,Vietnam,Ho Chi Minh City,2026-12-24,5507,THB
2026-09-17,BKK-SGN,BKK,SGN,Vietnam,Ho Chi Minh City,2026-12-25,6520,THB
2026-09-17,BKK-SGN,BKK,SGN,Vietnam,Ho Chi Minh City,2026-12-26,6008,THB
2026-09-17,BKK-SGN,BKK,SGN,Vietnam,Ho Chi Minh City,2026-12-28,6500,THB
2026-09-17,BKK-SGN,BKK,SGN,Vietnam,Ho Chi Minh City,2026-12-29,6134,THB
2026-09-17,BKK-SGN,BKK,SGN,Vietnam,Ho Chi Minh City,2026-12-30,6237,THB
2026-09-17,BKK-SGN,BKK,SGN,Vietnam,Ho Chi Minh City,2027-01-02,6647,THB
2026-09-17,BKK-SGN,BKK,SGN,Vietnam,Ho Chi Minh City,2027-01-03,6299,THB
2026-09-17,BKK-SGN,BKK,SGN,Vietnam,Ho Chi Minh City,2027-01-04,5984,THB
2026-09-17,BKK-SGN,BKK,SGN,Vietnam,Ho Chi Minh City,2027-01-05,5249,THB
2026-09-17,BKK-SGN,BKK,SGN,Vietnam,Ho Chi Minh City,2027-01-06,4770,THB
2026-09-17,BKK-SGN,BKK,SGN,Vietnam,Ho Chi Minh City,2027-01-07,5303,THB
2026-09-17,BKK-SGN,BKK,SGN,Vietnam,Ho Chi Minh City,2027-01-08,4836,THB
2026-09-17,BKK-SGN,BKK,SGN,Vietnam,Ho Chi Minh City,2027-01-09,5271,THB
2026-09-17,BKK-SGN,BKK,SGN,Vietnam,Ho Chi Minh City,2027-01-10,5839,THB
2026-09-17,BKK-SGN,BKK,SGN,Vietnam,Ho Chi Minh City,2027-01-11,5197,THB
2026-09-17,BKK-SGN,BKK,SGN,Vietnam,Ho Chi Minh City,2027-01-12,4940,THB
2026-09-17,BKK-SGN,BKK,SGN,Vietnam,Ho Chi Minh City,2027-01-14,5095,THB
2026-09-17,BKK-SGN,BKK,SGN,Vietnam,Ho Chi Minh City,2027-01-16,5311,THB
2026-09-17,BKK-SGN,BKK,SGN,Vietnam,Ho Chi Minh City,2027-01-17,5324,THB
2026-09-17,BKK-SGN,BKK,SGN,Vietnam,Ho Chi Minh City,2027-01-18,5431,THB
2026-09-17,BKK-SGN,BKK,SGN,Vietnam,Ho Chi Minh City,2027-01-20,5273,THB
2026-09-17,BKK-SGN,BKK,SGN,Vietnam,Ho Chi Minh City,2027-01-21,4709,THB
2026-09-17,BKK-SGN,BKK,SGN,Vietnam,Ho Chi Minh City,2027-01-22,4709,THB
2026-09-17,BKK-SGN,BKK,SGN,Vietnam,Ho Chi Minh City,2027-01-25,5083,THB
2026-09-17,BKK-SGN,BKK,SGN,Vietnam,Ho Chi Minh City,2027-01-28,5230,THB
2026-09-17,BKK-SGN,BKK,SGN,Vietnam,Ho Chi Minh City,2027-01-29,5078,THB
2026-09-17,BKK-SGN,BKK,SGN,Vietnam,Ho Chi Minh City,2027-01-31,5617,THB
2026-09-17,BKK-SGN,BKK,SGN,Vietnam,Ho Chi Minh City,2027-02-01,5224,THB
2026-09-17,BKK-SGN,BKK,SGN,Vietnam,Ho Chi Minh City,2027-02-06,5077,THB
2026-09-17,BKK-SGN,BKK,SGN,Vietnam,Ho Chi Minh City,2027-02-08,6138,THB
2026-09-17,BKK-SGN,BKK,SGN,Vietnam,Ho Chi Minh City,2027-02-16,5448,THB
2026-09-17,BKK-SGN,BKK,SGN,Vietnam,Ho Chi Minh City,2027-02-22,5223,THB
2026-09-17,BKK-SGN,BKK,SGN,Vietnam,Ho Chi Minh City,2027-02-25,4709,THB
2026-09-17,BKK-SGN,BKK,SGN,Vietnam,Ho Chi Minh City,2027-02-27,5231,THB
2026-09-17,BKK-SGN,BKK,SGN,Vietnam,Ho Chi Minh City,2027-03-05,5265,THB
2026-09-17,BKK-SGN,BKK,SGN,Vietnam,Ho Chi Minh City,2027-03-08,4839,THB
2026-09-17,BKK-SGN,BKK,SGN,Vietnam,Ho Chi Minh City,2027-03-11,5265,THB
2026-09-17,BKK-SGN,BKK,SGN,Vietnam,Ho Chi Minh City,2027-03-16,6127,THB
2026-09-17,BKK-SGN,BKK,SGN,Vietnam,Ho Chi Minh City,2027-04-26,5730,THB
2026-09-17,BKK-SGN,BKK,SGN,Vietnam,Ho Chi Minh City,2027-05-31,4910,THB
2026-09-17,BKK-HAN,BKK,HAN,Vietnam,Hanoi,2026-09-18,5298,THB
2026-09-17,BKK-HAN,BKK,HAN,Vietnam,Hanoi,2026-09-19,4561,THB
2026-09-17,BKK-HAN,BKK,HAN,Vietnam,Hanoi,2026-09-20,5039,THB
2026-09-17,BKK-HAN,BKK,HAN,Vietnam,Hanoi,2026-09-22,5152,THB
2026-09-17,BKK-HAN,BKK,HAN,Vietnam,Hanoi,2026-09-24,5151,THB
2026-09-17,BKK-HAN,BKK,HAN,Vietnam,Hanoi,2026-09-27,5309,THB
2026-09-17,BKK-HAN,BKK,HAN,Vietnam,Hanoi,2026-09-28,4743,THB
2026-09-17,BKK-HAN,BKK,HAN,Vietnam,Hanoi,2026-10-01,5272,THB
2026-09-17,BKK-HAN,BKK,HAN,Vietnam,Hanoi,2026-10-05,5259,THB
2026-09-17,BKK-HAN,BKK,HAN,Vietnam,Hanoi,2026-10-06,5259,THB
2026-09-17,BKK-HAN,BKK,HAN,Vietnam,Hanoi,2026-10-09,4672,THB
2026-09-17,BKK-HAN,BKK,HAN,Vietnam,Hanoi,2026-10-12,5364,THB
2026-09-17,BKK-HAN,BKK,HAN,Vietnam,Hanoi,2026-10-13,5634,THB
2026-09-17,BKK-HAN,BKK,HAN,Vietnam,Hanoi,2026-10-15,4927,THB
2026-09-17,BKK-HAN,BKK,HAN,Vietnam,Hanoi,2026-10-16,4960,THB
2026-09-17,BKK-HAN,BKK,HAN,Vietnam,Hanoi,2026-10-17,5224,THB
2026-09-17,BKK-HAN,BKK,HAN,Vietnam,Hanoi,2026-10-19,5190,THB
2026-09-17,BKK-HAN,BKK,HAN,Vietnam,Hanoi,2026-10-22,5435,THB
2026-09-17,BKK-HAN,BKK,HAN,Vietnam,Hanoi,2026-10-23,5451,THB
2026-09-17,BKK-HAN,BKK,HAN,Vietnam,Hanoi,2026-10-31,5226,THB
2026-09-17,BKK-HAN,BKK,HAN,Vietnam,Hanoi,2026-11-01,5226,THB
2026-09-17,BKK-HAN,BKK,HAN,Vietnam,Hanoi,2026-11-02,5294,THB
2026-09-17,BKK-HAN,BKK,HAN,Vietnam,Hanoi,2026-11-03,5294,THB
2026-09-17,BKK-HAN,BKK,HAN,Vietnam,Hanoi,2026-11-04,5318,THB
2026-09-17,BKK-HAN,BKK,HAN,Vietnam,Hanoi,2026-11-05,5282,THB
2026-09-17,BKK-HAN,BKK,HAN,Vietnam,Hanoi,2026-11-06,5294,THB
2026-09-17,BKK-HAN,BKK,HAN,Vietnam,Hanoi,2026-11-07,5294,THB
2026-09-17,BKK-HAN,BKK,HAN,Vietnam,Hanoi,2026-11-12,5249,THB
2026-09-17,BKK-HAN,BKK,HAN,Vietnam,Hanoi,2026-11-13,4685,THB
2026-09-17,BKK-HAN,BKK,HAN,Vietnam,Hanoi,2026-11-14,4832,THB
2026-09-17,BKK-HAN,BKK,HAN,Vietnam,Hanoi,2026-11-15,5149,THB
2026-09-17,BKK-HAN,BKK,HAN,Vietnam,Hanoi,2026-11-16,5242,THB
2026-09-17,BKK-HAN,BKK,HAN,Vietnam,Hanoi,2026-11-17,5517,THB
2026-09-17,BKK-HAN,BKK,HAN,Vietnam,Hanoi,2026-11-20,5403,THB
2026-09-17,BKK-HAN,BKK,HAN,Vietnam,Hanoi,2026-11-24,5245,THB
2026-09-17,BKK-HAN,BKK,HAN,Vietnam,Hanoi,2026-11-27,5851,THB
2026-09-17,BKK-HAN,BKK,HAN,Vietnam,Hanoi,2026-11-30,5532,THB
2026-09-17,BKK-HAN,BKK,HAN,Vietnam,Hanoi,2026-12-08,5537,THB
2026-09-17,BKK-HAN,BKK,HAN,Vietnam,Hanoi,2026-12-10,5684,THB
2026-09-17,BKK-HAN,BKK,HAN,Vietnam,Hanoi,2026-12-16,5411,THB
2026-09-17,BKK-HAN,BKK,HAN,Vietnam,Hanoi,2026-12-18,5561,THB
2026-09-17,BKK-HAN,BKK,HAN,Vietnam,Hanoi,2026-12-19,5399,THB
2026-09-17,BKK-HAN,BKK,HAN,Vietnam,Hanoi,2026-12-25,5460,THB
2026-09-17,BKK-HAN,BKK,HAN,Vietnam,Hanoi,2026-12-26,6033,THB
2026-09-17,BKK-HAN,BKK,HAN,Vietnam,Hanoi,2026-12-27,5580,THB
2026-09-17,BKK-HAN,BKK,HAN,Vietnam,Hanoi,2026-12-28,5870,THB
2026-09-17,BKK-HAN,BKK,HAN,Vietnam,Hanoi,2027-01-02,6097,THB
2026-09-17,BKK-HAN,BKK,HAN,Vietnam,Hanoi,2027-01-08,5470,THB
2026-09-17,BKK-HAN,BKK,HAN,Vietnam,Hanoi,2027-01-09,5272,THB
2026-09-17,BKK-HAN,BKK,HAN,Vietnam,Hanoi,2027-01-10,5291,THB
2026-09-17,BKK-HAN,BKK,HAN,Vietnam,Hanoi,2027-01-12,5288,THB
2026-09-17,BKK-HAN,BKK,HAN,Vietnam,Hanoi,2027-01-21,5503,THB
2026-09-17,BKK-HAN,BKK,HAN,Vietnam,Hanoi,2027-01-28,6635,THB
2026-09-17,BKK-HAN,BKK,HAN,Vietnam,Hanoi,2027-01-29,5504,THB
2026-09-17,BKK-HAN,BKK,HAN,Vietnam,Hanoi,2027-03-01,5571,THB
2026-09-17,BKK-HAN,BKK,HAN,Vietnam,Hanoi,2027-03-02,5571,THB
2026-09-17,BKK-HAN,BKK,HAN,Vietnam,Hanoi,2027-03-03,5571,THB
2026-09-17,BKK-HAN,BKK,HAN,Vietnam,Hanoi,2027-03-04,5571,THB
2026-09-17,BKK-HAN,BKK,HAN,Vietnam,Hanoi,2027-03-05,5714,THB
2026-09-17,BKK-HAN,BKK,HAN,Vietnam,Hanoi,2027-03-06,5714,THB
2026-09-17,BKK-HAN,BKK,HAN,Vietnam,Hanoi,2027-03-07,5714,THB
2026-09-17,BKK-HAN,BKK,HAN,Vietnam,Hanoi,2027-06-14,7235,THB
2026-09-17,BKK-HAN,BKK,HAN,Vietnam,Hanoi,2027-06-23,6369,THB
2026-09-17,BKK-DAD,BKK,DAD,Vietnam,Da Nang,2026-09-17,4419,THB
2026-09-17,BKK-DAD,BKK,DAD,Vietnam,Da Nang,2026-09-18,4395,THB
2026-09-17,BKK-DAD,BKK,DAD,Vietnam,Da Nang,2026-09-19,4375,THB
2026-09-17,BKK-DAD,BKK,DAD,Vietnam,Da Nang,2026-09-20,4323,THB
2026-09-17,BKK-DAD,BKK,DAD,Vietnam,Da Nang,2026-09-21,4860,THB
2026-09-17,BKK-DAD,BKK,DAD,Vietnam,Da Nang,2026-09-22,4316,THB
2026-09-17,BKK-DAD,BKK,DAD,Vietnam,Da Nang,2026-09-23,4453,THB
2026-09-17,BKK-DAD,BKK,DAD,Vietnam,Da Nang,2026-09-24,4301,THB
2026-09-17,BKK-DAD,BKK,DAD,Vietnam,Da Nang,2026-09-25,4301,THB
2026-09-17,BKK-DAD,BKK,DAD,Vietnam,Da Nang,2026-09-26,4406,THB
2026-09-17,BKK-DAD,BKK,DAD,Vietnam,Da Nang,2026-09-27,4301,THB
2026-09-17,BKK-DAD,BKK,DAD,Vietnam,Da Nang,2026-09-28,4771,THB
2026-09-17,BKK-DAD,BKK,DAD,Vietnam,Da Nang,2026-09-29,4298,THB
2026-09-17,BKK-DAD,BKK,DAD,Vietnam,Da Nang,2026-09-30,4194,THB
2026-09-17,BKK-DAD,BKK,DAD,Vietnam,Da Nang,2026-10-01,4921,THB
2026-09-17,BKK-DAD,BKK,DAD,Vietnam,Da Nang,2026-10-02,4998,THB
2026-09-17,BKK-DAD,BKK,DAD,Vietnam,Da Nang,2026-10-03,5431,THB
2026-09-17,BKK-DAD,BKK,DAD,Vietnam,Da Nang,2026-10-05,4890,THB
2026-09-17,BKK-DAD,BKK,DAD,Vietnam,Da Nang,2026-10-06,5456,THB
2026-09-17,BKK-DAD,BKK,DAD,Vietnam,Da Nang,2026-10-07,5547,THB
2026-09-17,BKK-DAD,BKK,DAD,Vietnam,Da Nang,2026-10-08,5424,THB
2026-09-17,BKK-DAD,BKK,DAD,Vietnam,Da Nang,2026-10-09,5293,THB
2026-09-17,BKK-DAD,BKK,DAD,Vietnam,Da Nang,2026-10-11,5845,THB
2026-09-17,BKK-DAD,BKK,DAD,Vietnam,Da Nang,2026-10-12,5044,THB
2026-09-17,BKK-DAD,BKK,DAD,Vietnam,Da Nang,2026-10-13,4651,THB
2026-09-17,BKK-DAD,BKK,DAD,Vietnam,Da Nang,2026-10-14,5547,THB
2026-09-17,BKK-DAD,BKK,DAD,Vietnam,Da Nang,2026-10-15,5678,THB
2026-09-17,BKK-DAD,BKK,DAD,Vietnam,Da Nang,2026-10-16,4911,THB
2026-09-17,BKK-DAD,BKK,DAD,Vietnam,Da Nang,2026-10-17,4918,THB
2026-09-17,BKK-DAD,BKK,DAD,Vietnam,Da Nang,2026-10-19,4753,THB
2026-09-17,BKK-DAD,BKK,DAD,Vietnam,Da Nang,2026-10-20,4608,THB
2026-09-17,BKK-DAD,BKK,DAD,Vietnam,Da Nang,2026-10-21,4906,THB
2026-09-17,BKK-DAD,BKK,DAD,Vietnam,Da Nang,2026-10-25,4565,THB
2026-09-17,BKK-DAD,BKK,DAD,Vietnam,Da Nang,2026-10-26,4999,THB
2026-09-17,BKK-DAD,BKK,DAD,Vietnam,Da Nang,2026-10-27,4604,THB
2026-09-17,BKK-DAD,BKK,DAD,Vietnam,Da Nang,2026-10-29,4810,THB
2026-09-17,BKK-DAD,BKK,DAD,Vietnam,Da Nang,2026-10-30,4706,THB
2026-09-17,BKK-DAD,BKK,DAD,Vietnam,Da Nang,2026-10-31,4547,THB
2026-09-17,BKK-DAD,BKK,DAD,Vietnam,Da Nang,2026-11-01,4903,THB
2026-09-17,BKK-DAD,BKK,DAD,Vietnam,Da Nang,2026-11-02,4602,THB
2026-09-17,BKK-DAD,BKK,DAD,Vietnam,Da Nang,2026-11-03,4618,THB
2026-09-17,BKK-DAD,BKK,DAD,Vietnam,Da Nang,2026-11-04,4602,THB
2026-09-17,BKK-DAD,BKK,DAD,Vietnam,Da Nang,2026-11-05,4618,THB
2026-09-17,BKK-DAD,BKK,DAD,Vietnam,Da Nang,2026-11-06,4810,THB
2026-09-17,BKK-DAD,BKK,DAD,Vietnam,Da Nang,2026-11-09,4911,THB
2026-09-17,BKK-DAD,BKK,DAD,Vietnam,Da Nang,2026-11-11,4717,THB
2026-09-17,BKK-DAD,BKK,DAD,Vietnam,Da Nang,2026-11-12,5021,THB
2026-09-17,BKK-DAD,BKK,DAD,Vietnam,Da Nang,2026-11-14,5888,THB
2026-09-17,BKK-DAD,BKK,DAD,Vietnam,Da Nang,2026-11-16,5447,THB
2026-09-17,BKK-DAD,BKK,DAD,Vietnam,Da Nang,2026-11-18,4940,THB
2026-09-17,BKK-DAD,BKK,DAD,Vietnam,Da Nang,2026-11-19,5137,THB
2026-09-17,BKK-DAD,BKK,DAD,Vietnam,Da Nang,2026-11-20,4924,THB
2026-09-17,BKK-DAD,BKK,DAD,Vietnam,Da Nang,2026-11-21,4296,THB
2026-09-17,BKK-DAD,BKK,DAD,Vietnam,Da Nang,2026-11-22,5384,THB
2026-09-17,BKK-DAD,BKK,DAD,Vietnam,Da Nang,2026-11-23,5478,THB
2026-09-17,BKK-DAD,BKK,DAD,Vietnam,Da Nang,2026-11-26,5548,THB
2026-09-17,BKK-DAD,BKK,DAD,Vietnam,Da Nang,2026-11-27,4924,THB
2026-09-17,BKK-DAD,BKK,DAD,Vietnam,Da Nang,2026-11-29,4888,THB
2026-09-17,BKK-DAD,BKK,DAD,Vietnam,Da Nang,2026-11-30,6284,THB
2026-09-17,BKK-DAD,BKK,DAD,Vietnam,Da Nang,2026-12-01,4906,THB
2026-09-17,BKK-DAD,BKK,DAD,Vietnam,Da Nang,2026-12-02,4612,THB
2026-09-17,BKK-DAD,BKK,DAD,Vietnam,Da Nang,2026-12-03,5461,THB
2026-09-17,BKK-DAD,BKK,DAD,Vietnam,Da Nang,2026-12-04,6931,THB
2026-09-17,BKK-DAD,BKK,DAD,Vietnam,Da Nang,2026-12-05,6515,THB
2026-09-17,BKK-DAD,BKK,DAD,Vietnam,Da Nang,2026-12-06,6770,THB
2026-09-17,BKK-DAD,BKK,DAD,Vietnam,Da Nang,2026-12-07,5793,THB
2026-09-17,BKK-DAD,BKK,DAD,Vietnam,Da Nang,2026-12-08,5634,THB
2026-09-17,BKK-DAD,BKK,DAD,Vietnam,Da Nang,2026-12-09,6476,THB
2026-09-17,BKK-DAD,BKK,DAD,Vietnam,Da Nang,2026-12-10,6008,THB
2026-09-17,BKK-DAD,BKK,DAD,Vietnam,Da Nang,2026-12-11,6832,THB
2026-09-17,BKK-DAD,BKK,DAD,Vietnam,Da Nang,2026-12-12,6626,THB
2026-09-17,BKK-DAD,BKK,DAD,Vietnam,Da Nang,2026-12-13,5860,THB
2026-09-17,BKK-DAD,BKK,DAD,Vietnam,Da Nang,2026-12-14,5896,THB
2026-09-17,BKK-DAD,BKK,DAD,Vietnam,Da Nang,2026-12-15,6122,THB
2026-09-17,BKK-DAD,BKK,DAD,Vietnam,Da Nang,2026-12-16,5362,THB
2026-09-17,BKK-DAD,BKK,DAD,Vietnam,Da Nang,2026-12-17,5158,THB
2026-09-17,BKK-DAD,BKK,DAD,Vietnam,Da Nang,2026-12-18,5289,THB
2026-09-17,BKK-DAD,BKK,DAD,Vietnam,Da Nang,2026-12-19,7045,THB
2026-09-17,BKK-DAD,BKK,DAD,Vietnam,Da Nang,2026-12-20,5031,THB
2026-09-17,BKK-DAD,BKK,DAD,Vietnam,Da Nang,2026-12-21,6217,THB
2026-09-17,BKK-DAD,BKK,DAD,Vietnam,Da Nang,2026-12-22,5956,THB
2026-09-17,BKK-DAD,BKK,DAD,Vietnam,Da Nang,2026-12-23,7043,THB
2026-09-17,BKK-DAD,BKK,DAD,Vietnam,Da Nang,2026-12-25,6671,THB
2026-09-17,BKK-DAD,BKK,DAD,Vietnam,Da Nang,2026-12-27,7118,THB
2026-09-17,BKK-DAD,BKK,DAD,Vietnam,Da Nang,2026-12-28,6007,THB
2026-09-17,BKK-DAD,BKK,DAD,Vietnam,Da Nang,2026-12-29,6615,THB
2026-09-17,BKK-DAD,BKK,DAD,Vietnam,Da Nang,2026-12-30,7078,THB
2026-09-17,BKK-DAD,BKK,DAD,Vietnam,Da Nang,2026-12-31,5885,THB
2026-09-17,BKK-DAD,BKK,DAD,Vietnam,Da Nang,2027-01-01,6619,THB
2026-09-17,BKK-DAD,BKK,DAD,Vietnam,Da Nang,2027-01-02,6443,THB
2026-09-17,BKK-DAD,BKK,DAD,Vietnam,Da Nang,2027-01-03,5839,THB
2026-09-17,BKK-DAD,BKK,DAD,Vietnam,Da Nang,2027-01-04,4899,THB
2026-09-17,BKK-DAD,BKK,DAD,Vietnam,Da Nang,2027-01-05,5165,THB
2026-09-17,BKK-DAD,BKK,DAD,Vietnam,Da Nang,2027-01-06,4627,THB
2026-09-17,BKK-DAD,BKK,DAD,Vietnam,Da Nang,2027-01-07,4931,THB
2026-09-17,BKK-DAD,BKK,DAD,Vietnam,Da Nang,2027-01-08,4880,THB
2026-09-17,BKK-DAD,BKK,DAD,Vietnam,Da Nang,2027-01-11,4936,THB
2026-09-17,BKK-DAD,BKK,DAD,Vietnam,Da Nang,2027-01-12,5336,THB
2026-09-17,BKK-DAD,BKK,DAD,Vietnam,Da Nang,2027-01-13,5527,THB
2026-09-17,BKK-DAD,BKK,DAD,Vietnam,Da Nang,2027-01-14,5423,THB
2026-09-17,BKK-DAD,BKK,DAD,Vietnam,Da Nang,2027-01-15,5670,THB
2026-09-17,BKK-DAD,BKK,DAD,Vietnam,Da Nang,2027-01-16,5436,THB
2026-09-17,BKK-DAD,BKK,DAD,Vietnam,Da Nang,2027-01-17,5183,THB
2026-09-17,BKK-DAD,BKK,DAD,Vietnam,Da Nang,2027-01-18,4616,THB
2026-09-17,BKK-DAD,BKK,DAD,Vietnam,Da Nang,2027-01-19,5665,THB
2026-09-17,BKK-DAD,BKK,DAD,Vietnam,Da Nang,2027-01-20,5149,THB
2026-09-17,BKK-DAD,BKK,DAD,Vietnam,Da Nang,2027-01-21,4946,THB
2026-09-17,BKK-DAD,BKK,DAD,Vietnam,Da Nang,2027-01-22,5639,THB
2026-09-17,BKK-DAD,BKK,DAD,Vietnam,Da Nang,2027-01-27,5293,THB
2026-09-17,BKK-DAD,BKK,DAD,Vietnam,Da Nang,2027-01-28,4734,THB
2026-09-17,BKK-DAD,BKK,DAD,Vietnam,Da Nang,2027-01-29,5307,THB
2026-09-17,BKK-DAD,BKK,DAD,Vietnam,Da Nang,2027-01-30,5768,THB
2026-09-17,BKK-DAD,BKK,DAD,Vietnam,Da Nang,2027-01-31,5031,THB
2026-09-17,BKK-DAD,BKK,DAD,Vietnam,Da Nang,2027-02-01,4365,THB
2026-09-17,BKK-DAD,BKK,DAD,Vietnam,Da Nang,2027-02-02,4606,THB
2026-09-17,BKK-DAD,BKK,DAD,Vietnam,Da Nang,2027-02-03,4312,THB
2026-09-17,BKK-DAD,BKK,DAD,Vietnam,Da Nang,2027-02-04,4645,THB
2026-09-17,BKK-DAD,BKK,DAD,Vietnam,Da Nang,2027-02-07,4997,THB
2026-09-17,BKK-DAD,BKK,DAD,Vietnam,Da Nang,2027-02-08,4911,THB
2026-09-17,BKK-DAD,BKK,DAD,Vietnam,Da Nang,2027-02-09,6010,THB
2026-09-17,BKK-DAD,BKK,DAD,Vietnam,Da Nang,2027-02-10,5383,THB
2026-09-17,BKK-DAD,BKK,DAD,Vietnam,Da Nang,2027-02-11,5919,THB
2026-09-17,BKK-DAD,BKK,DAD,Vietnam,Da Nang,2027-02-12,6480,THB
2026-09-17,BKK-DAD,BKK,DAD,Vietnam,Da Nang,2027-02-13,5939,THB
2026-09-17,BKK-DAD,BKK,DAD,Vietnam,Da Nang,2027-02-14,5804,THB
2026-09-17,BKK-DAD,BKK,DAD,Vietnam,Da Nang,2027-02-15,5375,THB
2026-09-17,BKK-DAD,BKK,DAD,Vietnam,Da Nang,2027-02-16,4926,THB
2026-09-17,BKK-DAD,BKK,DAD,Vietnam,Da Nang,2027-02-17,5037,THB
2026-09-17,BKK-DAD,BKK,DAD,Vietnam,Da Nang,2027-02-18,4958,THB
2026-09-17,BKK-DAD,BKK,DAD,Vietnam,Da Nang,2027-02-19,6201,THB
2026-09-17,BKK-DAD,BKK,DAD,Vietnam,Da Nang,2027-02-22,4610,THB
2026-09-17,BKK-DAD,BKK,DAD,Vietnam,Da Nang,2027-02-23,4314,THB
2026-09-17,BKK-DAD,BKK,DAD,Vietnam,Da Nang,2027-02-24,5048,THB
2026-09-17,BKK-DAD,BKK,DAD,Vietnam,Da Nang,2027-02-25,5298,THB
2026-09-17,BKK-DAD,BKK,DAD,Vietnam,Da Nang,2027-02-26,5712,THB
2026-09-17,BKK-DAD,BKK,DAD,Vietnam,Da Nang,2027-02-28,4607,THB
2026-09-17,BKK-DAD,BKK,DAD,Vietnam,Da Nang,2027-03-01,5562,THB
2026-09-17,BKK-DAD,BKK,DAD,Vietnam,Da Nang,2027-03-02,4314,THB
2026-09-17,BKK-DAD,BKK,DAD,Vietnam,Da Nang,2027-03-03,4330,THB
2026-09-17,BKK-DAD,BKK,DAD,Vietnam,Da Nang,2027-03-04,5696,THB
2026-09-17,BKK-DAD,BKK,DAD,Vietnam,Da Nang,2027-03-05,5020,THB
2026-09-17,BKK-DAD,BKK,DAD,Vietnam,Da Nang,2027-03-06,4726,THB
2026-09-17,BKK-DAD,BKK,DAD,Vietnam,Da Nang,2027-03-07,4338,THB
2026-09-17,BKK-DAD,BKK,DAD,Vietnam,Da Nang,2027-03-10,4626,THB
2026-09-17,BKK-DAD,BKK,DAD,Vietnam,Da Nang,2027-03-13,5284,THB
2026-09-17,BKK-DAD,BKK,DAD,Vietnam,Da Nang,2027-03-15,5032,THB
2026-09-17,BKK-DAD,BKK,DAD,Vietnam,Da Nang,2027-03-19,5305,THB
2026-09-17,BKK-DAD,BKK,DAD,Vietnam,Da Nang,2027-03-22,4915,THB
2026-09-17,BKK-DAD,BKK,DAD,Vietnam,Da Nang,2027-03-23,5961,THB
2026-09-17,BKK-DAD,BKK,DAD,Vietnam,Da Nang,2027-03-25,5098,THB
2026-09-17,BKK-DAD,BKK,DAD,Vietnam,Da Nang,2027-03-28,5074,THB
2026-09-17,BKK-DAD,BKK,DAD,Vietnam,Da Nang,2027-03-29,4988,THB
2026-09-17,BKK-DAD,BKK,DAD,Vietnam,Da Nang,2027-03-30,5006,THB
2026-09-17,BKK-DAD,BKK,DAD,Vietnam,Da Nang,2027-04-12,6739,THB
2026-09-17,BKK-DAD,BKK,DAD,Vietnam,Da Nang,2027-04-24,6080,THB
2026-09-17,BKK-DAD,BKK,DAD,Vietnam,Da Nang,2027-06-09,4901,THB
2026-09-17,BKK-DAD,BKK,DAD,Vietnam,Da Nang,2027-07-24,5628,THB
2026-09-17,BKK-DAD,BKK,DAD,Vietnam,Da Nang,2027-07-31,5140,THB
